ride_id,driver_id,pickup_location_id,dropoff_location_id,pickup_datetime,trip_duration_minutes,fare_amount
16507,473,8,260,2025-12-01 00:04:00,14,22.37
13186,330,177,116,2025-12-01 00:11:00,7,14.04
2476,28,68,156,2025-12-01 00:17:00,47,71.86
6459,190,60,231,2025-12-01 00:21:00,12,20.01
8467,302,96,5,2025-12-01 00:22:00,48,75.35
1786,167,60,51,2025-12-01 00:34:00,34,55.24
16043,409,104,237,2025-12-01 00:45:00,5,9.82
7309,83,213,134,2025-12-01 00:47:00,39,61.18
4817,316,73,208,2025-12-01 00:59:00,34,53.34
19844,306,163,53,2025-12-01 00:59:00,10,19.84
12934,384,247,227,2025-12-01 01:17:00,26,40.79
15661,152,200,259,2025-12-01 01:34:00,47,74.77
11676,29,143,212,2025-12-01 01:40:00,22,35.34
15385,354,25,253,2025-12-01 01:48:00,17,33.12
19145,158,235,98,2025-12-01 01:49:00,52,81.74
12488,323,39,217,2025-12-01 01:57:00,17,27.3
4502,295,244,217,2025-12-01 02:01:00,10,16.14
13812,400,34,142,2025-12-01 02:20:00,39,58.78
10643,60,168,136,2025-12-01 02:33:00,5,9.84
9067,198,237,220,2025-12-01 02:37:00,60,95.88
2109,72,47,240,2025-12-01 02:38:00,32,53.6
10932,101,226,176,2025-12-01 02:39:00,30,50.52
17775,98,50,230,2025-12-01 02:40:00,14,25.48
14691,354,163,167,2025-12-01 02:40:00,30,47.98
14166,394,85,80,2025-12-01 02:45:00,20,30.86
933,374,173,7,2025-12-01 02:51:00,56,85.62
12871,151,245,251,2025-12-01 02:53:00,56,89.63
6150,388,4,37,2025-12-01 03:06:00,15,28.14
7804,23,18,80,2025-12-01 03:09:00,49,77.69
8403,16,108,31,2025-12-01 03:15:00,19,29.17
15433,18,61,91,2025-12-01 03:20:00,44,69.44
6757,346,243,110,2025-12-01 03:23:00,15,26.09
1839,378,136,89,2025-12-01 03:27:00,7,13.81
1862,135,121,183,2025-12-01 03:30:00,6,12.0
15812,336,140,136,2025-12-01 03:35:00,50,77.91
8556,373,83,121,2025-12-01 03:38:00,57,89.12
4021,54,183,24,2025-12-01 03:41:00,5,7.19
19668,220,91,35,2025-12-01 03:42:00,9,20.13
9625,20,86,12,2025-12-01 03:52:00,31,50.14
9371,434,203,86,2025-12-01 03:54:00,8,19.02
18368,445,122,47,2025-12-01 03:54:00,47,71.39
2419,19,130,28,2025-12-01 04:15:00,22,38.16
7709,483,56,139,2025-12-01 04:26:00,9,18.14
12778,416,187,28,2025-12-01 04:26:00,39,61.79
12760,47,109,230,2025-12-01 04:36:00,21,34.66
5188,221,98,26,2025-12-01 04:41:00,53,81.35
10641,11,168,87,2025-12-01 04:43:00,5,9.66
7963,413,160,248,2025-12-01 05:03:00,11,19.77
11686,364,166,196,2025-12-01 05:06:00,43,71.59
13846,173,110,103,2025-12-01 05:09:00,41,61.5
3821,251,144,219,2025-12-01 05:10:00,13,21.59
11870,3,196,249,2025-12-01 05:10:00,9,13.57
6809,433,170,38,2025-12-01 05:20:00,27,42.92
2754,37,215,105,2025-12-01 05:25:00,26,43.98
17763,79,51,90,2025-12-01 05:27:00,60,94.47
17244,277,83,15,2025-12-01 05:41:00,52,82.36
4154,36,95,110,2025-12-01 05:43:00,47,72.81
3479,65,250,140,2025-12-01 05:53:00,44,69.47
789,232,54,25,2025-12-01 05:58:00,16,26.05
8136,323,207,179,2025-12-01 06:19:00,17,23.7
15497,317,141,227,2025-12-01 06:20:00,39,60.12
3698,3,57,236,2025-12-01 06:27:00,48,77.31
18310,470,150,200,2025-12-01 06:38:00,30,46.7
8283,179,259,243,2025-12-01 06:40:00,43,68.0
8193,75,11,110,2025-12-01 06:42:00,38,60.91
18480,335,42,117,2025-12-01 06:44:00,35,52.43
3762,413,27,192,2025-12-01 06:45:00,14,25.05
12547,489,221,30,2025-12-01 06:51:00,38,57.33
12620,139,124,219,2025-12-01 07:03:00,29,47.23
4433,139,102,63,2025-12-01 07:48:00,30,46.18
8917,76,81,194,2025-12-01 08:06:00,42,66.28
18703,207,52,98,2025-12-01 08:08:00,60,94.88
15561,87,79,74,2025-12-01 08:16:00,45,73.11
12293,210,229,32,2025-12-01 08:23:00,52,79.89
12120,482,12,225,2025-12-01 08:27:00,39,58.33
3952,81,33,94,2025-12-01 08:27:00,55,85.0
8421,50,264,28,2025-12-01 08:30:00,34,55.43
3988,390,229,225,2025-12-01 08:40:00,50,74.74
5325,496,224,141,2025-12-01 08:54:00,17,32.84
1763,398,261,75,2025-12-01 09:04:00,21,30.82
8488,229,96,259,2025-12-01 09:08:00,40,65.11
740,47,56,50,2025-12-01 09:18:00,15,24.93
14958,361,25,106,2025-12-01 09:23:00,44,67.33
19894,279,239,246,2025-12-01 09:35:00,26,42.48
8090,487,208,226,2025-12-01 09:43:00,54,82.95
14378,10,125,184,2025-12-01 09:46:00,27,41.17
10705,150,241,197,2025-12-01 09:52:00,54,82.31
17836,381,155,150,2025-12-01 09:55:00,43,66.26
5914,345,244,165,2025-12-01 10:00:00,47,72.05
8996,476,60,172,2025-12-01 10:13:00,40,62.4
11952,197,263,165,2025-12-01 10:13:00,45,69.07
4266,200,56,136,2025-12-01 10:15:00,9,16.19
8462,376,73,224,2025-12-01 10:19:00,60,97.1
11075,223,6,156,2025-12-01 10:25:00,15,23.61
3311,233,89,222,2025-12-01 10:28:00,21,36.14
3665,437,98,225,2025-12-01 10:31:00,50,77.02
9026,481,87,114,2025-12-01 10:35:00,55,84.53
14981,148,184,184,2025-12-01 10:43:00,25,42.72
4738,413,49,94,2025-12-01 10:43:00,56,87.19
9650,318,92,77,2025-12-01 10:51:00,16,27.01
12135,359,207,152,2025-12-01 11:07:00,38,60.35
6903,411,264,186,2025-12-01 11:17:00,13,24.68
13565,345,174,142,2025-12-01 11:19:00,12,22.13
7143,77,105,43,2025-12-01 11:26:00,45,69.59
7700,250,252,146,2025-12-01 11:40:00,9,19.43
17336,118,42,57,2025-12-01 11:50:00,10,18.11
1968,7,36,171,2025-12-01 12:00:00,19,32.61
11758,82,126,79,2025-12-01 12:04:00,16,27.25
15225,310,66,247,2025-12-01 12:10:00,18,28.84
17959,401,102,237,2025-12-01 12:11:00,39,59.43
14034,436,208,101,2025-12-01 12:22:00,51,80.76
5856,183,49,252,2025-12-01 12:22:00,32,50.91
6934,105,35,237,2025-12-01 12:25:00,44,67.7
13016,168,235,97,2025-12-01 12:28:00,34,51.39
1080,133,151,100,2025-12-01 12:29:00,13,19.26
8147,54,114,66,2025-12-01 12:43:00,59,95.64
5355,389,225,156,2025-12-01 13:04:00,35,54.43
10983,384,7,106,2025-12-01 13:09:00,54,84.76
3697,154,198,210,2025-12-01 13:10:00,37,58.63
18589,397,105,182,2025-12-01 13:13:00,32,50.01
5474,338,191,122,2025-12-01 13:13:00,7,12.84
7628,80,153,111,2025-12-01 13:37:00,59,90.58
14850,283,132,226,2025-12-01 13:38:00,22,36.18
5473,297,57,157,2025-12-01 13:38:00,47,72.76
19531,473,63,162,2025-12-01 13:47:00,44,73.08
11123,476,63,120,2025-12-01 13:51:00,25,40.23
10500,341,10,90,2025-12-01 13:56:00,59,91.12
15576,176,153,156,2025-12-01 13:59:00,35,56.48
11104,318,8,68,2025-12-01 14:06:00,60,92.93
10886,60,231,23,2025-12-01 14:11:00,23,41.18
16379,120,251,160,2025-12-01 14:21:00,58,89.96
11060,250,190,251,2025-12-01 14:29:00,46,72.69
4919,424,127,6,2025-12-01 14:31:00,40,58.24
18352,240,67,247,2025-12-01 14:35:00,16,23.68
5479,205,196,250,2025-12-01 14:40:00,52,80.64
4072,11,70,265,2025-12-01 14:41:00,20,30.92
13064,325,63,197,2025-12-01 14:49:00,44,68.58
9105,160,36,60,2025-12-01 14:51:00,31,48.66
9995,482,228,203,2025-12-01 14:52:00,10,18.1
15409,96,67,195,2025-12-01 15:06:00,14,24.68
6864,390,68,142,2025-12-01 15:15:00,33,53.92
9913,274,50,167,2025-12-01 15:16:00,12,18.7
2594,24,214,190,2025-12-01 15:22:00,31,50.71
13498,18,122,124,2025-12-01 15:51:00,39,62.82
13984,17,197,53,2025-12-01 15:52:00,14,23.95
19489,97,216,127,2025-12-01 16:04:00,51,81.81
1774,495,93,35,2025-12-01 16:09:00,21,32.16
8295,368,218,25,2025-12-01 16:13:00,15,23.78
4426,367,89,207,2025-12-01 16:15:00,24,41.11
17079,469,202,119,2025-12-01 16:17:00,31,52.77
920,207,206,172,2025-12-01 16:23:00,23,39.07
16758,277,209,205,2025-12-01 16:25:00,10,20.49
7832,454,103,148,2025-12-01 16:26:00,27,43.67
10937,141,246,253,2025-12-01 16:35:00,60,90.09
3578,233,122,222,2025-12-01 16:41:00,25,45.65
17313,25,152,214,2025-12-01 16:47:00,53,83.21
6310,429,168,29,2025-12-01 16:48:00,47,72.5
10596,258,232,175,2025-12-01 16:50:00,47,76.01
17811,96,236,57,2025-12-01 17:01:00,55,83.77
9590,109,18,166,2025-12-01 17:07:00,31,47.52
11212,392,144,223,2025-12-01 17:15:00,38,56.99
13253,457,261,171,2025-12-01 17:24:00,33,52.8
9369,499,30,97,2025-12-01 17:31:00,48,71.46
5346,378,43,40,2025-12-01 17:45:00,6,13.75
9185,62,75,166,2025-12-01 17:57:00,11,18.04
982,308,100,117,2025-12-01 17:59:00,57,88.7
5576,300,102,231,2025-12-01 18:00:00,38,59.67
4140,331,121,70,2025-12-01 18:09:00,41,66.02
3714,194,58,38,2025-12-01 18:21:00,28,47.04
14271,266,133,117,2025-12-01 18:22:00,59,89.68
7043,106,233,46,2025-12-01 18:26:00,16,26.32
12531,298,193,223,2025-12-01 18:35:00,20,31.39
3781,500,105,183,2025-12-01 19:16:00,10,19.05
17650,210,40,145,2025-12-01 19:19:00,27,43.25
3051,296,182,9,2025-12-01 19:30:00,43,65.18
15,362,24,95,2025-12-01 19:35:00,24,37.62
15374,107,42,265,2025-12-01 19:35:00,17,27.48
19981,366,38,119,2025-12-01 19:43:00,25,36.77
15060,9,127,13,2025-12-01 19:43:00,10,17.99
4086,376,191,163,2025-12-01 19:48:00,19,32.97
4552,376,89,167,2025-12-01 19:50:00,51,78.99
15824,395,147,99,2025-12-01 19:51:00,58,92.7
9361,302,120,39,2025-12-01 20:04:00,53,82.64
18937,315,232,127,2025-12-01 20:15:00,5,8.19
18792,58,21,69,2025-12-01 20:22:00,5,7.83
15020,493,66,86,2025-12-01 20:30:00,17,27.22
18923,232,188,60,2025-12-01 20:31:00,44,70.19
6464,132,114,74,2025-12-01 20:36:00,9,16.46
4403,72,35,20,2025-12-01 20:40:00,48,74.1
12514,78,114,89,2025-12-01 20:40:00,53,78.73
17447,463,122,9,2025-12-01 20:49:00,37,55.92
12503,123,47,128,2025-12-01 21:08:00,7,13.1
15663,199,4,82,2025-12-01 21:25:00,5,7.53
17085,460,239,116,2025-12-01 21:25:00,34,55.14
8337,416,138,9,2025-12-01 21:29:00,11,22.15
69,229,120,113,2025-12-01 21:41:00,23,35.17
1517,25,68,98,2025-12-01 21:44:00,36,56.08
15525,151,209,61,2025-12-01 21:56:00,29,48.35
9868,370,70,227,2025-12-01 22:01:00,29,48.77
5614,200,158,208,2025-12-01 22:02:00,59,90.62
5745,101,75,253,2025-12-01 22:02:00,52,78.91
16596,221,233,120,2025-12-01 22:16:00,17,28.75
11158,93,84,40,2025-12-01 22:22:00,34,58.32
11744,289,251,46,2025-12-01 22:37:00,8,16.2
16077,162,251,233,2025-12-01 22:38:00,41,64.87
6627,291,179,129,2025-12-01 22:45:00,21,38.44
19419,317,187,224,2025-12-01 22:52:00,19,33.62
11113,91,156,105,2025-12-01 22:53:00,29,45.19
19429,481,208,11,2025-12-01 22:55:00,28,47.79
373,42,145,232,2025-12-01 22:57:00,8,17.64
4323,33,151,151,2025-12-01 22:59:00,48,78.36
12686,381,99,30,2025-12-01 23:00:00,20,35.59
18458,500,195,237,2025-12-01 23:01:00,47,69.61
15836,408,84,120,2025-12-01 23:05:00,20,34.01
1392,439,49,152,2025-12-01 23:08:00,54,85.61
17171,318,148,27,2025-12-01 23:15:00,25,40.9
14872,270,225,14,2025-12-01 23:26:00,57,88.26
4949,371,127,54,2025-12-01 23:35:00,49,77.95
15473,66,35,265,2025-12-01 23:38:00,23,42.0
17448,86,210,253,2025-12-01 23:40:00,36,59.08
16098,440,221,106,2025-12-01 23:42:00,49,75.37
8671,229,67,7,2025-12-01 23:43:00,48,75.67
7197,287,242,245,2025-12-01 23:43:00,47,68.92
6905,193,34,220,2025-12-01 23:49:00,60,91.89
14965,434,82,251,2025-12-01 23:58:00,18,32.89
15571,47,104,18,2025-12-02 00:00:00,30,47.44
14218,154,12,8,2025-12-02 00:01:00,27,44.98
17289,110,103,101,2025-12-02 00:04:00,13,21.68
19751,131,105,217,2025-12-02 00:07:00,16,23.3
5905,335,69,128,2025-12-02 00:33:00,6,12.45
11393,379,40,106,2025-12-02 00:43:00,42,63.7
14505,27,96,174,2025-12-02 01:04:00,23,38.63
7241,317,158,233,2025-12-02 01:14:00,55,86.89
16293,465,154,173,2025-12-02 01:20:00,9,17.37
5667,357,45,38,2025-12-02 01:26:00,40,60.1
11467,392,66,7,2025-12-02 01:29:00,29,44.56
7487,416,126,48,2025-12-02 01:39:00,52,77.57
13864,458,94,150,2025-12-02 01:54:00,30,47.74
9042,43,119,237,2025-12-02 02:11:00,49,73.99
11623,396,215,98,2025-12-02 02:17:00,18,28.72
1706,304,254,160,2025-12-02 02:22:00,27,46.03
9991,259,20,148,2025-12-02 02:30:00,33,51.71
8555,356,98,163,2025-12-02 02:39:00,59,93.88
5338,198,241,111,2025-12-02 02:55:00,15,27.52
14234,441,243,7,2025-12-02 03:04:00,49,75.08
15247,470,137,98,2025-12-02 03:11:00,55,84.92
16817,32,151,251,2025-12-02 03:15:00,53,83.74
15696,32,185,150,2025-12-02 03:17:00,22,39.58
4559,78,180,44,2025-12-02 03:19:00,19,30.49
4790,220,73,198,2025-12-02 03:20:00,38,61.59
3828,155,162,173,2025-12-02 03:24:00,25,38.7
16849,395,146,44,2025-12-02 03:26:00,13,25.77
863,143,259,194,2025-12-02 03:28:00,23,36.88
17329,197,216,90,2025-12-02 03:49:00,19,33.49
7859,353,6,138,2025-12-02 03:51:00,46,71.51
9584,70,129,11,2025-12-02 03:56:00,46,71.7
12857,463,85,223,2025-12-02 04:08:00,57,89.11
2314,15,200,134,2025-12-02 04:10:00,6,14.94
14960,410,184,10,2025-12-02 04:10:00,37,57.22
2520,83,205,8,2025-12-02 04:17:00,20,32.09
11252,352,120,155,2025-12-02 04:38:00,6,8.39
4912,239,32,257,2025-12-02 04:56:00,32,52.26
5780,156,119,164,2025-12-02 05:05:00,46,70.64
16588,42,14,238,2025-12-02 05:07:00,11,18.28
4298,385,26,139,2025-12-02 05:24:00,42,68.13
4827,333,172,203,2025-12-02 05:31:00,15,27.5
15668,238,184,265,2025-12-02 05:56:00,59,89.57
4332,205,136,178,2025-12-02 06:02:00,40,62.68
2515,125,253,98,2025-12-02 06:14:00,43,64.34
2861,101,216,70,2025-12-02 06:19:00,17,28.91
10996,141,198,202,2025-12-02 06:26:00,19,29.05
4312,335,137,155,2025-12-02 06:29:00,40,61.38
5955,170,212,82,2025-12-02 06:35:00,53,81.55
4256,131,191,230,2025-12-02 06:37:00,56,85.59
15454,199,246,151,2025-12-02 06:39:00,51,79.41
3195,238,37,246,2025-12-02 06:49:00,28,46.48
8663,310,232,221,2025-12-02 06:51:00,37,58.21
2042,317,222,36,2025-12-02 06:56:00,26,43.08
2717,294,34,13,2025-12-02 07:02:00,56,86.46
14665,149,91,97,2025-12-02 07:14:00,28,47.77
4888,61,248,225,2025-12-02 07:14:00,48,72.29
18017,187,52,101,2025-12-02 07:18:00,27,41.16
16486,485,197,131,2025-12-02 07:24:00,51,80.89
12840,59,128,177,2025-12-02 07:29:00,22,34.98
7107,377,193,228,2025-12-02 07:38:00,14,20.72
9553,348,152,31,2025-12-02 07:40:00,38,59.08
16481,478,181,256,2025-12-02 07:40:00,9,15.64
2354,442,196,41,2025-12-02 07:41:00,60,93.24
4900,401,78,156,2025-12-02 08:01:00,39,63.7
18830,208,250,112,2025-12-02 08:07:00,47,72.12
3880,13,202,141,2025-12-02 08:10:00,57,89.83
12411,194,34,234,2025-12-02 08:18:00,5,10.96
15136,182,141,65,2025-12-02 08:29:00,46,71.37
14750,397,142,211,2025-12-02 08:48:00,34,56.27
7987,372,39,140,2025-12-02 08:50:00,34,54.5
9435,120,202,96,2025-12-02 08:54:00,22,36.21
10765,69,163,107,2025-12-02 08:57:00,29,45.96
10354,340,169,127,2025-12-02 08:59:00,56,87.05
8769,91,147,99,2025-12-02 09:06:00,28,47.02
16694,48,223,199,2025-12-02 09:21:00,51,80.19
6640,230,241,203,2025-12-02 09:25:00,38,61.9
15979,148,254,26,2025-12-02 09:30:00,33,55.04
16975,139,62,35,2025-12-02 09:38:00,47,76.44
2385,316,39,217,2025-12-02 09:39:00,25,42.3
15081,177,8,112,2025-12-02 09:47:00,8,15.71
2175,240,222,205,2025-12-02 09:48:00,53,81.06
15030,162,254,7,2025-12-02 09:56:00,26,40.9
12317,279,118,155,2025-12-02 10:15:00,40,63.6
7213,87,185,169,2025-12-02 10:24:00,14,22.88
17246,153,139,261,2025-12-02 10:32:00,41,64.09
5918,142,158,190,2025-12-02 10:44:00,15,28.63
12831,325,24,227,2025-12-02 10:48:00,20,33.91
10848,327,79,264,2025-12-02 11:00:00,54,83.39
16105,271,178,123,2025-12-02 11:12:00,51,83.7
5896,261,251,105,2025-12-02 11:17:00,30,44.82
4812,199,186,180,2025-12-02 11:22:00,33,54.21
14001,382,79,81,2025-12-02 11:35:00,46,74.45
5070,274,83,242,2025-12-02 11:38:00,8,15.84
1664,459,222,209,2025-12-02 11:42:00,47,71.11
13777,60,65,156,2025-12-02 11:58:00,15,26.57
5194,261,84,180,2025-12-02 12:00:00,13,22.62
6676,331,242,91,2025-12-02 12:05:00,8,13.49
9619,213,44,90,2025-12-02 12:21:00,6,14.88
6789,498,80,127,2025-12-02 12:31:00,45,71.11
2202,229,97,32,2025-12-02 12:57:00,18,29.78
6343,393,236,156,2025-12-02 13:02:00,60,91.4
5957,9,176,158,2025-12-02 13:15:00,10,17.78
8517,131,37,163,2025-12-02 13:43:00,38,58.65
13883,435,263,101,2025-12-02 13:49:00,45,68.34
6572,420,209,70,2025-12-02 13:54:00,9,16.5
18918,358,161,258,2025-12-02 13:55:00,47,72.13
7470,412,262,100,2025-12-02 14:01:00,47,73.03
12006,469,45,44,2025-12-02 14:16:00,32,52.04
888,143,28,225,2025-12-02 14:19:00,12,24.27
5392,339,49,8,2025-12-02 14:25:00,14,25.56
14307,381,167,197,2025-12-02 14:32:00,9,17.83
907,449,72,264,2025-12-02 14:55:00,14,23.8
7553,247,253,211,2025-12-02 14:56:00,45,71.44
106,113,235,37,2025-12-02 15:01:00,27,44.15
8713,211,189,148,2025-12-02 15:07:00,15,26.64
1486,473,98,77,2025-12-02 15:08:00,50,79.15
8569,202,170,169,2025-12-02 15:17:00,53,80.99
1869,397,209,33,2025-12-02 15:28:00,17,29.82
10732,223,48,129,2025-12-02 15:32:00,22,35.38
19348,278,221,5,2025-12-02 15:43:00,18,30.79
8347,432,108,243,2025-12-02 15:49:00,55,84.7
15953,437,104,220,2025-12-02 15:49:00,39,64.3
16815,427,136,24,2025-12-02 15:58:00,56,86.32
3687,271,120,208,2025-12-02 15:58:00,34,56.37
5031,447,8,45,2025-12-02 16:16:00,37,56.8
12004,435,83,145,2025-12-02 16:25:00,30,45.9
2283,489,148,23,2025-12-02 16:28:00,49,78.61
6856,98,122,113,2025-12-02 16:30:00,59,90.92
1326,417,192,206,2025-12-02 16:31:00,44,71.32
16149,299,61,18,2025-12-02 16:35:00,9,12.96
2236,29,187,180,2025-12-02 16:41:00,54,84.14
4320,70,161,265,2025-12-02 16:53:00,49,73.24
4073,221,236,4,2025-12-02 16:55:00,41,63.04
14273,46,3,42,2025-12-02 17:01:00,15,26.8
238,255,145,106,2025-12-02 17:02:00,13,20.69
13655,48,240,25,2025-12-02 17:11:00,59,92.56
12819,260,178,254,2025-12-02 17:20:00,35,55.5
7833,55,40,211,2025-12-02 17:25:00,31,47.44
11631,108,27,204,2025-12-02 18:09:00,50,82.96
14035,342,38,136,2025-12-02 18:10:00,19,32.05
10480,28,67,247,2025-12-02 18:27:00,10,15.53
9268,202,242,121,2025-12-02 18:29:00,16,25.49
5418,267,68,8,2025-12-02 18:46:00,15,24.42
19219,135,99,1,2025-12-02 18:52:00,29,50.27
3399,320,102,129,2025-12-02 18:54:00,18,31.6
7244,396,19,245,2025-12-02 18:57:00,41,0.0
4292,36,75,5,2025-12-02 19:06:00,5,6.39
13363,469,259,13,2025-12-02 19:12:00,5,12.11
18960,380,193,7,2025-12-02 19:17:00,27,43.67
13045,29,115,73,2025-12-02 19:17:00,13,22.33
17799,482,89,104,2025-12-02 19:20:00,9,14.91
18677,98,46,58,2025-12-02 19:23:00,60,93.97
5273,89,25,71,2025-12-02 19:25:00,48,74.93
8409,165,160,134,2025-12-02 19:25:00,54,83.37
5996,403,21,25,2025-12-02 19:28:00,15,28.35
7749,161,7,151,2025-12-02 19:30:00,17,29.96
14070,31,243,27,2025-12-02 19:30:00,32,51.29
12858,480,157,134,2025-12-02 19:35:00,41,65.52
4663,165,252,180,2025-12-02 19:41:00,31,45.65
19056,273,178,195,2025-12-02 19:48:00,14,28.84
7834,394,199,228,2025-12-02 19:49:00,49,77.33
1397,240,138,1,2025-12-02 19:53:00,10,15.73
19327,220,264,206,2025-12-02 19:57:00,6,11.34
7905,441,180,94,2025-12-02 20:00:00,12,23.18
801,170,9,154,2025-12-02 20:02:00,18,30.78
11808,416,140,155,2025-12-02 20:17:00,35,53.39
11823,190,226,129,2025-12-02 20:24:00,32,55.08
13225,147,81,229,2025-12-02 20:33:00,35,54.87
7559,124,144,52,2025-12-02 20:36:00,48,76.27
5921,438,228,114,2025-12-02 20:40:00,45,69.67
3282,393,212,202,2025-12-02 20:40:00,41,63.53
8423,416,90,124,2025-12-02 20:41:00,49,75.19
14481,472,250,25,2025-12-02 20:49:00,57,90.23
18082,339,213,101,2025-12-02 21:01:00,43,68.95
19872,78,127,211,2025-12-02 21:06:00,26,41.05
7088,230,228,183,2025-12-02 21:08:00,10,13.62
19157,285,107,189,2025-12-02 21:13:00,27,42.38
19046,279,108,220,2025-12-02 21:14:00,56,87.57
2226,37,39,131,2025-12-02 21:17:00,20,34.71
8723,298,190,221,2025-12-02 21:20:00,33,52.99
18777,397,258,195,2025-12-02 21:29:00,10,17.43
18386,265,112,120,2025-12-02 21:29:00,44,66.24
6133,180,197,134,2025-12-02 21:36:00,55,85.37
16397,245,144,221,2025-12-02 21:39:00,50,77.75
19204,93,55,150,2025-12-02 21:44:00,8,12.99
8695,491,124,49,2025-12-02 21:48:00,9,19.09
9672,298,169,42,2025-12-02 21:54:00,37,60.77
10928,372,7,127,2025-12-02 21:58:00,6,11.82
15609,433,34,125,2025-12-02 22:04:00,55,84.92
14763,237,215,224,2025-12-02 22:10:00,20,33.74
6781,118,174,260,2025-12-02 22:11:00,47,75.82
18473,302,150,227,2025-12-02 22:19:00,29,45.68
8967,315,133,116,2025-12-02 22:23:00,52,80.65
14444,422,184,257,2025-12-02 22:24:00,48,73.17
4962,470,3,68,2025-12-02 22:31:00,16,24.6
14787,181,24,82,2025-12-02 22:39:00,10,25.03
13982,498,87,248,2025-12-02 22:40:00,51,78.55
2723,178,164,164,2025-12-02 22:47:00,39,59.82
15548,194,124,58,2025-12-02 22:51:00,53,79.87
6975,168,262,157,2025-12-02 22:55:00,35,53.32
6711,423,190,69,2025-12-02 22:58:00,52,77.51
17516,323,197,253,2025-12-02 23:02:00,36,58.47
14175,107,112,223,2025-12-02 23:05:00,12,21.92
9083,342,143,154,2025-12-02 23:13:00,53,82.27
12692,380,62,105,2025-12-02 23:28:00,13,25.79
11080,76,251,41,2025-12-02 23:38:00,36,54.5
2298,284,131,125,2025-12-02 23:39:00,12,22.0
16186,208,42,2,2025-12-02 23:59:00,38,58.76
14977,83,168,229,2025-12-03 00:01:00,51,78.15
18611,280,208,180,2025-12-03 00:07:00,27,42.35
2252,476,251,237,2025-12-03 00:32:00,32,54.76
13051,30,250,128,2025-12-03 00:32:00,27,41.61
15150,57,67,204,2025-12-03 00:51:00,22,36.89
825,411,249,62,2025-12-03 00:57:00,36,54.99
15747,232,154,41,2025-12-03 01:18:00,41,63.25
16973,220,199,101,2025-12-03 01:36:00,29,47.84
13687,319,13,254,2025-12-03 01:40:00,16,28.12
3302,167,120,129,2025-12-03 01:40:00,10,20.84
3047,18,158,83,2025-12-03 01:45:00,46,68.91
5724,397,66,105,2025-12-03 01:48:00,21,32.46
19509,381,110,50,2025-12-03 01:54:00,21,34.79
10154,167,137,30,2025-12-03 01:57:00,43,65.88
4161,466,47,255,2025-12-03 02:01:00,16,27.92
19334,461,32,28,2025-12-03 02:03:00,43,68.45
19183,369,179,232,2025-12-03 02:05:00,17,26.91
8369,101,94,15,2025-12-03 02:09:00,13,23.79
8170,314,90,52,2025-12-03 02:15:00,5,9.68
5297,146,46,30,2025-12-03 02:17:00,51,82.54
6230,393,223,250,2025-12-03 02:21:00,30,46.23
4001,400,44,265,2025-12-03 02:24:00,21,34.04
7667,331,57,132,2025-12-03 02:33:00,5,13.5
3344,85,32,49,2025-12-03 02:35:00,25,43.26
17914,413,29,69,2025-12-03 02:44:00,30,49.12
12075,217,92,224,2025-12-03 02:46:00,18,28.78
5653,310,181,128,2025-12-03 02:48:00,38,57.02
16456,234,237,237,2025-12-03 02:54:00,48,75.38
19747,65,215,104,2025-12-03 02:54:00,6,14.71
12530,487,194,68,2025-12-03 02:57:00,56,89.69
10967,285,127,244,2025-12-03 03:00:00,35,55.73
10247,139,192,19,2025-12-03 03:01:00,49,72.43
13248,246,127,37,2025-12-03 03:03:00,11,18.52
12561,200,179,255,2025-12-03 03:04:00,5,11.58
1494,291,79,183,2025-12-03 03:05:00,7,14.18
6879,12,179,241,2025-12-03 03:10:00,47,75.04
12609,242,28,255,2025-12-03 03:12:00,43,66.76
13370,48,201,103,2025-12-03 03:18:00,21,34.37
7718,89,146,193,2025-12-03 03:28:00,14,25.86
3252,108,212,215,2025-12-03 03:58:00,31,50.33
15432,53,115,223,2025-12-03 04:00:00,45,68.63
10645,17,253,10,2025-12-03 04:20:00,57,91.75
17065,392,12,48,2025-12-03 04:25:00,23,34.49
18048,304,112,46,2025-12-03 04:32:00,51,82.51
4830,336,210,67,2025-12-03 04:41:00,59,93.99
12535,131,235,99,2025-12-03 04:47:00,20,30.9
2719,294,23,181,2025-12-03 04:51:00,41,64.44
5851,140,139,201,2025-12-03 05:02:00,58,89.43
14348,395,190,258,2025-12-03 05:03:00,35,57.26
3501,490,206,238,2025-12-03 05:09:00,59,91.26
8334,322,200,128,2025-12-03 05:16:00,55,84.61
13636,346,70,141,2025-12-03 05:16:00,27,43.12
19870,17,245,212,2025-12-03 05:24:00,9,17.4
7682,342,235,141,2025-12-03 05:25:00,16,28.96
14814,206,81,48,2025-12-03 05:31:00,45,68.62
16691,41,175,33,2025-12-03 05:33:00,37,59.04
6157,474,90,238,2025-12-03 05:47:00,27,42.61
8237,343,216,119,2025-12-03 05:49:00,39,61.14
14899,18,40,131,2025-12-03 05:59:00,37,60.53
15037,368,26,15,2025-12-03 06:01:00,52,78.66
6302,216,130,105,2025-12-03 06:04:00,41,67.64
15453,115,253,202,2025-12-03 06:07:00,33,51.92
19501,169,9,43,2025-12-03 06:10:00,13,21.39
3688,284,34,212,2025-12-03 06:15:00,42,65.02
19895,365,237,158,2025-12-03 06:18:00,59,89.18
1455,389,149,133,2025-12-03 06:25:00,51,82.75
10290,180,41,221,2025-12-03 06:27:00,57,89.36
4307,447,151,105,2025-12-03 06:29:00,44,70.88
19435,233,34,233,2025-12-03 06:35:00,36,57.83
16559,297,205,114,2025-12-03 06:36:00,29,45.15
5386,142,106,59,2025-12-03 06:39:00,39,61.6
8079,160,126,144,2025-12-03 06:42:00,43,66.42
7358,141,260,61,2025-12-03 06:44:00,55,86.46
5465,396,12,17,2025-12-03 06:47:00,40,59.78
7740,338,51,100,2025-12-03 06:48:00,6,12.49
980,165,154,35,2025-12-03 06:48:00,10,18.31
18394,277,31,44,2025-12-03 07:04:00,33,54.13
196,365,190,80,2025-12-03 07:08:00,58,91.31
4137,102,61,86,2025-12-03 07:20:00,15,25.2
1590,50,214,135,2025-12-03 07:31:00,36,58.04
18827,77,243,24,2025-12-03 07:41:00,28,45.29
17197,291,132,262,2025-12-03 07:50:00,38,54.89
5997,124,95,202,2025-12-03 07:58:00,21,32.92
18912,263,161,68,2025-12-03 08:00:00,25,38.18
7786,269,70,47,2025-12-03 08:13:00,54,81.87
3972,139,147,82,2025-12-03 08:19:00,53,78.72
8885,8,43,31,2025-12-03 08:21:00,59,91.26
16799,403,135,38,2025-12-03 08:32:00,58,90.01
16197,154,237,260,2025-12-03 08:44:00,11,19.58
15796,362,92,27,2025-12-03 08:50:00,22,34.13
15254,231,137,33,2025-12-03 08:54:00,57,92.23
6612,242,135,108,2025-12-03 09:07:00,28,45.21
7176,139,140,160,2025-12-03 09:35:00,45,70.7
7125,278,87,248,2025-12-03 09:39:00,14,25.07
4443,358,255,108,2025-12-03 09:40:00,16,25.22
17833,248,265,39,2025-12-03 09:41:00,5,10.14
16356,147,226,182,2025-12-03 09:41:00,40,66.8
88,211,190,12,2025-12-03 09:45:00,26,43.43
11887,9,242,194,2025-12-03 09:46:00,21,34.09
3643,71,133,122,2025-12-03 09:54:00,17,32.18
7552,448,201,218,2025-12-03 09:59:00,8,14.91
12588,45,185,238,2025-12-03 10:04:00,34,56.76
19583,237,47,121,2025-12-03 10:06:00,27,38.11
18828,476,127,88,2025-12-03 10:16:00,13,22.5
4845,296,223,33,2025-12-03 10:17:00,27,46.33
490,226,4,221,2025-12-03 10:23:00,31,51.75
4730,334,257,14,2025-12-03 10:29:00,60,92.25
16299,434,109,52,2025-12-03 10:43:00,41,67.54
13326,383,235,38,2025-12-03 10:55:00,13,23.42
13158,188,216,103,2025-12-03 11:01:00,59,91.28
11703,205,95,168,2025-12-03 11:05:00,23,36.48
13527,426,172,74,2025-12-03 11:10:00,29,44.88
11342,408,83,190,2025-12-03 11:33:00,21,32.95
16375,376,144,15,2025-12-03 11:41:00,33,54.08
7861,286,143,44,2025-12-03 12:15:00,47,71.66
2599,103,208,89,2025-12-03 12:21:00,18,34.05
16580,160,214,39,2025-12-03 12:22:00,48,72.58
4185,430,202,27,2025-12-03 12:24:00,34,53.51
7901,308,38,160,2025-12-03 12:24:00,25,43.31
9253,442,241,114,2025-12-03 13:02:00,46,72.05
13574,281,17,244,2025-12-03 13:05:00,45,68.7
1393,320,70,152,2025-12-03 13:10:00,15,25.19
16881,309,32,9,2025-12-03 13:11:00,13,22.63
17415,260,219,126,2025-12-03 13:14:00,11,18.91
609,231,37,215,2025-12-03 13:15:00,18,27.72
2568,218,149,217,2025-12-03 13:19:00,52,82.68
18998,269,114,134,2025-12-03 13:35:00,37,55.72
1431,495,189,91,2025-12-03 13:40:00,48,71.38
19510,83,193,1,2025-12-03 13:42:00,32,51.73
4548,241,36,175,2025-12-03 13:49:00,53,81.68
19064,36,20,256,2025-12-03 13:55:00,6,11.88
14038,488,203,217,2025-12-03 14:02:00,30,51.14
16419,27,264,43,2025-12-03 14:05:00,36,54.68
2402,167,62,43,2025-12-03 14:13:00,14,23.71
18091,51,209,259,2025-12-03 14:16:00,5,9.82
3926,473,166,135,2025-12-03 14:21:00,31,48.2
10101,286,248,114,2025-12-03 14:21:00,41,63.77
3977,344,251,13,2025-12-03 14:59:00,18,31.12
14399,177,106,226,2025-12-03 15:03:00,17,28.71
6496,377,60,232,2025-12-03 15:09:00,10,19.91
2810,178,160,15,2025-12-03 15:18:00,56,88.06
9771,451,65,27,2025-12-03 15:25:00,12,0.0
19292,281,227,144,2025-12-03 15:32:00,44,69.85
12189,246,125,85,2025-12-03 15:38:00,34,50.13
11397,27,26,14,2025-12-03 15:55:00,43,70.57
7999,344,111,46,2025-12-03 15:56:00,40,63.28
12060,338,223,164,2025-12-03 15:59:00,34,57.54
10488,301,152,54,2025-12-03 16:03:00,34,51.12
14225,346,16,53,2025-12-03 16:08:00,30,50.46
7445,358,65,40,2025-12-03 16:19:00,12,21.09
8771,358,98,192,2025-12-03 16:25:00,56,89.61
18843,28,5,214,2025-12-03 16:31:00,29,46.01
2341,318,140,118,2025-12-03 16:35:00,15,23.87
7589,109,155,247,2025-12-03 16:44:00,27,48.78
6834,204,165,78,2025-12-03 16:58:00,52,81.82
15246,138,112,61,2025-12-03 17:07:00,7,15.66
5560,25,29,246,2025-12-03 17:08:00,42,69.31
12973,369,248,192,2025-12-03 17:19:00,38,57.64
13491,487,175,145,2025-12-03 17:22:00,9,12.97
2065,318,164,2,2025-12-03 17:27:00,11,19.6
9668,41,42,62,2025-12-03 17:27:00,17,26.87
12639,269,25,93,2025-12-03 17:48:00,46,73.07
10495,284,57,150,2025-12-03 17:49:00,39,61.35
7466,323,50,85,2025-12-03 17:58:00,30,48.09
2912,347,101,106,2025-12-03 18:03:00,60,93.84
14783,264,32,242,2025-12-03 18:38:00,39,60.01
19453,273,92,140,2025-12-03 18:39:00,11,24.47
9174,21,112,113,2025-12-03 18:40:00,25,38.07
5701,240,51,57,2025-12-03 18:42:00,59,94.26
18862,273,144,47,2025-12-03 18:43:00,26,43.24
10276,485,193,164,2025-12-03 19:02:00,35,56.22
2877,371,34,178,2025-12-03 19:14:00,21,36.58
19150,75,247,79,2025-12-03 19:17:00,12,26.07
10639,254,196,210,2025-12-03 19:23:00,17,26.25
12197,182,88,147,2025-12-03 19:26:00,23,36.63
13289,17,166,98,2025-12-03 19:43:00,49,73.91
15177,42,123,240,2025-12-03 19:50:00,35,56.61
8164,119,169,6,2025-12-03 19:55:00,34,52.56
2099,58,137,17,2025-12-03 20:00:00,48,77.27
10456,352,172,75,2025-12-03 20:02:00,24,40.81
6480,338,48,125,2025-12-03 20:04:00,36,58.66
10669,105,208,188,2025-12-03 20:07:00,5,8.71
4377,302,178,243,2025-12-03 20:13:00,44,68.15
13519,217,251,212,2025-12-03 20:21:00,39,61.22
11227,182,94,53,2025-12-03 20:33:00,56,86.41
5153,286,124,220,2025-12-03 20:39:00,34,54.37
1905,191,229,152,2025-12-03 20:45:00,38,61.78
14092,385,64,103,2025-12-03 20:49:00,11,19.79
7603,248,74,119,2025-12-03 21:01:00,11,22.44
18509,244,204,239,2025-12-03 21:02:00,60,87.28
10377,427,131,71,2025-12-03 21:05:00,15,22.59
2976,1,58,256,2025-12-03 21:14:00,39,61.54
18379,395,243,158,2025-12-03 21:20:00,31,47.9
7835,350,113,128,2025-12-03 21:22:00,40,59.31
1247,206,107,154,2025-12-03 21:31:00,7,12.38
19141,167,40,239,2025-12-03 21:39:00,6,13.47
12380,315,108,171,2025-12-03 21:45:00,21,32.04
2124,314,170,124,2025-12-03 21:50:00,26,41.6
4892,293,264,254,2025-12-03 21:58:00,13,26.41
14676,400,113,91,2025-12-03 22:00:00,44,70.72
3172,131,234,62,2025-12-03 22:06:00,32,53.86
9663,284,211,90,2025-12-03 22:07:00,19,28.79
11599,241,75,249,2025-12-03 22:10:00,20,30.3
10874,333,264,155,2025-12-03 22:14:00,53,83.74
1720,287,122,221,2025-12-03 22:19:00,28,46.62
8684,183,205,158,2025-12-03 22:26:00,49,76.74
16219,323,190,127,2025-12-03 22:26:00,12,18.11
8999,296,163,29,2025-12-03 22:35:00,54,84.38
3691,99,193,15,2025-12-03 22:43:00,53,84.56
10383,3,177,189,2025-12-03 22:45:00,14,23.07
13499,215,26,11,2025-12-03 22:46:00,23,39.04
5262,172,112,91,2025-12-03 22:47:00,54,84.36
12340,117,142,17,2025-12-03 22:54:00,31,49.16
9795,464,223,174,2025-12-03 22:58:00,41,66.66
17767,28,12,83,2025-12-03 23:02:00,47,72.36
18204,100,227,210,2025-12-03 23:07:00,40,62.34
286,111,139,205,2025-12-03 23:18:00,58,90.98
9903,55,129,181,2025-12-03 23:22:00,9,19.41
19897,237,150,189,2025-12-03 23:33:00,41,64.44
11275,370,122,100,2025-12-03 23:37:00,33,53.64
4789,128,139,86,2025-12-03 23:39:00,18,26.9
2349,117,242,24,2025-12-03 23:47:00,18,30.21
11609,459,95,103,2025-12-03 23:52:00,33,55.61
5869,388,209,185,2025-12-04 00:08:00,57,89.25
8719,364,262,144,2025-12-04 00:09:00,35,56.27
15490,64,125,155,2025-12-04 00:26:00,51,82.37
4366,104,216,174,2025-12-04 00:36:00,49,79.78
9607,376,21,103,2025-12-04 00:37:00,58,88.28
19945,241,144,145,2025-12-04 01:11:00,51,76.16
10570,329,202,28,2025-12-04 01:11:00,59,88.6
5558,341,125,174,2025-12-04 01:14:00,28,43.14
17973,351,126,63,2025-12-04 01:20:00,31,48.4
19977,9,34,40,2025-12-04 01:28:00,53,79.31
11,100,61,176,2025-12-04 01:30:00,49,73.56
7825,411,19,34,2025-12-04 01:33:00,24,39.48
5435,486,42,148,2025-12-04 01:35:00,36,59.48
11932,158,40,213,2025-12-04 01:45:00,56,86.34
1837,354,12,102,2025-12-04 01:47:00,59,91.82
17851,108,198,192,2025-12-04 01:51:00,46,72.19
12211,488,52,243,2025-12-04 01:54:00,53,83.35
2851,498,61,248,2025-12-04 01:56:00,8,12.74
4465,148,188,102,2025-12-04 02:09:00,59,92.56
4109,262,75,246,2025-12-04 02:15:00,6,12.76
1072,289,221,107,2025-12-04 02:18:00,34,53.58
5003,343,155,216,2025-12-04 02:23:00,10,22.4
7669,199,252,180,2025-12-04 02:25:00,33,52.85
3483,138,86,262,2025-12-04 02:28:00,47,71.86
4514,121,252,71,2025-12-04 02:30:00,6,14.06
18373,216,169,67,2025-12-04 02:45:00,37,60.53
14804,359,183,128,2025-12-04 02:46:00,60,90.4
2975,494,248,210,2025-12-04 02:46:00,41,62.05
12935,70,190,86,2025-12-04 02:51:00,16,30.29
1556,35,129,196,2025-12-04 02:52:00,21,36.16
1574,448,71,83,2025-12-04 03:02:00,38,61.37
5799,18,60,132,2025-12-04 03:03:00,18,29.65
11340,422,151,124,2025-12-04 03:03:00,45,70.72
18165,10,122,243,2025-12-04 03:06:00,34,53.16
507,39,176,211,2025-12-04 03:08:00,31,46.28
10302,427,195,96,2025-12-04 03:12:00,45,67.9
13738,291,94,84,2025-12-04 03:23:00,46,71.7
3995,154,88,205,2025-12-04 03:35:00,39,59.56
5687,490,89,227,2025-12-04 03:57:00,55,86.11
17400,322,143,244,2025-12-04 04:00:00,20,33.2
6540,38,265,243,2025-12-04 04:01:00,60,95.6
15328,456,104,123,2025-12-04 04:32:00,34,56.39
10313,46,167,179,2025-12-04 04:55:00,47,70.75
12195,5,13,47,2025-12-04 05:01:00,49,76.7
17711,287,135,18,2025-12-04 05:09:00,18,30.94
18716,466,252,169,2025-12-04 05:13:00,30,48.53
3334,87,31,246,2025-12-04 05:27:00,52,80.09
8127,374,83,225,2025-12-04 05:31:00,50,80.29
19001,22,133,232,2025-12-04 05:31:00,14,22.4
7546,463,83,122,2025-12-04 05:37:00,23,40.18
810,400,89,41,2025-12-04 05:44:00,52,81.29
15366,462,48,230,2025-12-04 05:58:00,9,19.03
11154,284,118,232,2025-12-04 06:09:00,7,11.35
15339,474,83,257,2025-12-04 06:18:00,7,15.82
1162,60,31,119,2025-12-04 06:23:00,22,39.03
12395,344,127,86,2025-12-04 06:29:00,15,30.18
660,461,47,254,2025-12-04 06:29:00,15,26.75
1920,212,24,198,2025-12-04 06:36:00,57,88.63
19560,174,34,226,2025-12-04 06:36:00,14,22.4
16624,287,214,99,2025-12-04 06:39:00,52,80.33
749,54,16,118,2025-12-04 06:53:00,26,41.13
3499,132,71,41,2025-12-04 06:57:00,24,35.8
14793,348,238,130,2025-12-04 07:05:00,41,64.28
15685,448,27,209,2025-12-04 07:10:00,23,41.12
1457,56,131,125,2025-12-04 07:23:00,26,40.82
4544,422,176,22,2025-12-04 07:28:00,9,17.1
10376,152,194,163,2025-12-04 07:33:00,50,76.34
8864,130,202,166,2025-12-04 07:35:00,26,37.58
16942,449,56,254,2025-12-04 07:35:00,31,51.37
17898,334,228,263,2025-12-04 07:45:00,52,79.74
10148,56,127,32,2025-12-04 07:58:00,39,61.62
457,158,72,134,2025-12-04 07:58:00,45,69.66
13290,391,178,39,2025-12-04 08:03:00,16,29.07
13828,331,256,14,2025-12-04 08:21:00,37,60.36
13481,402,63,62,2025-12-04 08:22:00,46,67.54
13612,109,187,226,2025-12-04 08:26:00,13,23.46
476,272,32,146,2025-12-04 08:35:00,24,40.75
11577,143,247,6,2025-12-04 08:38:00,21,34.79
11369,3,191,242,2025-12-04 08:43:00,10,23.51
13089,427,156,259,2025-12-04 08:52:00,42,66.2
12980,101,174,13,2025-12-04 08:58:00,44,70.18
4347,322,142,16,2025-12-04 09:11:00,19,31.26
2188,481,27,196,2025-12-04 09:14:00,6,10.42
19229,19,63,138,2025-12-04 09:14:00,23,36.41
5037,269,264,234,2025-12-04 09:15:00,17,27.49
10746,198,60,145,2025-12-04 09:15:00,12,20.08
767,436,226,76,2025-12-04 09:21:00,43,67.51
9809,60,211,60,2025-12-04 09:30:00,7,14.7
6181,339,201,113,2025-12-04 09:32:00,28,42.51
14102,385,189,27,2025-12-04 09:38:00,58,88.72
7743,115,248,168,2025-12-04 09:38:00,49,76.05
1223,291,225,20,2025-12-04 09:39:00,17,30.48
1893,14,32,139,2025-12-04 09:44:00,13,22.79
15583,306,198,55,2025-12-04 09:47:00,48,75.69
14346,16,161,198,2025-12-04 09:52:00,6,9.09
17183,420,188,242,2025-12-04 09:55:00,10,12.64
2760,342,173,165,2025-12-04 09:57:00,44,68.23
2716,270,46,259,2025-12-04 10:07:00,5,11.52
7055,219,191,230,2025-12-04 10:11:00,38,61.42
13839,358,112,41,2025-12-04 10:17:00,32,48.01
10310,96,224,59,2025-12-04 10:27:00,49,75.45
15391,201,79,77,2025-12-04 10:30:00,11,19.73
18579,142,20,179,2025-12-04 10:38:00,17,27.73
7941,25,44,187,2025-12-04 10:39:00,47,74.27
9364,400,79,169,2025-12-04 10:55:00,52,79.68
13776,254,241,28,2025-12-04 10:58:00,59,92.68
1832,330,34,197,2025-12-04 10:58:00,45,70.17
19025,479,226,239,2025-12-04 11:16:00,42,66.4
3675,335,47,112,2025-12-04 11:26:00,41,63.59
12671,114,63,206,2025-12-04 11:35:00,20,33.61
14509,463,104,255,2025-12-04 11:46:00,14,26.79
14666,423,48,20,2025-12-04 11:47:00,32,50.04
13488,88,74,189,2025-12-04 11:56:00,48,77.41
9797,482,61,18,2025-12-04 11:57:00,60,93.31
104,316,233,258,2025-12-04 12:11:00,10,22.1
9414,10,52,85,2025-12-04 12:15:00,7,14.79
8251,484,226,93,2025-12-04 12:17:00,26,43.61
8496,268,63,111,2025-12-04 12:22:00,28,41.08
3474,344,106,172,2025-12-04 12:42:00,25,41.61
15725,154,106,65,2025-12-04 12:52:00,28,48.77
7758,128,155,259,2025-12-04 12:56:00,43,66.17
17374,11,35,167,2025-12-04 13:11:00,57,89.29
5165,199,65,73,2025-12-04 13:11:00,14,24.92
1586,78,125,233,2025-12-04 13:18:00,21,34.42
11048,147,10,257,2025-12-04 13:18:00,22,34.22
11391,169,205,30,2025-12-04 13:19:00,5,11.55
8882,349,100,98,2025-12-04 13:19:00,25,39.82
9900,286,35,105,2025-12-04 13:24:00,26,35.52
8836,380,260,176,2025-12-04 13:27:00,46,68.14
17160,493,65,260,2025-12-04 13:28:00,47,73.93
1531,274,193,87,2025-12-04 13:36:00,27,44.07
3286,460,177,37,2025-12-04 13:40:00,25,40.71
18583,385,202,213,2025-12-04 13:40:00,60,94.88
2235,266,250,228,2025-12-04 13:45:00,7,15.62
421,336,264,152,2025-12-04 13:50:00,39,63.86
7040,93,51,135,2025-12-04 13:57:00,20,32.27
15988,277,236,141,2025-12-04 13:57:00,7,13.39
16632,413,100,163,2025-12-04 14:02:00,26,42.1
4524,124,252,239,2025-12-04 14:02:00,35,57.32
6437,400,118,256,2025-12-04 14:03:00,50,78.01
5533,213,18,149,2025-12-04 14:03:00,42,62.18
2292,53,109,45,2025-12-04 14:07:00,21,36.88
6600,318,252,6,2025-12-04 14:16:00,52,81.96
1465,465,65,48,2025-12-04 14:28:00,19,31.03
10002,460,222,122,2025-12-04 14:29:00,34,53.44
8768,386,113,169,2025-12-04 14:31:00,26,42.94
1302,457,153,95,2025-12-04 14:34:00,9,12.83
8791,458,29,177,2025-12-04 14:44:00,38,59.44
11730,423,63,264,2025-12-04 14:46:00,17,29.34
7173,131,144,95,2025-12-04 14:51:00,60,93.97
11570,149,222,98,2025-12-04 14:53:00,9,13.24
6237,384,13,157,2025-12-04 15:12:00,21,37.54
11862,11,125,8,2025-12-04 15:19:00,39,64.01
6440,88,204,255,2025-12-04 15:20:00,31,49.61
19956,25,196,57,2025-12-04 15:22:00,29,44.47
13880,452,110,162,2025-12-04 15:33:00,30,48.27
11234,134,125,100,2025-12-04 15:40:00,52,79.47
14159,137,126,73,2025-12-04 15:51:00,57,89.63
12438,297,142,134,2025-12-04 15:55:00,40,65.35
16471,334,224,180,2025-12-04 15:58:00,17,29.22
13940,485,64,1,2025-12-04 16:08:00,35,50.39
1949,467,9,241,2025-12-04 16:12:00,18,27.41
18250,33,9,93,2025-12-04 16:18:00,18,28.55
9802,396,238,128,2025-12-04 16:23:00,11,20.88
17508,339,180,189,2025-12-04 16:29:00,26,43.23
4228,57,202,50,2025-12-04 16:29:00,51,79.36
4848,113,182,144,2025-12-04 16:47:00,58,84.58
3093,127,109,201,2025-12-04 16:50:00,28,47.54
1474,94,230,47,2025-12-04 16:58:00,45,71.06
865,64,47,222,2025-12-04 17:24:00,24,38.14
18317,420,223,84,2025-12-04 17:41:00,59,90.99
12759,393,189,156,2025-12-04 17:43:00,36,57.55
1233,99,148,136,2025-12-04 17:43:00,29,48.85
9817,383,40,129,2025-12-04 18:01:00,32,53.97
18063,35,101,205,2025-12-04 18:08:00,15,26.44
11528,267,228,52,2025-12-04 18:09:00,12,21.56
5593,290,167,238,2025-12-04 18:17:00,14,24.99
1954,402,114,19,2025-12-04 18:24:00,51,77.73
14613,54,108,18,2025-12-04 18:25:00,5,6.99
16636,208,93,86,2025-12-04 18:26:00,16,29.16
10442,47,110,88,2025-12-04 19:04:00,40,66.43
14081,19,113,90,2025-12-04 19:05:00,15,26.4
7297,493,144,164,2025-12-04 19:05:00,9,21.07
13453,423,129,245,2025-12-04 19:19:00,41,63.72
7864,119,220,34,2025-12-04 19:19:00,53,84.4
12497,346,35,243,2025-12-04 19:41:00,46,71.73
5315,336,193,45,2025-12-04 19:41:00,38,58.14
10823,282,110,178,2025-12-04 19:45:00,34,53.41
9985,94,230,190,2025-12-04 19:46:00,31,46.67
9494,127,227,257,2025-12-04 19:49:00,30,45.27
14233,276,227,23,2025-12-04 19:57:00,48,75.82
14831,281,238,84,2025-12-04 20:02:00,16,26.94
12738,487,222,104,2025-12-04 20:06:00,33,52.1
18615,201,90,204,2025-12-04 20:14:00,54,81.78
13728,392,221,85,2025-12-04 20:14:00,11,18.93
19615,53,205,179,2025-12-04 20:19:00,25,37.42
10501,125,44,225,2025-12-04 20:24:00,57,87.28
7565,394,89,155,2025-12-04 20:27:00,60,92.95
16993,393,119,76,2025-12-04 20:29:00,29,50.73
406,206,10,77,2025-12-04 20:47:00,25,42.02
1048,61,209,250,2025-12-04 20:49:00,18,27.93
5174,120,192,254,2025-12-04 20:51:00,59,93.46
1208,62,263,159,2025-12-04 20:53:00,58,87.86
3507,243,32,70,2025-12-04 21:20:00,17,28.68
14204,45,204,136,2025-12-04 21:25:00,20,34.19
14587,398,31,91,2025-12-04 21:29:00,50,79.31
14591,422,159,248,2025-12-04 21:33:00,45,69.97
4058,92,146,193,2025-12-04 21:42:00,46,72.34
3827,66,10,101,2025-12-04 21:46:00,47,71.92
5252,417,153,219,2025-12-04 21:49:00,7,18.14
16675,387,206,123,2025-12-04 21:49:00,18,29.87
1275,311,81,187,2025-12-04 21:50:00,29,45.56
14576,261,94,66,2025-12-04 22:01:00,42,65.06
2391,26,39,58,2025-12-04 22:20:00,53,84.14
19580,191,171,199,2025-12-04 22:26:00,23,37.28
12441,75,211,213,2025-12-04 22:30:00,57,89.58
9074,498,87,258,2025-12-04 22:32:00,37,58.4
16225,190,157,105,2025-12-04 22:49:00,40,61.04
14904,326,88,65,2025-12-04 22:50:00,54,81.57
8575,306,72,50,2025-12-04 22:51:00,24,38.17
1430,321,96,205,2025-12-04 22:56:00,50,76.92
8548,287,161,259,2025-12-04 23:05:00,10,17.93
237,70,218,83,2025-12-04 23:11:00,5,11.42
9939,198,224,167,2025-12-04 23:21:00,54,82.95
12773,319,229,167,2025-12-04 23:22:00,42,64.86
10806,329,164,240,2025-12-04 23:25:00,41,64.67
6374,247,1,258,2025-12-04 23:26:00,21,30.62
18814,2,107,185,2025-12-04 23:32:00,23,38.82
16126,476,113,234,2025-12-04 23:44:00,25,37.01
19395,256,112,192,2025-12-04 23:52:00,24,40.34
19253,259,148,60,2025-12-04 23:55:00,56,87.62
10758,233,23,150,2025-12-04 23:56:00,39,61.78
12828,160,254,50,2025-12-05 00:01:00,50,75.96
10416,386,10,257,2025-12-05 00:03:00,19,32.35
18945,364,70,69,2025-12-05 00:28:00,28,45.98
17513,478,265,127,2025-12-05 00:33:00,53,81.07
19098,328,116,19,2025-12-05 00:49:00,15,27.38
5209,32,159,198,2025-12-05 00:55:00,34,52.87
16759,65,8,63,2025-12-05 00:56:00,51,76.25
19093,351,233,101,2025-12-05 01:00:00,39,60.82
7331,85,167,89,2025-12-05 01:01:00,42,64.79
12887,478,173,66,2025-12-05 01:01:00,16,27.61
16733,12,149,59,2025-12-05 01:10:00,33,53.65
8471,433,153,201,2025-12-05 01:11:00,33,52.16
3072,32,91,193,2025-12-05 01:11:00,20,31.26
15098,271,94,178,2025-12-05 01:12:00,5,7.17
4187,403,172,57,2025-12-05 01:14:00,29,45.05
11310,106,148,17,2025-12-05 01:15:00,28,46.82
10736,180,43,150,2025-12-05 01:16:00,41,63.73
19825,115,124,77,2025-12-05 01:44:00,7,11.93
11892,425,7,81,2025-12-05 01:53:00,57,88.74
16572,120,34,82,2025-12-05 01:55:00,33,54.15
19413,27,7,217,2025-12-05 01:58:00,12,23.86
2784,466,147,191,2025-12-05 02:08:00,58,89.67
15847,411,24,198,2025-12-05 02:17:00,43,68.02
4671,424,108,231,2025-12-05 02:24:00,54,81.88
9447,127,114,16,2025-12-05 02:27:00,28,44.84
5116,166,101,114,2025-12-05 02:33:00,8,17.34
12162,103,113,50,2025-12-05 02:33:00,57,88.44
5280,424,26,86,2025-12-05 02:36:00,24,40.29
6426,264,223,37,2025-12-05 02:38:00,12,20.49
2720,174,62,11,2025-12-05 02:40:00,10,20.02
2186,311,32,166,2025-12-05 02:51:00,59,89.88
1727,495,207,40,2025-12-05 02:51:00,9,20.7
2802,372,52,12,2025-12-05 03:09:00,29,46.56
8958,277,254,159,2025-12-05 03:18:00,19,33.07
3167,278,134,255,2025-12-05 03:21:00,26,42.93
6431,320,8,257,2025-12-05 03:22:00,48,77.35
478,221,81,45,2025-12-05 03:25:00,14,20.95
4633,362,243,20,2025-12-05 03:26:00,33,53.38
4670,354,32,23,2025-12-05 03:27:00,39,60.4
1336,484,209,180,2025-12-05 03:43:00,47,74.83
5636,181,3,100,2025-12-05 03:45:00,14,24.91
5389,235,198,243,2025-12-05 03:53:00,39,61.9
5657,104,153,119,2025-12-05 04:01:00,9,14.31
5207,155,139,102,2025-12-05 04:02:00,9,17.31
2548,291,99,246,2025-12-05 04:08:00,30,49.64
4866,194,17,235,2025-12-05 04:11:00,12,18.81
12582,203,257,53,2025-12-05 04:11:00,42,66.64
13732,233,99,45,2025-12-05 04:26:00,10,14.26
8301,140,3,218,2025-12-05 04:27:00,39,61.81
7634,346,135,217,2025-12-05 04:30:00,43,67.6
3670,255,4,70,2025-12-05 04:34:00,22,36.8
13111,494,252,227,2025-12-05 04:36:00,39,61.65
12233,224,262,36,2025-12-05 04:47:00,26,44.45
13666,171,116,23,2025-12-05 04:50:00,23,40.11
6604,487,236,68,2025-12-05 04:55:00,37,58.65
9610,256,133,68,2025-12-05 05:02:00,58,91.62
1436,88,118,230,2025-12-05 05:13:00,58,86.85
12601,43,164,124,2025-12-05 05:22:00,28,46.21
17969,399,35,80,2025-12-05 05:22:00,37,56.97
3868,93,189,263,2025-12-05 05:26:00,54,87.45
110,387,19,12,2025-12-05 05:29:00,41,65.05
3669,130,218,111,2025-12-05 05:31:00,58,91.16
10115,76,80,2,2025-12-05 05:31:00,59,92.68
17259,234,100,165,2025-12-05 05:37:00,22,35.01
8297,265,11,249,2025-12-05 05:47:00,58,88.66
8142,206,49,66,2025-12-05 05:51:00,46,73.07
9601,141,239,226,2025-12-05 06:10:00,11,17.42
1068,413,41,126,2025-12-05 06:12:00,18,31.59
8009,186,53,199,2025-12-05 06:19:00,34,55.71
14032,16,234,167,2025-12-05 06:43:00,19,35.32
19620,65,199,62,2025-12-05 06:48:00,21,33.45
12594,341,101,121,2025-12-05 06:56:00,27,40.26
10025,134,39,39,2025-12-05 07:04:00,46,71.56
8162,228,44,51,2025-12-05 07:05:00,23,36.29
6997,44,96,157,2025-12-05 07:05:00,19,29.36
17578,460,125,17,2025-12-05 07:17:00,41,64.85
18580,194,215,129,2025-12-05 07:21:00,50,79.47
17917,478,186,20,2025-12-05 07:22:00,57,90.88
1855,331,107,246,2025-12-05 07:37:00,35,53.35
5570,264,147,234,2025-12-05 07:38:00,48,72.3
18456,119,61,154,2025-12-05 07:44:00,37,60.99
9785,455,176,179,2025-12-05 07:56:00,50,79.77
18232,164,3,135,2025-12-05 08:05:00,13,22.75
4372,179,142,33,2025-12-05 08:09:00,23,37.6
17418,61,104,94,2025-12-05 08:23:00,27,43.93
7270,356,212,238,2025-12-05 09:11:00,21,33.91
11854,328,185,100,2025-12-05 09:13:00,46,71.82
18069,30,66,193,2025-12-05 09:26:00,37,55.13
18817,118,218,3,2025-12-05 09:38:00,8,10.56
4100,38,73,78,2025-12-05 09:40:00,56,87.33
10034,465,189,202,2025-12-05 09:47:00,59,93.08
3117,63,66,181,2025-12-05 10:00:00,29,47.35
4191,160,56,234,2025-12-05 10:01:00,26,40.66
16320,35,162,257,2025-12-05 10:13:00,33,55.68
2642,97,149,79,2025-12-05 10:13:00,54,88.91
16641,178,41,92,2025-12-05 10:14:00,60,93.26
4340,255,129,87,2025-12-05 10:15:00,7,16.76
7652,193,145,52,2025-12-05 10:34:00,27,42.07
12533,212,225,171,2025-12-05 10:43:00,38,61.14
47,39,23,223,2025-12-05 10:44:00,16,28.79
18668,439,80,243,2025-12-05 10:45:00,12,20.56
12264,459,40,70,2025-12-05 10:57:00,34,54.91
10089,89,55,257,2025-12-05 10:58:00,53,87.16
19817,142,235,5,2025-12-05 11:01:00,46,74.02
1611,377,67,224,2025-12-05 11:15:00,22,34.12
8614,21,30,153,2025-12-05 11:18:00,30,44.38
11920,37,9,154,2025-12-05 11:21:00,59,95.84
6842,192,231,260,2025-12-05 11:26:00,32,51.33
1542,466,73,223,2025-12-05 11:29:00,37,55.06
7607,463,135,13,2025-12-05 11:55:00,9,13.64
9290,14,2,135,2025-12-05 12:15:00,41,63.82
19174,440,13,185,2025-12-05 12:17:00,8,10.32
14216,409,231,136,2025-12-05 12:25:00,56,86.52
15323,180,32,228,2025-12-05 12:41:00,20,31.22
7512,356,157,24,2025-12-05 12:41:00,58,91.03
3064,59,197,141,2025-12-05 12:45:00,37,62.16
2765,330,66,251,2025-12-05 12:52:00,28,42.65
12862,241,261,118,2025-12-05 12:53:00,14,26.56
14118,204,127,203,2025-12-05 13:02:00,51,82.13
17816,253,98,116,2025-12-05 13:15:00,38,61.11
19466,270,250,223,2025-12-05 13:18:00,28,46.51
5257,276,233,37,2025-12-05 13:22:00,30,48.95
3702,250,67,255,2025-12-05 13:26:00,40,58.59
4929,348,211,105,2025-12-05 13:27:00,58,91.45
8081,272,214,37,2025-12-05 13:30:00,16,26.17
11418,412,232,214,2025-12-05 13:34:00,35,58.02
10139,178,147,231,2025-12-05 13:34:00,43,69.26
16578,483,159,49,2025-12-05 13:46:00,19,32.73
10003,82,182,144,2025-12-05 13:47:00,31,45.66
3835,359,196,12,2025-12-05 13:49:00,55,83.45
4055,374,195,15,2025-12-05 13:57:00,41,65.11
19649,133,42,50,2025-12-05 14:09:00,23,37.62
3326,72,124,46,2025-12-05 14:11:00,50,81.27
10601,166,258,108,2025-12-05 14:11:00,21,34.85
13857,55,95,127,2025-12-05 14:17:00,41,61.45
1106,183,151,19,2025-12-05 14:34:00,42,65.69
10481,55,7,241,2025-12-05 14:40:00,18,28.13
8276,483,57,189,2025-12-05 14:40:00,38,60.3
8667,397,232,212,2025-12-05 14:43:00,56,85.32
6289,352,206,179,2025-12-05 14:45:00,47,72.99
8718,59,69,57,2025-12-05 14:46:00,18,31.33
3917,222,183,187,2025-12-05 14:48:00,49,77.74
18482,150,189,68,2025-12-05 14:56:00,55,83.08
7540,365,260,159,2025-12-05 15:18:00,14,23.08
7196,371,92,14,2025-12-05 15:23:00,10,17.64
17477,13,216,113,2025-12-05 15:25:00,47,74.66
12706,492,259,154,2025-12-05 15:27:00,26,41.26
11206,17,175,69,2025-12-05 15:27:00,38,58.42
3452,46,161,63,2025-12-05 15:35:00,45,71.19
14150,491,199,188,2025-12-05 15:44:00,31,48.05
13623,270,199,137,2025-12-05 16:09:00,7,11.73
16003,195,54,198,2025-12-05 16:13:00,60,95.1
9917,208,41,133,2025-12-05 16:22:00,42,65.6
17436,405,54,61,2025-12-05 16:24:00,54,83.5
3540,473,85,185,2025-12-05 16:24:00,17,29.15
16278,179,63,257,2025-12-05 16:32:00,36,59.29
6201,58,133,65,2025-12-05 16:42:00,26,44.5
15823,489,210,60,2025-12-05 16:45:00,57,88.17
5495,426,33,190,2025-12-05 16:53:00,33,50.3
16240,142,243,140,2025-12-05 17:06:00,37,59.12
7503,222,67,68,2025-12-05 17:13:00,22,38.36
14766,266,218,119,2025-12-05 17:15:00,57,88.96
120,68,252,123,2025-12-05 17:17:00,45,71.49
1579,122,205,156,2025-12-05 17:24:00,32,47.71
4873,80,177,161,2025-12-05 17:26:00,41,65.88
16622,194,247,60,2025-12-05 17:27:00,33,51.46
13562,372,222,7,2025-12-05 17:31:00,32,49.56
1539,362,81,217,2025-12-05 17:42:00,15,24.59
6654,31,231,159,2025-12-05 17:57:00,15,26.12
16143,405,47,89,2025-12-05 17:57:00,37,60.07
1647,332,38,137,2025-12-05 18:24:00,37,57.22
3726,36,91,17,2025-12-05 18:27:00,32,51.82
11355,301,116,243,2025-12-05 18:27:00,36,56.74
10240,500,262,188,2025-12-05 18:36:00,31,51.22
1564,136,138,18,2025-12-05 19:05:00,33,52.85
1541,78,164,162,2025-12-05 19:09:00,38,61.2
4105,310,28,182,2025-12-05 19:11:00,22,32.98
7234,83,125,132,2025-12-05 19:18:00,33,52.09
6748,21,264,146,2025-12-05 19:27:00,45,69.91
18322,437,201,224,2025-12-05 19:56:00,18,32.0
8157,86,115,44,2025-12-05 20:01:00,23,37.69
12941,431,45,194,2025-12-05 20:02:00,7,12.69
11632,152,130,74,2025-12-05 20:03:00,32,48.79
14162,63,84,155,2025-12-05 20:09:00,19,29.44
8021,378,162,104,2025-12-05 20:14:00,46,75.11
16386,153,67,35,2025-12-05 20:17:00,37,61.12
10941,399,54,244,2025-12-05 20:30:00,21,30.84
16960,168,72,171,2025-12-05 20:32:00,51,82.71
4937,320,243,64,2025-12-05 20:40:00,24,39.59
12520,475,264,254,2025-12-05 20:49:00,7,12.82
12025,226,7,177,2025-12-05 21:11:00,42,66.34
2846,393,233,180,2025-12-05 21:14:00,14,25.17
16814,255,140,101,2025-12-05 21:42:00,10,19.55
10341,189,262,56,2025-12-05 21:44:00,37,58.48
14313,192,68,143,2025-12-05 22:07:00,5,13.09
14402,478,30,227,2025-12-05 22:19:00,14,22.67
529,13,228,206,2025-12-05 22:29:00,16,30.61
18823,245,1,77,2025-12-05 22:35:00,15,25.69
11409,359,252,183,2025-12-05 22:48:00,32,52.16
6680,294,229,113,2025-12-05 22:51:00,30,46.62
15773,466,151,158,2025-12-05 22:52:00,27,42.99
14949,140,192,254,2025-12-05 22:55:00,52,83.8
10607,334,93,183,2025-12-05 22:59:00,17,25.24
14974,288,169,254,2025-12-05 23:14:00,22,34.95
15849,159,17,44,2025-12-05 23:15:00,26,39.0
2343,266,198,166,2025-12-05 23:19:00,60,91.28
533,252,151,208,2025-12-05 23:22:00,51,80.56
9186,61,136,59,2025-12-05 23:34:00,22,41.02
10307,350,37,78,2025-12-05 23:34:00,49,74.69
3569,57,22,194,2025-12-05 23:36:00,55,0.0
11776,410,53,136,2025-12-05 23:48:00,33,52.63
7105,349,179,34,2025-12-05 23:54:00,59,94.05
12562,249,241,68,2025-12-06 00:04:00,8,16.35
10883,112,68,189,2025-12-06 00:06:00,26,38.59
12961,374,174,190,2025-12-06 00:10:00,5,10.61
7922,106,127,19,2025-12-06 00:26:00,18,30.49
16221,450,202,122,2025-12-06 00:32:00,13,19.81
19804,93,135,186,2025-12-06 00:34:00,50,80.3
8103,415,80,52,2025-12-06 00:43:00,43,69.59
11071,366,25,118,2025-12-06 00:49:00,21,36.35
16027,339,204,100,2025-12-06 00:53:00,47,74.45
9453,419,95,42,2025-12-06 00:56:00,19,32.67
6190,461,86,197,2025-12-06 01:02:00,55,87.24
8150,338,109,69,2025-12-06 01:07:00,56,89.07
16209,206,18,29,2025-12-06 01:23:00,44,67.91
8279,175,81,106,2025-12-06 01:24:00,54,82.87
5611,399,171,19,2025-12-06 01:26:00,33,51.73
12280,123,88,45,2025-12-06 01:42:00,12,25.54
19231,440,186,89,2025-12-06 01:49:00,30,46.32
25,405,62,229,2025-12-06 01:54:00,24,41.15
15860,359,195,182,2025-12-06 01:55:00,40,64.48
3157,50,30,225,2025-12-06 01:59:00,35,56.61
5520,90,169,37,2025-12-06 02:00:00,51,77.8
56,321,241,29,2025-12-06 02:18:00,49,74.83
3296,233,8,172,2025-12-06 02:40:00,32,51.53
14443,386,76,89,2025-12-06 02:42:00,14,24.58
19741,474,216,190,2025-12-06 02:44:00,26,39.07
3273,225,127,184,2025-12-06 02:49:00,37,59.47
19860,388,188,21,2025-12-06 02:54:00,50,75.85
15750,92,193,252,2025-12-06 03:01:00,41,64.73
6153,252,222,242,2025-12-06 03:08:00,5,8.06
14083,28,208,247,2025-12-06 03:20:00,7,14.19
7172,439,112,2,2025-12-06 03:37:00,41,63.79
7465,172,146,224,2025-12-06 03:44:00,45,68.02
8875,134,252,131,2025-12-06 03:51:00,27,43.8
14726,214,238,11,2025-12-06 03:57:00,40,60.23
1787,403,93,61,2025-12-06 04:02:00,58,91.6
52,195,211,62,2025-12-06 04:04:00,29,45.55
5303,154,147,202,2025-12-06 04:17:00,37,60.77
16273,397,261,184,2025-12-06 04:27:00,31,53.54
6067,223,229,74,2025-12-06 04:35:00,14,23.02
10633,9,148,165,2025-12-06 04:38:00,24,40.91
14274,36,142,61,2025-12-06 04:44:00,49,75.7
8867,127,208,177,2025-12-06 04:48:00,47,75.85
4578,145,173,22,2025-12-06 04:52:00,59,91.46
12916,62,138,209,2025-12-06 04:54:00,41,65.48
9733,442,144,41,2025-12-06 05:08:00,59,89.9
2388,465,188,173,2025-12-06 05:12:00,13,22.84
7317,191,216,73,2025-12-06 05:28:00,30,49.25
7569,494,129,237,2025-12-06 05:37:00,25,42.06
3293,455,125,175,2025-12-06 05:41:00,11,18.88
17742,169,49,144,2025-12-06 05:42:00,44,71.26
19684,183,75,183,2025-12-06 05:45:00,51,78.29
1576,303,166,150,2025-12-06 05:58:00,55,80.29
2574,354,123,52,2025-12-06 06:00:00,9,15.8
7697,161,73,165,2025-12-06 06:08:00,49,81.45
11359,400,42,97,2025-12-06 06:10:00,43,65.55
18326,5,36,25,2025-12-06 06:16:00,37,60.57
11396,458,50,209,2025-12-06 06:21:00,57,87.69
3304,220,172,105,2025-12-06 06:31:00,44,65.82
18375,201,248,130,2025-12-06 06:35:00,26,39.58
5797,50,253,188,2025-12-06 06:36:00,28,45.74
1543,377,76,56,2025-12-06 06:55:00,6,7.51
18041,339,46,104,2025-12-06 06:56:00,44,69.23
7541,460,28,241,2025-12-06 06:56:00,31,49.04
18735,479,156,121,2025-12-06 07:26:00,44,68.88
3793,28,45,178,2025-12-06 07:31:00,21,33.83
16746,436,145,84,2025-12-06 07:33:00,9,12.82
9489,451,24,133,2025-12-06 07:39:00,46,71.6
13345,184,192,57,2025-12-06 07:47:00,48,77.09
4511,32,229,100,2025-12-06 07:47:00,24,36.75
10899,147,130,113,2025-12-06 07:54:00,8,16.59
588,142,132,122,2025-12-06 07:57:00,42,66.02
1498,403,93,176,2025-12-06 08:10:00,8,15.52
14781,67,251,225,2025-12-06 08:15:00,23,34.31
2665,309,234,199,2025-12-06 08:15:00,7,9.29
7123,424,46,211,2025-12-06 08:36:00,60,95.66
3003,203,133,113,2025-12-06 08:40:00,19,31.23
1630,221,225,89,2025-12-06 08:42:00,40,64.75
10321,483,15,85,2025-12-06 08:46:00,14,25.9
2872,313,107,65,2025-12-06 08:47:00,30,46.99
82,208,109,232,2025-12-06 08:51:00,28,41.76
7856,180,188,27,2025-12-06 08:59:00,42,66.39
5089,44,71,78,2025-12-06 09:02:00,38,61.23
7704,21,59,142,2025-12-06 09:03:00,40,63.45
7095,212,240,189,2025-12-06 09:13:00,57,91.13
1305,260,236,4,2025-12-06 09:15:00,36,55.82
10977,263,183,229,2025-12-06 09:25:00,11,18.93
9465,113,83,77,2025-12-06 09:26:00,36,59.11
19770,137,148,26,2025-12-06 09:31:00,54,79.72
17038,130,120,190,2025-12-06 09:40:00,55,87.52
2936,120,190,206,2025-12-06 09:42:00,10,15.69
3991,197,252,3,2025-12-06 09:49:00,46,69.81
1043,205,81,228,2025-12-06 10:02:00,8,14.81
797,371,119,126,2025-12-06 10:10:00,35,53.96
3769,308,207,238,2025-12-06 10:18:00,25,40.97
12893,9,185,168,2025-12-06 10:19:00,11,19.17
18138,91,207,185,2025-12-06 10:19:00,6,15.39
13712,256,166,129,2025-12-06 10:30:00,35,55.89
15982,154,68,187,2025-12-06 10:33:00,17,30.82
13581,484,16,139,2025-12-06 10:35:00,16,27.78
4101,196,242,254,2025-12-06 10:46:00,14,22.03
8980,406,60,147,2025-12-06 10:48:00,49,76.32
8819,422,30,224,2025-12-06 11:09:00,17,33.93
10038,225,48,132,2025-12-06 11:12:00,59,92.54
19550,178,97,203,2025-12-06 11:13:00,54,81.22
13596,54,36,73,2025-12-06 11:27:00,29,46.56
1896,262,102,185,2025-12-06 11:35:00,13,22.34
18052,416,20,201,2025-12-06 11:42:00,27,46.49
3208,213,51,176,2025-12-06 11:47:00,43,60.98
17414,216,82,42,2025-12-06 11:54:00,57,88.26
17443,16,27,16,2025-12-06 11:57:00,44,67.72
6500,252,119,167,2025-12-06 12:04:00,21,35.89
8182,266,175,28,2025-12-06 12:15:00,56,87.9
1334,9,205,26,2025-12-06 12:18:00,21,33.33
7164,189,219,25,2025-12-06 12:42:00,28,44.14
2266,463,241,136,2025-12-06 12:44:00,27,45.35
6376,178,164,31,2025-12-06 12:48:00,58,90.23
14120,162,197,223,2025-12-06 12:51:00,19,28.63
2164,183,131,189,2025-12-06 13:03:00,52,80.57
6520,221,113,11,2025-12-06 13:05:00,19,38.64
2491,344,236,149,2025-12-06 13:06:00,16,29.64
6207,190,53,199,2025-12-06 13:08:00,36,57.5
13582,77,109,155,2025-12-06 13:09:00,44,69.13
19522,183,248,170,2025-12-06 13:13:00,47,76.2
18044,243,71,204,2025-12-06 13:20:00,8,14.92
5887,166,146,253,2025-12-06 13:24:00,60,94.17
438,234,147,4,2025-12-06 13:25:00,15,23.49
13393,254,39,187,2025-12-06 13:30:00,22,40.62
693,384,200,26,2025-12-06 13:32:00,56,87.19
2277,342,153,53,2025-12-06 13:33:00,21,37.14
10869,175,257,261,2025-12-06 13:34:00,58,91.67
2977,93,132,100,2025-12-06 13:35:00,29,46.28
15312,119,121,160,2025-12-06 13:43:00,24,37.57
7257,137,130,133,2025-12-06 13:48:00,41,64.56
45,47,110,46,2025-12-06 13:59:00,10,17.72
13105,52,165,65,2025-12-06 14:04:00,56,84.95
19621,139,33,29,2025-12-06 14:10:00,25,41.33
11901,181,265,216,2025-12-06 14:30:00,58,89.98
7455,70,235,23,2025-12-06 14:33:00,6,11.48
8419,177,64,265,2025-12-06 14:34:00,50,75.92
7986,417,23,185,2025-12-06 14:39:00,46,72.5
9179,226,227,248,2025-12-06 14:49:00,5,13.26
16311,450,95,234,2025-12-06 14:50:00,43,65.79
3682,368,166,207,2025-12-06 15:02:00,57,83.58
5122,499,49,261,2025-12-06 15:04:00,55,85.73
15236,386,12,16,2025-12-06 15:06:00,28,45.81
13754,150,20,113,2025-12-06 15:09:00,48,72.11
15270,239,95,184,2025-12-06 15:15:00,26,39.81
17627,346,59,137,2025-12-06 15:18:00,21,38.56
15929,426,17,77,2025-12-06 15:24:00,5,9.61
13653,230,16,224,2025-12-06 15:31:00,51,78.5
11569,321,8,129,2025-12-06 15:36:00,9,16.68
5053,361,151,224,2025-12-06 15:40:00,37,59.25
8355,177,119,132,2025-12-06 15:41:00,54,87.04
14315,161,65,252,2025-12-06 15:49:00,34,56.8
3798,473,207,145,2025-12-06 15:55:00,14,23.35
18446,32,97,77,2025-12-06 16:02:00,46,71.63
14164,456,230,24,2025-12-06 16:03:00,11,20.47
9720,248,27,235,2025-12-06 16:05:00,48,75.69
19990,268,203,136,2025-12-06 16:06:00,28,46.13
9347,383,179,64,2025-12-06 16:27:00,15,25.49
17277,45,213,217,2025-12-06 16:34:00,45,71.15
5839,351,139,10,2025-12-06 16:42:00,60,93.66
8175,70,53,194,2025-12-06 16:45:00,33,55.34
2874,478,146,122,2025-12-06 16:52:00,27,43.18
12756,12,92,92,2025-12-06 16:58:00,54,85.93
17552,83,202,160,2025-12-06 17:01:00,18,28.15
15717,364,246,251,2025-12-06 17:03:00,37,57.22
16534,343,68,81,2025-12-06 17:07:00,29,46.49
5584,2,250,264,2025-12-06 17:15:00,37,57.25
13236,25,21,30,2025-12-06 17:19:00,46,70.66
4492,144,170,120,2025-12-06 17:35:00,37,57.36
4287,310,81,128,2025-12-06 17:53:00,15,25.86
10187,137,76,96,2025-12-06 17:56:00,20,34.47
1168,104,62,90,2025-12-06 18:05:00,48,75.97
3576,271,264,189,2025-12-06 18:07:00,6,12.54
1165,276,145,77,2025-12-06 18:19:00,37,60.79
12181,493,115,207,2025-12-06 18:28:00,13,20.66
9829,246,189,84,2025-12-06 18:30:00,29,47.48
15094,290,139,178,2025-12-06 18:35:00,25,41.69
5681,360,184,108,2025-12-06 18:47:00,51,79.59
7285,340,23,57,2025-12-06 18:50:00,25,39.5
17209,129,108,186,2025-12-06 19:08:00,52,82.31
963,372,184,75,2025-12-06 19:12:00,11,20.17
6195,147,89,127,2025-12-06 19:19:00,60,92.79
10189,420,65,53,2025-12-06 19:33:00,14,22.22
14457,347,162,59,2025-12-06 19:33:00,26,41.76
16722,174,152,129,2025-12-06 19:39:00,58,91.59
1681,61,151,254,2025-12-06 19:45:00,24,37.63
19225,350,143,76,2025-12-06 19:49:00,33,51.01
6477,8,130,18,2025-12-06 19:50:00,27,42.14
15389,459,42,37,2025-12-06 19:52:00,12,19.23
14668,184,157,254,2025-12-06 20:01:00,34,55.39
702,308,159,14,2025-12-06 20:05:00,16,27.86
4002,341,183,159,2025-12-06 20:07:00,51,78.38
17653,369,187,199,2025-12-06 20:09:00,31,48.21
3292,80,61,26,2025-12-06 20:15:00,43,65.59
17520,408,103,196,2025-12-06 20:25:00,38,60.72
8845,163,30,56,2025-12-06 20:36:00,5,7.45
9135,344,241,89,2025-12-06 20:38:00,33,51.65
19452,391,202,170,2025-12-06 20:47:00,19,31.66
12939,405,131,17,2025-12-06 20:54:00,20,33.53
9989,117,224,97,2025-12-06 21:10:00,43,65.85
5942,427,84,54,2025-12-06 21:15:00,24,40.91
18844,37,245,37,2025-12-06 21:29:00,13,20.83
14847,430,183,6,2025-12-06 21:35:00,21,29.64
19746,249,206,237,2025-12-06 21:45:00,20,36.32
7217,169,244,126,2025-12-06 21:56:00,15,26.27
14586,216,85,197,2025-12-06 22:00:00,55,89.0
11111,243,113,7,2025-12-06 22:02:00,36,57.5
16774,444,246,23,2025-12-06 22:04:00,30,50.82
6071,483,23,219,2025-12-06 22:14:00,14,24.95
4823,404,179,106,2025-12-06 22:25:00,32,49.05
3363,380,210,23,2025-12-06 22:33:00,29,48.77
8054,413,150,75,2025-12-06 22:34:00,5,8.95
13026,132,155,184,2025-12-06 22:35:00,27,45.03
2732,258,30,246,2025-12-06 22:43:00,45,73.57
11968,231,89,55,2025-12-06 23:02:00,54,81.71
18333,44,39,62,2025-12-06 23:07:00,35,58.4
9190,365,121,248,2025-12-06 23:14:00,18,31.23
6507,151,39,19,2025-12-06 23:15:00,37,55.96
10090,356,141,206,2025-12-06 23:16:00,13,21.97
19262,401,178,55,2025-12-06 23:24:00,48,70.11
8685,267,261,143,2025-12-06 23:30:00,59,89.29
7065,96,51,21,2025-12-06 23:31:00,45,66.48
4856,63,105,255,2025-12-06 23:45:00,47,75.0
14934,72,108,223,2025-12-06 23:46:00,39,62.0
14193,434,242,62,2025-12-07 00:01:00,54,84.62
18633,67,139,227,2025-12-07 00:11:00,59,89.26
18253,23,218,250,2025-12-07 00:22:00,15,28.33
6034,162,209,252,2025-12-07 00:22:00,59,91.0
11436,270,12,123,2025-12-07 00:41:00,56,87.23
17186,269,127,123,2025-12-07 00:41:00,28,42.76
8087,231,124,87,2025-12-07 00:44:00,34,56.03
14898,85,174,265,2025-12-07 01:06:00,15,25.67
17735,414,70,95,2025-12-07 01:08:00,45,69.76
4481,31,238,29,2025-12-07 01:11:00,14,20.59
4275,362,23,106,2025-12-07 01:22:00,48,72.07
13000,51,215,107,2025-12-07 01:28:00,57,89.94
16503,178,75,6,2025-12-07 01:30:00,32,48.36
1507,252,127,85,2025-12-07 01:30:00,52,82.96
8714,472,111,47,2025-12-07 01:33:00,26,42.28
7121,404,77,160,2025-12-07 01:43:00,18,32.49
18541,167,265,87,2025-12-07 01:54:00,37,54.15
19272,420,177,157,2025-12-07 01:55:00,31,51.15
12096,315,26,25,2025-12-07 01:59:00,25,34.23
13627,418,256,204,2025-12-07 02:01:00,53,81.6
9140,355,39,245,2025-12-07 02:10:00,32,52.44
1193,151,128,212,2025-12-07 02:10:00,22,38.29
6704,142,36,202,2025-12-07 02:12:00,56,85.39
177,456,152,134,2025-12-07 02:14:00,9,19.64
15105,18,88,137,2025-12-07 02:22:00,11,20.58
5406,49,189,71,2025-12-07 02:29:00,50,82.78
13340,186,121,200,2025-12-07 02:41:00,25,43.74
1923,86,150,48,2025-12-07 02:44:00,19,34.17
3360,141,35,136,2025-12-07 02:49:00,47,73.39
8117,187,253,101,2025-12-07 02:49:00,43,73.09
9031,77,97,78,2025-12-07 03:08:00,9,16.51
7702,159,223,175,2025-12-07 03:21:00,37,57.56
8291,492,255,66,2025-12-07 03:31:00,56,88.07
10374,174,193,4,2025-12-07 03:36:00,52,82.23
4472,223,234,250,2025-12-07 03:37:00,24,38.72
3637,440,6,197,2025-12-07 03:39:00,50,77.64
10549,334,33,49,2025-12-07 03:42:00,30,49.34
1046,327,74,237,2025-12-07 04:02:00,56,91.25
2428,350,255,204,2025-12-07 04:05:00,7,16.22
13681,182,246,111,2025-12-07 04:18:00,7,10.98
12039,38,89,35,2025-12-07 04:22:00,45,70.66
13079,381,199,15,2025-12-07 04:32:00,34,55.34
6321,461,180,80,2025-12-07 04:44:00,31,51.3
17882,46,204,192,2025-12-07 05:04:00,12,21.46
9424,485,54,65,2025-12-07 05:04:00,37,56.16
16390,415,19,141,2025-12-07 05:05:00,21,33.14
8985,127,76,46,2025-12-07 05:07:00,10,16.75
13070,97,241,218,2025-12-07 05:19:00,54,86.35
6366,387,165,200,2025-12-07 05:38:00,44,66.26
8345,197,234,239,2025-12-07 05:39:00,5,10.69
7386,114,69,224,2025-12-07 05:43:00,36,60.09
3933,64,260,42,2025-12-07 05:49:00,37,61.18
19205,420,9,137,2025-12-07 05:57:00,8,15.53
17935,418,232,173,2025-12-07 06:01:00,7,9.6
16985,42,71,210,2025-12-07 06:01:00,25,40.41
3249,11,48,54,2025-12-07 06:30:00,13,26.07
2362,424,152,65,2025-12-07 06:40:00,10,18.46
3141,123,99,265,2025-12-07 06:50:00,59,96.85
11799,30,79,177,2025-12-07 07:01:00,17,27.36
3481,204,40,147,2025-12-07 07:12:00,20,31.76
12563,385,6,63,2025-12-07 07:12:00,26,42.11
6700,346,67,108,2025-12-07 07:18:00,50,80.5
18552,275,183,153,2025-12-07 07:24:00,5,12.17
839,479,258,265,2025-12-07 07:30:00,12,23.8
17410,267,57,157,2025-12-07 07:40:00,34,54.79
15689,149,230,40,2025-12-07 07:41:00,35,54.22
2137,214,18,7,2025-12-07 07:48:00,6,11.89
2737,120,49,19,2025-12-07 07:50:00,44,69.29
2247,35,143,31,2025-12-07 08:07:00,36,58.0
723,299,250,15,2025-12-07 08:10:00,46,67.91
16752,315,247,69,2025-12-07 08:14:00,16,26.65
4934,382,185,179,2025-12-07 08:16:00,28,46.36
8961,368,65,94,2025-12-07 08:26:00,60,93.17
3487,492,118,78,2025-12-07 08:28:00,32,51.12
15931,339,210,103,2025-12-07 09:00:00,15,25.51
7522,326,2,155,2025-12-07 09:03:00,45,68.68
2211,466,140,93,2025-12-07 09:07:00,7,15.12
12468,178,64,32,2025-12-07 09:19:00,32,50.53
12051,251,187,38,2025-12-07 09:24:00,55,85.41
7346,306,17,204,2025-12-07 09:28:00,30,46.24
9585,262,4,88,2025-12-07 09:29:00,6,12.54
6758,107,182,37,2025-12-07 09:34:00,48,80.11
19071,4,261,26,2025-12-07 09:41:00,30,46.47
12439,148,89,162,2025-12-07 09:47:00,23,37.56
14649,244,57,227,2025-12-07 09:51:00,41,66.08
12741,397,132,62,2025-12-07 09:52:00,48,75.07
7684,421,145,237,2025-12-07 09:57:00,24,40.41
5234,5,215,259,2025-12-07 09:58:00,44,65.31
5549,48,62,178,2025-12-07 10:01:00,51,78.48
13170,91,210,135,2025-12-07 10:09:00,28,45.14
12414,413,128,3,2025-12-07 10:12:00,24,40.97
8500,176,118,118,2025-12-07 10:18:00,43,66.53
7685,429,44,76,2025-12-07 10:20:00,47,75.1
5730,4,76,214,2025-12-07 10:34:00,21,36.85
14795,479,221,255,2025-12-07 10:36:00,38,62.51
12985,468,112,227,2025-12-07 10:45:00,23,38.8
17538,83,60,59,2025-12-07 10:47:00,47,75.25
8908,231,188,246,2025-12-07 10:49:00,26,41.81
16853,489,174,54,2025-12-07 10:55:00,15,24.94
12739,421,235,226,2025-12-07 11:00:00,10,22.34
15106,403,24,75,2025-12-07 11:02:00,9,15.79
924,277,218,238,2025-12-07 11:06:00,39,61.88
17900,90,27,49,2025-12-07 11:08:00,8,13.28
6012,119,188,134,2025-12-07 11:11:00,8,17.45
8971,347,21,10,2025-12-07 11:26:00,29,50.02
19200,130,230,107,2025-12-07 11:27:00,12,23.69
15924,239,56,100,2025-12-07 11:35:00,13,24.99
8056,8,162,265,2025-12-07 11:37:00,6,10.98
3230,238,19,164,2025-12-07 11:51:00,9,19.64
14345,110,180,97,2025-12-07 11:52:00,48,77.49
11491,108,64,86,2025-12-07 11:55:00,58,89.23
6453,500,204,20,2025-12-07 12:01:00,45,70.54
13568,217,17,163,2025-12-07 12:03:00,57,88.28
17275,138,263,115,2025-12-07 12:20:00,32,52.1
17257,207,16,265,2025-12-07 12:43:00,52,83.76
7600,40,89,173,2025-12-07 12:47:00,6,10.09
4195,285,136,15,2025-12-07 12:52:00,56,86.82
7507,122,152,178,2025-12-07 12:53:00,48,78.02
10364,9,202,164,2025-12-07 13:08:00,43,66.53
7886,113,253,198,2025-12-07 13:21:00,8,14.51
593,248,68,121,2025-12-07 13:24:00,26,42.21
12216,341,131,242,2025-12-07 13:30:00,34,0.0
4255,288,236,13,2025-12-07 13:41:00,46,69.15
19326,305,238,52,2025-12-07 13:42:00,50,78.6
1203,204,86,132,2025-12-07 13:47:00,45,68.29
1450,27,262,162,2025-12-07 13:51:00,50,78.73
19610,382,205,161,2025-12-07 14:02:00,48,75.25
15196,184,206,223,2025-12-07 14:03:00,40,61.19
9000,295,136,26,2025-12-07 14:19:00,50,78.4
4054,409,259,146,2025-12-07 14:35:00,48,74.89
9249,238,7,24,2025-12-07 14:36:00,46,76.17
12431,216,28,228,2025-12-07 14:43:00,46,0.0
14608,437,141,77,2025-12-07 14:45:00,9,17.88
6062,360,27,104,2025-12-07 14:47:00,55,83.85
5071,341,17,180,2025-12-07 14:49:00,9,14.26
4285,62,97,33,2025-12-07 14:58:00,19,28.44
8308,338,221,47,2025-12-07 15:07:00,35,48.69
336,402,47,154,2025-12-07 15:12:00,49,75.67
18501,463,164,85,2025-12-07 15:37:00,59,87.67
14179,446,194,24,2025-12-07 15:46:00,32,49.07
15280,65,123,235,2025-12-07 15:50:00,25,37.53
18653,87,28,95,2025-12-07 15:50:00,23,35.58
17132,442,217,245,2025-12-07 16:03:00,52,80.41
9841,1,31,166,2025-12-07 16:10:00,43,64.64
14395,360,181,204,2025-12-07 16:19:00,9,18.91
14546,126,243,185,2025-12-07 16:24:00,33,51.84
3984,149,2,131,2025-12-07 16:36:00,40,62.98
11327,114,11,17,2025-12-07 16:39:00,25,42.63
14897,472,60,135,2025-12-07 16:40:00,46,72.7
11738,111,240,109,2025-12-07 16:40:00,40,59.28
4353,285,149,36,2025-12-07 16:47:00,22,38.14
1683,471,15,212,2025-12-07 16:53:00,12,22.08
12343,230,58,236,2025-12-07 17:10:00,31,48.28
1041,212,223,111,2025-12-07 17:13:00,50,81.13
1136,269,43,83,2025-12-07 17:26:00,11,20.2
13936,7,142,47,2025-12-07 17:35:00,47,72.76
12339,337,186,38,2025-12-07 17:41:00,12,22.93
8367,223,253,134,2025-12-07 17:45:00,32,50.12
3039,188,186,3,2025-12-07 17:53:00,48,71.92
14564,189,163,214,2025-12-07 17:59:00,5,10.07
17930,295,124,179,2025-12-07 18:01:00,10,23.99
5718,24,27,259,2025-12-07 18:04:00,43,65.78
1316,417,123,260,2025-12-07 18:06:00,44,69.61
1890,400,48,75,2025-12-07 18:16:00,17,30.38
9871,216,206,168,2025-12-07 18:24:00,56,88.96
16740,211,15,185,2025-12-07 18:54:00,59,90.91
11833,124,49,52,2025-12-07 19:01:00,6,13.91
9689,97,249,13,2025-12-07 19:12:00,24,37.56
6412,454,169,55,2025-12-07 19:12:00,55,85.35
15861,339,233,200,2025-12-07 19:15:00,21,35.39
14739,307,88,259,2025-12-07 19:16:00,53,82.2
13873,336,170,164,2025-12-07 19:25:00,56,87.36
9546,222,239,122,2025-12-07 19:42:00,58,88.49
7721,453,78,175,2025-12-07 19:43:00,54,82.62
1228,487,135,110,2025-12-07 19:44:00,40,62.71
14650,78,19,147,2025-12-07 19:46:00,60,90.98
19865,360,49,205,2025-12-07 20:07:00,54,83.94
18939,182,48,235,2025-12-07 20:09:00,9,13.77
2006,240,181,141,2025-12-07 20:10:00,30,46.38
2715,280,29,203,2025-12-07 20:23:00,53,78.59
11851,168,105,154,2025-12-07 20:31:00,15,25.25
14298,53,145,17,2025-12-07 20:37:00,18,29.94
5101,228,138,250,2025-12-07 20:50:00,44,68.31
16203,439,149,168,2025-12-07 20:54:00,34,55.82
12219,476,120,9,2025-12-07 20:57:00,42,66.24
726,359,245,146,2025-12-07 20:59:00,58,95.38
11303,50,110,202,2025-12-07 21:00:00,21,35.95
988,421,239,237,2025-12-07 21:04:00,19,29.38
4281,481,72,35,2025-12-07 21:11:00,42,64.1
625,112,132,30,2025-12-07 21:15:00,28,48.93
12129,369,158,15,2025-12-07 21:15:00,47,71.6
2303,469,109,207,2025-12-07 21:19:00,39,60.93
6554,348,125,113,2025-12-07 21:37:00,59,90.79
19314,207,232,37,2025-12-07 21:43:00,31,51.61
14249,365,205,84,2025-12-07 21:44:00,34,54.03
12949,439,33,108,2025-12-07 21:46:00,41,68.03
17716,438,70,190,2025-12-07 21:53:00,57,88.08
19268,176,73,148,2025-12-07 22:05:00,55,87.15
7045,82,43,230,2025-12-07 22:13:00,7,14.66
16021,266,212,115,2025-12-07 22:39:00,13,22.22
9005,106,70,213,2025-12-07 22:40:00,43,68.43
16139,31,247,258,2025-12-07 22:49:00,19,32.08
2750,218,40,212,2025-12-07 22:58:00,22,33.19
15721,488,55,110,2025-12-07 22:59:00,27,46.43
816,320,151,167,2025-12-07 23:10:00,19,33.18
115,439,239,127,2025-12-07 23:18:00,28,48.12
16056,326,234,28,2025-12-07 23:37:00,31,49.77
18144,278,113,212,2025-12-07 23:38:00,35,54.26
10446,496,182,158,2025-12-07 23:47:00,12,22.15
6024,436,168,162,2025-12-07 23:48:00,59,91.45
2035,141,254,211,2025-12-07 23:50:00,32,49.63
13227,269,92,24,2025-12-08 00:05:00,32,50.76
7209,98,21,24,2025-12-08 00:13:00,41,64.86
1942,381,5,123,2025-12-08 00:21:00,38,60.68
15584,95,57,145,2025-12-08 00:27:00,19,30.95
703,142,29,226,2025-12-08 00:41:00,38,56.69
18976,202,147,229,2025-12-08 00:45:00,21,38.04
10711,35,160,241,2025-12-08 00:48:00,56,84.3
17158,173,50,218,2025-12-08 00:50:00,18,31.59
7938,451,240,242,2025-12-08 00:52:00,42,71.03
17124,445,62,215,2025-12-08 01:01:00,38,59.25
14090,350,251,22,2025-12-08 01:08:00,27,41.38
15833,151,204,157,2025-12-08 01:09:00,17,29.8
8069,144,193,112,2025-12-08 01:11:00,44,70.66
12058,174,54,140,2025-12-08 01:19:00,29,48.64
8312,478,91,126,2025-12-08 01:25:00,29,45.37
12068,463,218,48,2025-12-08 01:27:00,7,14.66
11654,451,104,239,2025-12-08 01:28:00,39,58.02
6874,194,6,51,2025-12-08 01:38:00,31,48.87
2988,129,32,210,2025-12-08 01:49:00,11,23.19
9994,282,99,232,2025-12-08 01:57:00,51,81.94
9321,247,195,208,2025-12-08 02:06:00,26,39.43
14762,171,74,158,2025-12-08 02:11:00,43,66.7
2323,247,48,205,2025-12-08 02:16:00,22,40.19
14823,206,248,104,2025-12-08 02:18:00,46,68.71
9169,149,31,85,2025-12-08 02:23:00,60,91.62
7091,396,96,263,2025-12-08 02:25:00,21,32.03
2722,147,41,33,2025-12-08 02:26:00,41,65.34
9757,321,203,78,2025-12-08 02:42:00,26,44.21
18103,72,155,63,2025-12-08 02:44:00,39,61.56
4162,332,126,173,2025-12-08 02:55:00,20,30.56
16001,497,253,158,2025-12-08 03:03:00,28,44.68
17881,150,107,119,2025-12-08 03:04:00,11,17.24
16688,133,239,206,2025-12-08 03:09:00,37,57.53
11169,166,152,216,2025-12-08 03:11:00,50,81.98
2158,463,176,224,2025-12-08 03:12:00,30,50.61
17975,92,159,129,2025-12-08 03:23:00,7,13.26
17671,163,209,91,2025-12-08 03:26:00,28,42.88
3410,400,57,84,2025-12-08 03:45:00,20,35.21
16330,218,37,3,2025-12-08 03:55:00,59,90.31
15502,251,190,153,2025-12-08 03:57:00,26,37.05
13640,351,94,53,2025-12-08 03:58:00,54,85.22
3377,401,49,42,2025-12-08 04:01:00,50,79.7
5286,98,8,50,2025-12-08 04:01:00,11,20.31
15616,93,86,158,2025-12-08 04:07:00,12,22.59
16790,154,154,233,2025-12-08 04:12:00,32,49.49
16836,307,89,218,2025-12-08 04:15:00,42,63.58
1122,287,246,146,2025-12-08 04:18:00,55,84.42
10393,473,100,131,2025-12-08 04:31:00,39,61.73
12054,398,198,227,2025-12-08 04:42:00,9,14.49
10425,221,228,127,2025-12-08 04:48:00,14,25.96
13436,67,196,35,2025-12-08 04:50:00,17,31.93
11685,417,69,111,2025-12-08 04:57:00,31,48.42
12717,56,29,28,2025-12-08 05:01:00,49,77.66
1470,181,154,108,2025-12-08 05:10:00,53,82.01
10314,457,70,194,2025-12-08 05:18:00,51,78.66
10816,485,70,211,2025-12-08 05:20:00,6,12.25
8581,475,165,16,2025-12-08 05:24:00,19,30.0
10755,253,33,132,2025-12-08 05:40:00,51,75.79
458,85,239,120,2025-12-08 05:51:00,14,24.98
1159,161,124,159,2025-12-08 05:55:00,9,18.65
1926,282,46,209,2025-12-08 06:06:00,28,46.29
7235,276,138,262,2025-12-08 06:19:00,34,54.19
3477,122,137,17,2025-12-08 06:20:00,14,21.85
8225,275,124,12,2025-12-08 06:25:00,10,17.8
15906,2,259,49,2025-12-08 06:44:00,30,49.79
1925,161,217,83,2025-12-08 06:49:00,46,74.41
10708,62,89,32,2025-12-08 06:57:00,12,21.85
6681,131,236,33,2025-12-08 07:00:00,16,25.19
5077,183,265,50,2025-12-08 07:04:00,9,16.03
2931,82,176,180,2025-12-08 07:12:00,54,83.24
18599,207,193,248,2025-12-08 07:18:00,40,60.35
15368,241,255,71,2025-12-08 07:22:00,6,12.76
14873,393,178,184,2025-12-08 07:26:00,28,43.62
5915,107,58,140,2025-12-08 07:27:00,36,55.27
16499,401,113,65,2025-12-08 07:35:00,23,37.81
14135,420,32,241,2025-12-08 07:39:00,33,50.67
3652,402,150,132,2025-12-08 07:40:00,35,52.1
14624,55,139,209,2025-12-08 07:43:00,18,28.35
6821,487,74,247,2025-12-08 07:46:00,47,72.45
18425,99,105,202,2025-12-08 07:59:00,53,84.07
8199,388,210,77,2025-12-08 07:59:00,46,71.94
6469,292,112,36,2025-12-08 08:06:00,57,87.73
4673,95,37,258,2025-12-08 08:18:00,22,33.62
4630,460,184,98,2025-12-08 08:25:00,9,15.77
9299,200,183,83,2025-12-08 08:26:00,40,59.94
10526,121,76,262,2025-12-08 08:36:00,17,32.84
7161,204,127,190,2025-12-08 08:39:00,5,11.35
1616,106,184,215,2025-12-08 08:46:00,37,59.38
17013,114,117,21,2025-12-08 08:53:00,47,75.98
9830,298,23,21,2025-12-08 09:21:00,48,74.69
15157,388,177,245,2025-12-08 09:43:00,60,90.79
4199,464,39,260,2025-12-08 09:50:00,59,93.15
15269,390,210,204,2025-12-08 09:51:00,36,58.87
6916,240,177,34,2025-12-08 10:00:00,49,78.23
2009,128,45,226,2025-12-08 10:04:00,44,64.62
8706,151,72,89,2025-12-08 10:14:00,56,89.03
11816,11,36,102,2025-12-08 10:15:00,37,61.19
11173,300,241,100,2025-12-08 10:21:00,49,77.36
6229,301,224,80,2025-12-08 10:25:00,50,79.85
12545,37,32,191,2025-12-08 10:31:00,14,20.74
5030,248,195,160,2025-12-08 10:32:00,44,67.9
7981,336,146,7,2025-12-08 10:36:00,51,78.49
10769,268,133,163,2025-12-08 10:48:00,20,35.55
12799,376,54,84,2025-12-08 10:49:00,19,32.04
14660,231,185,80,2025-12-08 11:02:00,19,31.65
10010,327,208,84,2025-12-08 11:04:00,5,10.95
7478,343,50,263,2025-12-08 11:22:00,41,63.51
17828,257,53,112,2025-12-08 11:23:00,33,55.65
16413,407,259,250,2025-12-08 11:51:00,46,74.56
10728,357,199,107,2025-12-08 11:55:00,31,48.23
8140,298,137,150,2025-12-08 12:01:00,28,46.27
17523,355,161,95,2025-12-08 12:10:00,5,11.93
4793,241,104,56,2025-12-08 12:14:00,5,11.59
10783,456,21,18,2025-12-08 12:16:00,42,65.63
6362,229,140,69,2025-12-08 12:17:00,5,9.97
1340,417,157,241,2025-12-08 12:19:00,37,57.64
5486,37,184,126,2025-12-08 12:31:00,41,64.51
500,418,49,83,2025-12-08 12:39:00,46,73.23
12947,289,185,255,2025-12-08 12:43:00,18,28.26
10072,282,99,92,2025-12-08 12:48:00,41,66.54
14592,43,173,195,2025-12-08 12:57:00,53,82.81
4106,171,173,222,2025-12-08 12:58:00,19,30.49
9436,339,151,79,2025-12-08 13:01:00,19,28.95
13068,82,3,213,2025-12-08 13:14:00,18,31.26
14116,5,35,264,2025-12-08 13:20:00,41,66.35
18175,263,7,73,2025-12-08 13:27:00,40,66.86
18540,396,254,87,2025-12-08 13:29:00,13,23.29
6387,26,127,113,2025-12-08 13:30:00,50,80.09
19775,157,152,250,2025-12-08 13:34:00,10,19.52
10390,273,44,109,2025-12-08 13:37:00,19,29.12
17249,29,245,236,2025-12-08 13:40:00,47,72.48
68,97,162,73,2025-12-08 13:46:00,23,39.44
9310,392,64,233,2025-12-08 13:53:00,50,77.67
15458,190,256,167,2025-12-08 13:55:00,46,70.13
9758,359,10,237,2025-12-08 13:56:00,9,14.62
14337,121,126,165,2025-12-08 14:18:00,40,62.22
2339,328,257,31,2025-12-08 14:20:00,30,50.81
13279,49,170,239,2025-12-08 14:23:00,36,58.05
8077,2,229,202,2025-12-08 14:37:00,6,10.37
3429,76,262,216,2025-12-08 14:39:00,25,43.74
17386,324,106,104,2025-12-08 14:58:00,52,80.37
6998,380,200,125,2025-12-08 15:00:00,50,77.92
18151,163,66,181,2025-12-08 15:04:00,39,60.68
16627,190,95,147,2025-12-08 15:22:00,17,25.7
18576,392,146,257,2025-12-08 15:23:00,40,66.58
17407,32,249,144,2025-12-08 15:36:00,48,75.65
13547,120,38,136,2025-12-08 15:39:00,14,23.11
3611,251,122,91,2025-12-08 15:50:00,6,11.2
2598,344,40,201,2025-12-08 15:51:00,29,46.91
16557,465,46,258,2025-12-08 15:53:00,34,57.76
1019,45,206,111,2025-12-08 15:59:00,33,52.39
1400,240,23,93,2025-12-08 15:59:00,59,88.8
19498,360,93,239,2025-12-08 16:01:00,7,15.26
13029,63,125,200,2025-12-08 16:02:00,21,35.9
1327,327,183,23,2025-12-08 16:04:00,41,60.59
8729,490,42,24,2025-12-08 16:19:00,21,34.53
3989,102,126,240,2025-12-08 16:30:00,40,59.94
9889,300,253,264,2025-12-08 16:38:00,31,51.55
3128,417,71,81,2025-12-08 16:40:00,19,31.78
8870,318,159,6,2025-12-08 16:40:00,43,67.92
16389,303,124,83,2025-12-08 16:45:00,52,82.43
4497,190,148,208,2025-12-08 16:50:00,19,30.76
5930,328,118,216,2025-12-08 16:54:00,27,42.9
2579,316,197,229,2025-12-08 16:57:00,25,36.54
16257,196,103,167,2025-12-08 17:02:00,26,41.57
1895,29,53,8,2025-12-08 17:02:00,60,92.1
937,416,51,105,2025-12-08 17:08:00,5,14.47
11728,466,257,164,2025-12-08 17:14:00,9,17.51
11350,410,255,16,2025-12-08 17:34:00,58,90.32
13811,442,65,38,2025-12-08 17:36:00,48,74.53
11681,74,139,243,2025-12-08 17:38:00,20,34.29
18847,39,45,193,2025-12-08 17:39:00,41,63.93
10540,298,200,238,2025-12-08 17:39:00,11,17.25
5692,438,202,141,2025-12-08 17:41:00,7,14.31
7789,284,116,172,2025-12-08 17:45:00,29,46.39
2679,79,210,25,2025-12-08 17:52:00,35,55.29
9992,14,59,133,2025-12-08 17:53:00,8,15.64
9543,125,102,159,2025-12-08 17:54:00,8,17.01
8939,120,142,162,2025-12-08 18:05:00,23,37.11
13807,31,109,163,2025-12-08 18:05:00,36,57.11
16065,369,80,1,2025-12-08 18:06:00,45,72.65
3568,206,131,228,2025-12-08 18:35:00,8,18.35
4976,270,56,62,2025-12-08 18:46:00,34,52.89
10303,94,56,7,2025-12-08 18:51:00,56,86.87
10143,178,107,79,2025-12-08 18:55:00,21,31.97
12401,170,7,234,2025-12-08 19:00:00,24,38.8
7038,470,147,26,2025-12-08 19:01:00,48,74.89
18951,110,35,236,2025-12-08 19:03:00,53,83.55
4601,146,108,158,2025-12-08 19:07:00,58,89.74
4083,448,142,115,2025-12-08 19:18:00,34,54.46
16090,271,47,173,2025-12-08 19:39:00,44,69.52
12164,399,173,255,2025-12-08 19:50:00,52,82.38
9892,233,230,235,2025-12-08 20:00:00,38,64.44
16857,156,116,134,2025-12-08 20:00:00,41,64.9
19444,469,60,122,2025-12-08 20:06:00,45,70.35
13566,432,30,181,2025-12-08 20:09:00,29,48.8
12655,430,236,257,2025-12-08 20:10:00,49,76.71
10396,39,135,229,2025-12-08 20:16:00,16,25.76
13194,130,50,152,2025-12-08 20:19:00,54,83.83
5177,177,177,160,2025-12-08 20:25:00,60,91.57
15397,25,240,258,2025-12-08 20:29:00,55,85.32
17442,199,164,89,2025-12-08 20:35:00,9,13.99
19609,394,96,253,2025-12-08 20:45:00,16,27.84
8098,152,76,63,2025-12-08 20:45:00,46,75.17
11057,42,94,96,2025-12-08 20:49:00,48,75.31
19260,41,14,215,2025-12-08 21:06:00,18,31.53
17102,455,43,200,2025-12-08 21:11:00,37,57.05
18620,15,12,205,2025-12-08 21:15:00,26,44.26
8514,381,119,92,2025-12-08 21:36:00,57,89.11
13956,148,33,49,2025-12-08 21:40:00,34,52.59
18169,69,120,68,2025-12-08 21:46:00,18,29.98
12921,157,265,1,2025-12-08 21:49:00,60,91.28
6911,137,162,204,2025-12-08 21:59:00,46,70.04
4108,269,60,160,2025-12-08 22:00:00,10,14.33
321,244,146,2,2025-12-08 22:02:00,21,32.85
10403,24,194,33,2025-12-08 22:09:00,30,48.49
5947,277,265,3,2025-12-08 22:22:00,38,58.79
1974,361,25,173,2025-12-08 22:25:00,16,24.48
8392,366,41,117,2025-12-08 22:27:00,20,29.24
4098,417,165,209,2025-12-08 22:45:00,40,63.71
6904,65,96,189,2025-12-08 23:02:00,43,66.91
12690,310,166,255,2025-12-08 23:07:00,37,57.83
14969,126,133,53,2025-12-08 23:23:00,37,60.75
8618,251,15,249,2025-12-08 23:32:00,22,34.24
9117,219,226,174,2025-12-08 23:36:00,53,84.15
3705,59,12,223,2025-12-08 23:43:00,58,94.62
15057,49,85,105,2025-12-08 23:53:00,24,40.67
8509,144,243,251,2025-12-09 00:05:00,14,23.67
8942,152,212,262,2025-12-09 00:12:00,39,64.66
11814,467,33,228,2025-12-09 00:16:00,6,10.78
14314,250,253,5,2025-12-09 00:20:00,8,14.87
65,396,230,114,2025-12-09 00:29:00,11,23.93
3417,301,31,126,2025-12-09 00:31:00,41,63.29
16992,368,163,123,2025-12-09 00:32:00,40,61.15
19614,205,58,239,2025-12-09 00:37:00,53,85.28
17482,18,15,5,2025-12-09 00:38:00,22,35.84
9359,143,192,6,2025-12-09 00:41:00,49,76.79
15514,27,170,102,2025-12-09 00:58:00,57,88.84
17729,40,131,244,2025-12-09 01:00:00,31,51.02
18457,292,216,79,2025-12-09 01:08:00,56,83.35
4151,84,34,38,2025-12-09 01:08:00,38,60.35
15666,500,136,76,2025-12-09 01:12:00,48,70.66
11253,156,235,59,2025-12-09 01:19:00,17,31.34
589,4,104,97,2025-12-09 01:23:00,36,58.43
5606,7,235,238,2025-12-09 01:30:00,36,55.19
3234,133,178,44,2025-12-09 01:34:00,7,15.75
11944,260,115,217,2025-12-09 01:38:00,56,88.15
13348,419,253,75,2025-12-09 01:42:00,46,72.26
15895,412,145,262,2025-12-09 01:49:00,53,80.59
13358,377,155,138,2025-12-09 01:59:00,8,14.6
4184,298,93,225,2025-12-09 02:01:00,15,24.65
11135,339,97,250,2025-12-09 02:05:00,18,27.2
840,189,46,134,2025-12-09 02:24:00,16,30.0
13391,164,117,129,2025-12-09 02:31:00,55,88.04
3428,8,254,133,2025-12-09 02:39:00,27,46.82
16224,230,140,98,2025-12-09 02:39:00,57,88.79
17093,405,255,200,2025-12-09 02:44:00,11,21.55
3517,69,163,211,2025-12-09 02:45:00,45,72.03
14976,216,241,28,2025-12-09 02:46:00,22,33.79
9632,279,120,61,2025-12-09 02:53:00,16,26.9
12795,127,195,21,2025-12-09 02:58:00,48,74.14
18892,21,85,211,2025-12-09 03:02:00,29,46.99
16729,497,216,193,2025-12-09 03:04:00,32,53.77
9537,396,62,158,2025-12-09 03:10:00,19,33.7
3935,50,17,263,2025-12-09 03:15:00,32,50.59
2387,41,175,217,2025-12-09 03:22:00,23,39.35
13283,372,167,179,2025-12-09 03:28:00,14,22.93
6415,162,10,14,2025-12-09 03:28:00,36,61.24
19291,388,65,229,2025-12-09 03:46:00,16,28.88
4829,150,134,200,2025-12-09 03:49:00,56,86.3
14880,493,142,150,2025-12-09 03:55:00,6,12.32
5306,127,213,193,2025-12-09 04:04:00,55,86.71
9118,243,12,2,2025-12-09 04:20:00,41,63.83
11189,128,32,217,2025-12-09 04:24:00,26,42.34
19169,457,193,191,2025-12-09 04:29:00,40,63.76
7104,366,233,4,2025-12-09 04:32:00,51,83.99
8320,32,190,229,2025-12-09 04:35:00,48,72.72
6881,245,225,11,2025-12-09 04:48:00,34,54.1
10961,448,4,109,2025-12-09 04:54:00,20,34.44
13620,288,192,169,2025-12-09 05:12:00,21,32.45
9914,445,100,111,2025-12-09 05:13:00,55,85.34
10524,452,168,188,2025-12-09 05:15:00,12,22.47
15873,70,63,154,2025-12-09 05:16:00,55,85.92
13475,325,10,148,2025-12-09 05:18:00,30,45.64
8350,216,222,208,2025-12-09 05:24:00,40,62.01
15251,235,163,45,2025-12-09 05:49:00,50,78.58
17394,162,83,6,2025-12-09 05:56:00,9,13.45
3305,318,36,58,2025-12-09 05:58:00,47,72.3
16606,357,35,131,2025-12-09 06:07:00,32,53.49
1295,235,227,115,2025-12-09 06:21:00,50,78.13
11312,443,183,175,2025-12-09 06:26:00,46,71.2
10361,201,135,190,2025-12-09 06:31:00,54,83.53
6117,143,121,175,2025-12-09 06:40:00,19,30.95
7411,296,100,127,2025-12-09 06:42:00,52,82.14
440,249,225,40,2025-12-09 06:48:00,15,21.99
10648,296,50,208,2025-12-09 06:56:00,19,30.75
4451,227,227,180,2025-12-09 07:00:00,14,23.55
7858,286,203,91,2025-12-09 07:05:00,46,71.34
8598,313,128,122,2025-12-09 07:13:00,24,36.2
7935,477,118,159,2025-12-09 07:14:00,18,32.88
10472,368,254,67,2025-12-09 07:28:00,10,16.62
13202,461,228,158,2025-12-09 07:35:00,46,72.58
15962,348,184,81,2025-12-09 07:35:00,54,85.88
19842,26,39,159,2025-12-09 07:38:00,20,33.43
5878,419,219,65,2025-12-09 07:40:00,53,82.72
13044,166,117,64,2025-12-09 07:49:00,56,87.73
186,242,226,179,2025-12-09 07:55:00,60,92.39
1694,295,108,113,2025-12-09 08:04:00,30,51.09
9273,303,265,175,2025-12-09 08:18:00,22,38.56
3508,429,241,150,2025-12-09 08:28:00,8,12.75
17784,381,152,114,2025-12-09 08:29:00,6,12.49
15655,95,72,147,2025-12-09 08:38:00,13,21.65
6558,248,70,145,2025-12-09 08:49:00,58,91.08
3693,149,231,106,2025-12-09 08:50:00,50,75.91
5749,450,97,114,2025-12-09 08:52:00,40,62.34
6740,142,60,56,2025-12-09 08:55:00,7,13.64
280,364,195,75,2025-12-09 08:58:00,46,69.78
6018,32,3,152,2025-12-09 09:05:00,56,86.65
18305,46,260,112,2025-12-09 09:17:00,48,73.64
11322,72,18,18,2025-12-09 09:22:00,35,55.44
7947,366,126,207,2025-12-09 09:32:00,39,61.22
18281,433,252,24,2025-12-09 09:39:00,23,38.07
449,421,227,89,2025-12-09 09:40:00,11,18.01
7619,371,41,39,2025-12-09 09:42:00,54,85.25
13875,70,143,216,2025-12-09 09:45:00,50,74.8
8386,473,157,251,2025-12-09 09:54:00,34,56.35
6772,216,230,248,2025-12-09 09:57:00,46,74.39
10892,85,118,190,2025-12-09 10:02:00,11,17.45
2637,253,171,109,2025-12-09 10:04:00,21,36.23
12333,370,135,212,2025-12-09 10:06:00,28,46.18
15119,341,31,239,2025-12-09 10:13:00,5,9.36
7092,353,237,265,2025-12-09 10:19:00,12,21.49
730,51,133,242,2025-12-09 10:22:00,45,70.17
576,442,163,214,2025-12-09 10:39:00,16,26.76
17838,104,23,131,2025-12-09 10:56:00,22,39.18
4321,360,13,221,2025-12-09 11:00:00,28,47.96
14122,471,95,13,2025-12-09 11:06:00,32,57.7
6846,353,243,103,2025-12-09 11:07:00,11,16.27
6344,273,81,248,2025-12-09 11:09:00,60,96.03
15144,445,263,220,2025-12-09 11:15:00,49,78.1
6754,343,204,22,2025-12-09 11:16:00,6,13.75
2652,35,200,102,2025-12-09 11:17:00,23,35.03
2032,139,26,181,2025-12-09 11:28:00,36,57.68
10268,488,32,73,2025-12-09 11:39:00,41,66.39
6236,141,242,135,2025-12-09 11:43:00,19,33.84
10405,380,54,115,2025-12-09 11:43:00,14,23.22
4286,211,51,113,2025-12-09 11:45:00,8,16.09
18604,89,97,207,2025-12-09 11:45:00,36,57.0
15599,190,171,169,2025-12-09 11:51:00,25,36.76
9951,381,115,79,2025-12-09 11:52:00,12,21.83
14751,443,244,189,2025-12-09 11:56:00,18,28.9
4642,118,57,124,2025-12-09 11:58:00,54,86.07
8363,283,255,89,2025-12-09 12:01:00,56,89.11
16319,129,249,179,2025-12-09 12:12:00,51,79.87
1195,378,40,32,2025-12-09 12:12:00,32,54.53
14436,474,92,245,2025-12-09 12:14:00,55,85.49
3009,205,62,230,2025-12-09 12:17:00,31,49.15
17054,212,142,70,2025-12-09 12:18:00,55,81.36
18363,382,83,130,2025-12-09 12:21:00,56,89.78
12611,309,2,48,2025-12-09 12:36:00,36,55.99
14542,447,168,133,2025-12-09 12:38:00,6,10.38
11236,81,52,42,2025-12-09 12:39:00,31,50.55
1451,447,216,255,2025-12-09 12:39:00,41,65.47
10000,412,176,176,2025-12-09 12:43:00,42,68.3
8774,498,252,84,2025-12-09 12:45:00,35,53.23
2268,193,198,130,2025-12-09 12:46:00,42,67.06
1375,167,58,98,2025-12-09 12:47:00,53,83.26
13065,230,85,145,2025-12-09 13:00:00,49,79.91
9848,62,21,205,2025-12-09 13:13:00,39,63.05
6108,279,89,217,2025-12-09 13:15:00,28,45.72
7384,233,151,197,2025-12-09 13:17:00,8,13.99
4484,190,205,52,2025-12-09 13:19:00,11,18.13
15343,39,137,81,2025-12-09 13:40:00,55,86.07
18274,414,89,46,2025-12-09 13:45:00,37,60.23
9751,405,113,36,2025-12-09 13:45:00,18,32.12
5684,126,81,50,2025-12-09 13:47:00,47,73.26
9193,310,135,123,2025-12-09 13:48:00,21,35.27
5909,6,220,103,2025-12-09 13:54:00,60,92.8
5062,328,97,85,2025-12-09 13:58:00,33,52.89
6033,97,37,5,2025-12-09 14:01:00,5,10.48
6610,303,241,222,2025-12-09 14:10:00,26,41.65
18778,423,203,86,2025-12-09 14:15:00,41,61.04
17317,336,60,110,2025-12-09 14:18:00,26,44.95
6624,340,95,114,2025-12-09 14:25:00,9,14.96
6215,76,40,1,2025-12-09 14:41:00,53,83.64
17497,171,212,59,2025-12-09 15:01:00,37,55.36
9366,216,139,165,2025-12-09 15:08:00,57,88.66
10250,252,135,208,2025-12-09 15:10:00,23,35.53
731,456,120,133,2025-12-09 15:10:00,59,91.0
2121,312,244,259,2025-12-09 15:18:00,47,73.7
14169,383,211,249,2025-12-09 15:23:00,27,46.53
3162,139,164,215,2025-12-09 15:31:00,35,57.43
4760,309,198,239,2025-12-09 15:31:00,29,45.83
1913,345,244,131,2025-12-09 15:37:00,36,57.41
19320,201,14,251,2025-12-09 15:41:00,51,78.06
18510,337,217,251,2025-12-09 15:41:00,58,91.45
4608,475,108,36,2025-12-09 15:44:00,32,48.9
1812,199,215,243,2025-12-09 16:09:00,41,65.71
16301,254,88,186,2025-12-09 16:12:00,14,23.84
10882,349,104,184,2025-12-09 16:23:00,48,74.94
16986,74,24,67,2025-12-09 16:29:00,8,12.15
5501,70,240,29,2025-12-09 16:30:00,41,65.09
8383,120,224,226,2025-12-09 16:34:00,35,56.51
11106,465,170,127,2025-12-09 16:34:00,21,34.25
1420,148,86,92,2025-12-09 16:35:00,8,16.95
1463,38,77,229,2025-12-09 16:45:00,36,55.05
551,444,167,154,2025-12-09 16:52:00,34,55.61
9756,41,184,207,2025-12-09 16:53:00,7,9.31
17814,48,195,131,2025-12-09 17:03:00,27,39.84
16112,387,56,222,2025-12-09 17:08:00,15,27.17
12137,70,154,247,2025-12-09 17:13:00,29,49.8
18856,145,249,178,2025-12-09 17:15:00,53,83.71
3409,487,173,157,2025-12-09 17:18:00,35,55.26
16760,274,164,77,2025-12-09 17:18:00,52,80.2
14709,184,112,75,2025-12-09 17:23:00,19,29.39
14328,254,149,177,2025-12-09 17:23:00,45,74.09
3035,35,226,186,2025-12-09 17:39:00,50,77.03
10058,334,254,228,2025-12-09 17:45:00,43,70.34
12617,141,91,227,2025-12-09 17:50:00,26,42.89
18567,419,50,195,2025-12-09 17:55:00,34,54.15
15515,137,14,189,2025-12-09 18:07:00,11,22.29
6466,439,116,111,2025-12-09 18:13:00,53,85.38
16395,143,208,31,2025-12-09 18:17:00,56,83.94
7873,430,43,60,2025-12-09 18:25:00,16,27.94
7489,72,171,165,2025-12-09 18:28:00,38,64.93
17599,492,245,135,2025-12-09 18:37:00,57,86.22
16564,213,63,238,2025-12-09 18:39:00,52,76.87
15850,237,231,147,2025-12-09 18:54:00,30,51.07
410,491,73,83,2025-12-09 18:55:00,18,31.32
11698,103,264,118,2025-12-09 19:00:00,7,13.57
6785,43,15,141,2025-12-09 19:03:00,30,48.3
9659,106,32,53,2025-12-09 19:07:00,57,85.01
498,92,248,165,2025-12-09 19:08:00,53,79.09
10259,31,29,231,2025-12-09 19:09:00,40,62.6
11086,495,47,177,2025-12-09 19:18:00,50,83.0
8416,268,229,62,2025-12-09 19:31:00,9,16.2
14893,118,81,190,2025-12-09 19:53:00,26,40.25
6040,3,178,80,2025-12-09 19:55:00,23,37.01
251,489,242,12,2025-12-09 19:57:00,47,72.97
662,252,87,204,2025-12-09 19:57:00,29,42.68
16294,495,152,251,2025-12-09 20:03:00,54,83.99
9739,390,160,23,2025-12-09 20:08:00,50,80.02
19597,443,256,80,2025-12-09 20:15:00,45,72.85
16728,209,244,250,2025-12-09 20:32:00,35,51.65
12020,386,247,74,2025-12-09 20:44:00,57,85.01
18303,292,93,135,2025-12-09 20:48:00,17,25.82
3672,119,62,259,2025-12-09 20:49:00,60,91.02
9533,106,114,17,2025-12-09 21:00:00,21,36.46
4795,451,4,113,2025-12-09 21:01:00,51,81.24
15487,55,71,91,2025-12-09 21:06:00,29,45.9
1496,354,94,171,2025-12-09 21:15:00,9,17.12
5145,306,146,61,2025-12-09 21:16:00,23,39.98
3878,96,64,1,2025-12-09 21:17:00,29,44.02
7742,375,207,228,2025-12-09 21:21:00,7,14.66
18445,256,122,196,2025-12-09 21:27:00,53,81.31
5600,197,131,67,2025-12-09 21:29:00,33,51.56
14786,277,64,176,2025-12-09 21:34:00,53,82.33
9272,474,264,45,2025-12-09 21:36:00,8,15.71
11970,7,26,65,2025-12-09 21:41:00,36,57.4
19515,86,48,18,2025-12-09 21:52:00,34,53.57
4849,52,256,125,2025-12-09 21:53:00,29,44.17
13430,99,51,10,2025-12-09 21:54:00,34,52.58
10975,53,150,66,2025-12-09 22:27:00,50,77.7
19461,88,258,65,2025-12-09 22:30:00,47,76.32
11643,47,162,163,2025-12-09 22:36:00,8,18.39
18614,107,148,136,2025-12-09 22:37:00,12,21.04
13241,197,63,135,2025-12-09 22:38:00,60,91.88
5757,331,121,249,2025-12-09 22:44:00,24,38.1
4922,22,87,195,2025-12-09 22:50:00,49,75.85
16967,331,49,170,2025-12-09 22:53:00,32,51.09
19184,198,182,180,2025-12-09 22:58:00,6,12.51
9425,266,9,130,2025-12-09 23:01:00,21,35.19
7373,441,219,58,2025-12-09 23:07:00,37,56.37
14829,98,15,134,2025-12-09 23:14:00,19,31.03
7874,93,105,246,2025-12-09 23:18:00,32,50.15
1753,122,141,165,2025-12-09 23:22:00,21,32.46
9626,320,57,152,2025-12-09 23:26:00,23,36.93
12775,294,17,203,2025-12-09 23:34:00,49,72.91
17908,312,169,218,2025-12-09 23:39:00,23,38.67
1264,485,120,126,2025-12-09 23:50:00,19,32.85
7181,454,32,89,2025-12-09 23:56:00,51,78.98
11426,42,68,54,2025-12-10 00:06:00,32,54.2
7711,31,151,7,2025-12-10 00:36:00,9,17.69
13189,111,159,197,2025-12-10 00:45:00,36,60.98
9677,372,42,191,2025-12-10 00:46:00,55,84.37
1715,11,99,119,2025-12-10 00:51:00,16,30.01
16220,340,103,80,2025-12-10 00:53:00,47,73.83
7344,203,20,199,2025-12-10 00:55:00,43,67.72
2889,261,5,194,2025-12-10 01:25:00,30,51.69
14379,277,185,112,2025-12-10 01:32:00,37,57.85
3931,288,98,1,2025-12-10 01:34:00,25,36.15
10713,127,119,205,2025-12-10 01:36:00,19,26.61
13898,162,220,194,2025-12-10 01:40:00,46,73.16
18561,73,165,58,2025-12-10 01:45:00,41,61.41
12770,167,25,226,2025-12-10 01:45:00,30,46.89
9875,223,83,217,2025-12-10 01:50:00,38,55.5
17592,114,248,258,2025-12-10 01:54:00,59,90.33
3357,204,10,55,2025-12-10 02:21:00,43,66.89
6202,376,92,163,2025-12-10 02:31:00,40,64.06
1573,288,50,120,2025-12-10 02:33:00,25,39.82
2621,158,75,215,2025-12-10 02:38:00,24,38.48
10045,88,239,194,2025-12-10 02:38:00,47,79.0
6090,343,132,220,2025-12-10 02:44:00,7,14.48
8891,79,216,256,2025-12-10 02:48:00,14,22.62
16765,343,73,98,2025-12-10 02:50:00,20,34.0
13159,396,33,119,2025-12-10 02:52:00,57,86.71
18762,346,58,132,2025-12-10 02:53:00,30,47.51
1534,40,142,241,2025-12-10 02:54:00,26,42.22
7286,193,121,108,2025-12-10 02:59:00,13,23.44
19034,437,63,215,2025-12-10 03:12:00,16,30.37
2609,123,90,60,2025-12-10 03:14:00,57,90.46
11598,306,247,22,2025-12-10 03:38:00,5,12.6
2592,334,76,172,2025-12-10 03:40:00,17,29.71
19707,455,107,55,2025-12-10 03:40:00,52,81.21
124,301,20,15,2025-12-10 03:44:00,47,75.35
10079,58,16,124,2025-12-10 03:45:00,20,35.03
9890,257,60,189,2025-12-10 03:55:00,41,67.33
15322,39,144,187,2025-12-10 03:57:00,43,68.24
18676,222,244,84,2025-12-10 04:01:00,28,46.94
10353,441,78,23,2025-12-10 04:11:00,35,54.16
7057,212,79,110,2025-12-10 04:22:00,57,87.0
4359,391,26,23,2025-12-10 04:30:00,27,43.9
7122,27,204,188,2025-12-10 04:33:00,30,50.21
16002,113,176,125,2025-12-10 04:34:00,9,15.21
2038,114,21,76,2025-12-10 04:40:00,38,61.2
6053,485,240,232,2025-12-10 04:42:00,60,89.01
7906,477,36,132,2025-12-10 04:45:00,28,44.52
11896,350,176,208,2025-12-10 04:54:00,37,57.3
2251,471,29,177,2025-12-10 05:02:00,37,55.59
3351,362,104,53,2025-12-10 05:14:00,19,31.77
1385,293,189,44,2025-12-10 05:14:00,56,89.19
1916,239,96,40,2025-12-10 05:26:00,12,23.42
12812,123,164,244,2025-12-10 05:35:00,35,54.62
10235,122,154,140,2025-12-10 05:46:00,59,94.74
13985,131,92,228,2025-12-10 05:53:00,24,41.04
8610,195,182,199,2025-12-10 06:23:00,48,74.3
15265,347,81,87,2025-12-10 06:28:00,48,72.99
309,131,116,11,2025-12-10 06:31:00,48,74.65
5046,13,24,112,2025-12-10 06:39:00,15,25.32
19536,487,9,225,2025-12-10 06:40:00,25,41.19
3358,444,226,42,2025-12-10 06:56:00,50,75.94
15902,69,77,42,2025-12-10 07:09:00,57,86.54
17657,284,226,30,2025-12-10 07:15:00,20,30.36
12885,444,51,46,2025-12-10 07:21:00,46,73.15
6371,267,51,47,2025-12-10 07:23:00,33,51.62
16518,115,115,262,2025-12-10 07:25:00,48,77.98
19756,325,236,109,2025-12-10 07:26:00,46,77.03
17859,492,137,30,2025-12-10 07:27:00,56,89.69
3760,436,70,222,2025-12-10 07:38:00,58,92.22
16863,459,250,86,2025-12-10 07:47:00,26,40.85
6460,157,46,5,2025-12-10 07:49:00,5,6.88
4452,137,28,103,2025-12-10 07:54:00,45,70.25
17779,425,6,14,2025-12-10 08:04:00,55,85.36
13228,486,197,182,2025-12-10 08:10:00,16,25.08
12867,304,216,40,2025-12-10 08:13:00,54,85.52
7762,278,194,207,2025-12-10 08:18:00,11,20.09
15418,284,155,133,2025-12-10 08:18:00,55,80.84
19323,114,154,105,2025-12-10 08:22:00,33,56.52
246,288,258,83,2025-12-10 08:39:00,52,82.01
5109,61,182,239,2025-12-10 08:52:00,37,50.29
8432,181,172,233,2025-12-10 08:55:00,5,9.43
9934,234,187,169,2025-12-10 09:07:00,54,85.63
12494,274,62,79,2025-12-10 09:20:00,26,45.28
4224,5,163,88,2025-12-10 09:20:00,48,74.54
10664,303,247,265,2025-12-10 09:22:00,50,72.81
5395,303,69,110,2025-12-10 09:24:00,22,33.7
605,493,250,9,2025-12-10 09:28:00,36,54.14
15778,282,1,232,2025-12-10 09:30:00,23,34.6
514,14,21,136,2025-12-10 09:45:00,42,67.89
2566,438,74,159,2025-12-10 09:45:00,39,63.67
2237,38,141,178,2025-12-10 09:50:00,50,76.43
4814,278,86,51,2025-12-10 09:52:00,29,46.27
8863,65,184,104,2025-12-10 09:55:00,59,91.4
3247,158,72,12,2025-12-10 10:06:00,24,38.89
7666,353,223,188,2025-12-10 10:15:00,49,81.75
11510,112,172,51,2025-12-10 10:19:00,52,80.62
17223,394,141,241,2025-12-10 10:43:00,55,81.98
10689,20,133,35,2025-12-10 10:52:00,7,14.54
563,422,152,215,2025-12-10 10:52:00,55,81.66
9276,217,9,178,2025-12-10 10:57:00,31,49.94
441,120,192,216,2025-12-10 11:15:00,55,83.47
10514,426,220,176,2025-12-10 11:17:00,13,19.83
4799,312,169,1,2025-12-10 11:18:00,35,55.03
11658,71,94,58,2025-12-10 11:28:00,29,48.89
5857,226,52,238,2025-12-10 11:38:00,54,83.57
18877,259,54,140,2025-12-10 11:43:00,33,53.81
13311,128,199,76,2025-12-10 12:00:00,17,26.61
13669,225,152,58,2025-12-10 12:04:00,27,39.99
4401,488,96,162,2025-12-10 12:05:00,14,25.42
3071,411,225,49,2025-12-10 12:10:00,43,63.78
7940,491,178,79,2025-12-10 12:12:00,22,34.29
258,404,22,262,2025-12-10 12:20:00,38,57.28
775,264,171,176,2025-12-10 12:23:00,59,92.13
7510,126,190,82,2025-12-10 12:33:00,20,33.23
472,37,228,255,2025-12-10 12:35:00,37,58.99
11440,330,161,166,2025-12-10 12:48:00,32,50.69
8954,415,223,210,2025-12-10 12:53:00,51,78.08
10285,251,10,142,2025-12-10 12:55:00,13,21.66
9956,39,179,185,2025-12-10 13:02:00,22,33.8
9606,107,80,199,2025-12-10 13:02:00,40,67.03
5119,210,221,64,2025-12-10 13:15:00,56,88.3
7882,98,265,57,2025-12-10 13:25:00,47,71.99
6100,354,112,144,2025-12-10 13:27:00,22,35.43
9476,177,96,258,2025-12-10 14:04:00,14,25.71
4453,398,89,94,2025-12-10 14:20:00,22,35.17
14335,408,6,62,2025-12-10 14:26:00,46,73.65
4643,467,249,23,2025-12-10 14:31:00,7,15.35
17990,398,77,145,2025-12-10 14:36:00,22,33.59
10605,355,147,239,2025-12-10 14:42:00,40,62.95
5619,341,56,168,2025-12-10 14:48:00,25,38.97
15966,370,93,52,2025-12-10 14:48:00,59,91.0
13680,141,115,210,2025-12-10 14:51:00,37,60.1
18035,72,44,47,2025-12-10 14:53:00,46,73.72
13447,41,72,62,2025-12-10 14:53:00,38,58.96
437,78,219,1,2025-12-10 14:57:00,29,46.43
5229,209,95,230,2025-12-10 14:59:00,46,74.35
16431,219,6,29,2025-12-10 15:07:00,49,74.78
6091,323,67,34,2025-12-10 15:10:00,43,64.94
18836,113,247,123,2025-12-10 15:14:00,51,79.37
301,455,241,156,2025-12-10 15:18:00,29,51.97
2530,269,25,236,2025-12-10 15:23:00,28,48.71
13662,148,8,211,2025-12-10 15:30:00,35,54.82
6380,176,255,105,2025-12-10 15:30:00,42,69.57
4981,57,34,87,2025-12-10 15:41:00,25,41.27
4576,105,101,125,2025-12-10 15:54:00,46,68.85
15014,147,125,253,2025-12-10 15:56:00,17,23.84
17354,25,100,111,2025-12-10 16:08:00,40,66.16
1131,182,57,154,2025-12-10 16:13:00,20,35.19
16928,105,218,190,2025-12-10 16:14:00,51,76.48
2151,491,170,92,2025-12-10 16:14:00,14,22.66
5500,75,220,213,2025-12-10 16:23:00,47,76.49
12807,241,189,165,2025-12-10 16:26:00,20,32.97
10060,436,64,45,2025-12-10 16:31:00,26,41.53
3306,430,198,196,2025-12-10 16:36:00,36,58.32
5860,491,84,122,2025-12-10 16:41:00,9,18.78
10062,19,40,23,2025-12-10 16:45:00,14,25.35
295,387,71,108,2025-12-10 16:55:00,10,20.14
13327,258,2,231,2025-12-10 16:56:00,48,71.44
9878,426,132,10,2025-12-10 16:59:00,48,74.6
2655,368,254,27,2025-12-10 17:07:00,50,77.01
16525,135,82,218,2025-12-10 17:10:00,52,80.04
19772,417,184,57,2025-12-10 17:17:00,16,27.13
4019,77,149,172,2025-12-10 17:27:00,22,36.51
6035,77,208,246,2025-12-10 17:28:00,30,47.26
10651,345,142,146,2025-12-10 17:41:00,22,42.01
14336,490,216,77,2025-12-10 17:41:00,20,35.48
17696,435,4,37,2025-12-10 17:50:00,51,78.38
18596,324,260,205,2025-12-10 18:15:00,15,26.22
8635,176,13,26,2025-12-10 18:20:00,29,44.21
6845,259,46,199,2025-12-10 18:27:00,29,45.85
15376,127,181,22,2025-12-10 18:28:00,38,58.75
16875,393,229,198,2025-12-10 18:29:00,5,9.27
1226,418,254,223,2025-12-10 18:35:00,30,48.4
5171,205,257,23,2025-12-10 18:52:00,6,11.33
2316,253,56,23,2025-12-10 19:13:00,50,76.7
13142,363,154,119,2025-12-10 19:21:00,25,41.31
1103,456,117,144,2025-12-10 19:29:00,30,44.88
2496,359,7,236,2025-12-10 19:31:00,50,78.61
14085,332,180,28,2025-12-10 19:44:00,27,42.7
18316,7,89,83,2025-12-10 19:45:00,42,64.63
214,214,196,4,2025-12-10 19:51:00,28,47.99
9974,305,72,39,2025-12-10 19:54:00,52,80.4
822,260,176,50,2025-12-10 20:01:00,54,85.38
17916,145,124,110,2025-12-10 20:04:00,30,46.68
18272,443,263,63,2025-12-10 20:05:00,54,86.11
7114,155,95,136,2025-12-10 20:06:00,21,37.33
9349,357,243,211,2025-12-10 20:11:00,18,30.63
6155,423,95,235,2025-12-10 20:13:00,31,48.93
18132,43,146,59,2025-12-10 20:13:00,7,12.77
17062,404,26,28,2025-12-10 20:14:00,36,56.62
17873,74,203,191,2025-12-10 20:22:00,60,92.37
17024,337,263,116,2025-12-10 20:23:00,12,17.07
2922,287,128,184,2025-12-10 20:28:00,51,78.89
182,150,137,264,2025-12-10 20:39:00,16,28.24
2678,264,121,33,2025-12-10 20:43:00,10,17.41
11785,470,133,146,2025-12-10 20:46:00,18,28.75
2249,163,230,174,2025-12-10 20:49:00,60,91.46
6416,211,220,75,2025-12-10 20:53:00,12,20.35
5180,54,156,83,2025-12-10 20:54:00,35,53.86
15296,460,199,252,2025-12-10 21:00:00,11,21.29
9735,140,242,6,2025-12-10 21:24:00,8,14.41
19699,374,231,19,2025-12-10 21:25:00,57,88.66
2332,494,12,107,2025-12-10 21:32:00,26,41.46
18369,284,210,214,2025-12-10 21:52:00,47,71.95
2169,499,138,134,2025-12-10 21:59:00,41,63.25
2669,460,232,189,2025-12-10 22:00:00,26,43.76
15537,386,90,24,2025-12-10 22:08:00,6,13.52
3317,263,115,224,2025-12-10 22:15:00,52,82.6
3925,454,38,26,2025-12-10 22:25:00,23,33.38
4193,481,53,225,2025-12-10 22:31:00,6,14.84
468,119,176,33,2025-12-10 22:35:00,35,56.92
8160,365,227,13,2025-12-10 22:42:00,45,71.82
4424,325,58,26,2025-12-10 22:44:00,43,70.33
11840,83,202,147,2025-12-10 22:46:00,27,44.83
6913,249,131,142,2025-12-10 22:56:00,42,69.3
12746,124,5,203,2025-12-10 22:58:00,13,20.31
6807,481,16,237,2025-12-10 23:02:00,59,89.67
3242,416,230,131,2025-12-10 23:03:00,27,41.17
11274,14,55,27,2025-12-10 23:08:00,8,14.33
15720,16,88,47,2025-12-10 23:22:00,38,59.12
8807,374,95,41,2025-12-10 23:22:00,16,25.0
17718,424,156,71,2025-12-10 23:22:00,48,76.65
14645,97,4,254,2025-12-10 23:26:00,10,16.88
6510,331,40,194,2025-12-10 23:29:00,41,64.9
13213,324,80,16,2025-12-10 23:34:00,30,49.39
9266,388,46,225,2025-12-10 23:42:00,21,34.79
9244,312,238,209,2025-12-10 23:59:00,20,37.19
9046,491,124,214,2025-12-11 00:01:00,42,65.19
10916,152,178,75,2025-12-11 00:02:00,27,37.78
6961,45,49,50,2025-12-11 00:09:00,12,22.02
17069,141,171,51,2025-12-11 00:11:00,55,84.69
5310,485,34,12,2025-12-11 00:12:00,55,83.77
6408,324,93,69,2025-12-11 00:20:00,13,25.48
10140,90,174,253,2025-12-11 00:28:00,53,81.01
879,80,116,10,2025-12-11 00:32:00,26,44.08
5044,470,72,247,2025-12-11 00:55:00,27,39.27
6605,252,116,158,2025-12-11 01:06:00,50,77.96
15527,81,174,202,2025-12-11 01:09:00,43,65.13
12735,284,39,120,2025-12-11 01:16:00,37,61.45
13084,489,116,96,2025-12-11 01:18:00,14,22.61
10717,176,166,21,2025-12-11 01:19:00,13,22.61
10905,498,251,163,2025-12-11 01:54:00,58,84.91
7851,337,69,262,2025-12-11 01:54:00,28,44.12
2024,441,55,240,2025-12-11 02:03:00,58,90.72
1995,357,4,264,2025-12-11 02:03:00,21,34.29
13130,398,107,172,2025-12-11 02:05:00,7,15.28
8529,293,85,144,2025-12-11 02:06:00,55,83.28
8751,14,72,62,2025-12-11 02:07:00,33,54.54
6897,202,65,45,2025-12-11 02:19:00,47,71.68
9300,219,60,220,2025-12-11 02:26:00,37,55.96
12283,46,177,253,2025-12-11 02:33:00,28,45.42
13101,189,152,36,2025-12-11 02:43:00,32,50.67
2905,253,201,179,2025-12-11 02:51:00,15,27.18
6983,107,243,187,2025-12-11 02:52:00,48,74.18
19499,83,149,92,2025-12-11 02:52:00,25,40.36
8726,141,53,135,2025-12-11 02:59:00,27,45.02
9454,270,220,260,2025-12-11 03:04:00,45,76.63
12697,357,16,1,2025-12-11 03:04:00,51,79.2
18122,245,58,54,2025-12-11 03:20:00,49,77.28
8641,269,77,179,2025-12-11 03:32:00,60,93.24
8256,329,189,120,2025-12-11 03:43:00,40,63.98
6086,211,121,134,2025-12-11 03:50:00,59,88.91
13160,404,3,16,2025-12-11 04:01:00,28,46.81
6636,234,127,69,2025-12-11 04:09:00,16,26.04
683,92,215,168,2025-12-11 04:18:00,60,95.02
3320,262,175,208,2025-12-11 04:23:00,9,17.46
13405,155,103,255,2025-12-11 04:30:00,24,39.54
11033,4,230,220,2025-12-11 04:33:00,27,46.6
15103,347,189,75,2025-12-11 04:44:00,35,55.93
11768,210,184,1,2025-12-11 05:02:00,16,28.25
1739,2,121,138,2025-12-11 05:15:00,58,87.04
2712,244,62,258,2025-12-11 05:17:00,9,18.21
3411,430,22,4,2025-12-11 05:22:00,54,79.66
4082,386,220,208,2025-12-11 05:30:00,58,89.3
6832,344,123,33,2025-12-11 05:32:00,17,28.62
7984,180,196,45,2025-12-11 06:06:00,18,30.6
4000,161,161,38,2025-12-11 06:20:00,29,49.4
18198,10,168,252,2025-12-11 06:21:00,11,20.67
2196,109,89,60,2025-12-11 06:34:00,48,78.7
5015,377,41,213,2025-12-11 06:37:00,18,32.44
2373,329,223,184,2025-12-11 06:40:00,31,47.72
1003,439,90,26,2025-12-11 06:41:00,24,41.34
4197,364,190,127,2025-12-11 06:42:00,23,36.96
6617,374,19,121,2025-12-11 06:57:00,39,62.22
6928,485,111,57,2025-12-11 06:59:00,14,23.22
16677,344,46,160,2025-12-11 07:00:00,43,64.11
4850,481,13,260,2025-12-11 07:14:00,53,82.12
140,422,205,102,2025-12-11 07:20:00,42,67.54
10911,166,12,162,2025-12-11 07:31:00,34,52.31
17925,255,78,25,2025-12-11 07:42:00,26,41.15
7339,289,149,215,2025-12-11 07:54:00,14,22.99
1120,227,219,190,2025-12-11 08:06:00,15,26.93
3660,192,166,2,2025-12-11 08:07:00,37,54.06
19337,188,131,256,2025-12-11 08:17:00,56,89.19
19996,144,64,120,2025-12-11 08:22:00,46,74.28
9710,460,166,260,2025-12-11 08:26:00,47,73.72
18030,101,250,102,2025-12-11 08:26:00,9,19.52
14178,123,158,122,2025-12-11 08:40:00,52,81.89
11588,420,190,75,2025-12-11 09:00:00,58,90.01
2820,199,3,19,2025-12-11 09:07:00,41,67.25
12911,277,77,123,2025-12-11 09:11:00,16,24.42
5331,140,186,127,2025-12-11 09:18:00,60,92.22
5912,70,1,93,2025-12-11 09:20:00,19,30.09
9148,381,138,145,2025-12-11 09:26:00,14,24.25
401,455,51,144,2025-12-11 09:27:00,54,84.38
2350,110,130,216,2025-12-11 09:29:00,37,58.64
11797,309,255,114,2025-12-11 09:29:00,20,34.6
11323,144,251,49,2025-12-11 09:29:00,41,62.75
8359,460,124,118,2025-12-11 09:32:00,12,20.97
8810,227,239,20,2025-12-11 09:41:00,58,87.56
2959,53,233,189,2025-12-11 09:42:00,56,87.55
5994,146,66,180,2025-12-11 09:47:00,60,93.17
12121,41,92,159,2025-12-11 09:48:00,40,60.85
14799,383,42,209,2025-12-11 09:54:00,33,52.16
19450,362,11,140,2025-12-11 09:55:00,38,63.47
4017,190,66,47,2025-12-11 09:57:00,57,88.46
13056,127,91,258,2025-12-11 09:59:00,44,68.9
11923,463,82,246,2025-12-11 10:12:00,14,26.77
1880,279,70,34,2025-12-11 10:25:00,20,34.88
19325,360,62,155,2025-12-11 10:26:00,47,71.08
17921,490,107,102,2025-12-11 10:28:00,51,77.01
6685,432,174,109,2025-12-11 10:34:00,8,14.74
4954,261,215,44,2025-12-11 10:43:00,29,49.11
9649,97,92,161,2025-12-11 10:55:00,50,75.29
6822,98,255,172,2025-12-11 10:56:00,17,28.71
11846,24,263,67,2025-12-11 10:57:00,22,38.93
8678,497,70,60,2025-12-11 10:59:00,18,29.98
158,323,261,210,2025-12-11 11:01:00,20,32.87
12923,166,241,10,2025-12-11 11:26:00,30,50.7
10986,111,37,73,2025-12-11 11:26:00,24,38.55
7303,23,16,217,2025-12-11 11:30:00,31,51.31
14482,336,244,34,2025-12-11 11:34:00,5,8.38
2297,294,9,78,2025-12-11 11:39:00,8,14.84
1287,362,13,241,2025-12-11 11:50:00,33,54.06
19127,244,62,211,2025-12-11 11:51:00,30,46.72
19289,120,247,54,2025-12-11 11:53:00,36,59.34
4641,67,152,17,2025-12-11 12:00:00,19,35.9
8712,350,160,136,2025-12-11 12:04:00,46,68.23
14285,275,234,106,2025-12-11 12:14:00,44,65.28
15056,408,53,10,2025-12-11 12:25:00,10,20.93
9262,303,187,252,2025-12-11 12:26:00,29,49.18
8447,38,54,191,2025-12-11 12:32:00,34,54.12
10671,66,161,147,2025-12-11 12:33:00,60,96.3
3937,85,180,51,2025-12-11 12:35:00,27,44.75
9800,393,252,33,2025-12-11 12:41:00,38,58.55
12159,273,237,190,2025-12-11 12:42:00,46,73.18
19040,129,134,47,2025-12-11 12:47:00,54,84.3
19101,159,119,262,2025-12-11 12:57:00,24,40.39
7943,266,29,137,2025-12-11 13:02:00,41,63.21
13390,256,230,147,2025-12-11 13:04:00,10,23.49
13601,387,262,245,2025-12-11 13:04:00,32,50.33
18971,182,82,249,2025-12-11 13:09:00,16,30.36
17094,404,84,54,2025-12-11 13:12:00,53,84.64
12826,164,185,241,2025-12-11 13:21:00,57,91.46
3809,134,211,203,2025-12-11 13:22:00,59,90.86
13355,362,105,191,2025-12-11 13:39:00,35,54.91
16152,254,139,217,2025-12-11 13:40:00,44,69.37
9942,430,168,96,2025-12-11 13:41:00,58,92.1
15501,2,119,12,2025-12-11 13:50:00,28,47.39
19175,295,189,187,2025-12-11 14:01:00,26,44.19
8233,396,170,95,2025-12-11 14:08:00,13,18.04
17770,32,85,138,2025-12-11 14:16:00,21,35.67
8055,196,178,216,2025-12-11 14:28:00,59,88.87
3030,414,99,261,2025-12-11 14:30:00,48,78.65
18003,375,189,116,2025-12-11 14:39:00,17,29.03
13462,396,184,20,2025-12-11 14:47:00,32,45.57
7187,196,26,182,2025-12-11 14:49:00,48,74.76
6695,190,234,29,2025-12-11 14:53:00,46,72.42
5404,293,135,43,2025-12-11 15:00:00,41,64.2
1897,488,124,115,2025-12-11 15:44:00,40,61.01
8240,150,189,4,2025-12-11 15:44:00,20,33.05
18940,377,242,235,2025-12-11 16:05:00,41,63.5
16336,30,179,105,2025-12-11 16:13:00,21,33.55
17609,162,15,189,2025-12-11 16:16:00,52,81.16
19126,146,106,199,2025-12-11 16:24:00,35,52.87
11592,214,19,44,2025-12-11 16:35:00,38,61.35
8168,296,102,232,2025-12-11 16:38:00,7,12.81
10684,482,146,84,2025-12-11 16:50:00,29,47.67
9384,206,191,157,2025-12-11 16:58:00,31,49.75
17535,447,13,102,2025-12-11 17:06:00,5,8.87
170,194,111,95,2025-12-11 17:11:00,20,39.62
14869,224,133,249,2025-12-11 17:13:00,60,90.58
15221,448,154,46,2025-12-11 17:18:00,23,37.73
9754,329,10,46,2025-12-11 17:18:00,43,67.17
17114,495,45,24,2025-12-11 17:20:00,21,34.51
7233,305,93,214,2025-12-11 17:22:00,15,23.87
10581,437,131,147,2025-12-11 17:24:00,18,32.6
14301,283,58,190,2025-12-11 17:35:00,6,11.37
17589,376,23,213,2025-12-11 17:43:00,60,93.95
10119,19,8,67,2025-12-11 17:48:00,5,7.57
17663,205,8,3,2025-12-11 17:54:00,46,73.17
16831,205,257,64,2025-12-11 18:08:00,28,43.75
4229,224,72,10,2025-12-11 18:14:00,26,36.44
10933,392,179,81,2025-12-11 18:20:00,11,21.92
8430,484,205,175,2025-12-11 18:28:00,36,56.83
5283,217,165,211,2025-12-11 18:39:00,59,93.94
7606,252,224,208,2025-12-11 18:41:00,14,24.0
15934,174,254,260,2025-12-11 18:56:00,49,74.37
17389,98,86,89,2025-12-11 18:56:00,15,26.8
11514,157,227,260,2025-12-11 19:02:00,57,86.48
6703,219,146,164,2025-12-11 19:05:00,50,75.61
6530,151,179,187,2025-12-11 19:07:00,57,87.41
16838,181,243,143,2025-12-11 19:09:00,41,67.25
7644,407,125,39,2025-12-11 19:15:00,30,43.25
8528,474,60,121,2025-12-11 19:16:00,58,89.08
13060,77,146,33,2025-12-11 19:20:00,14,22.98
6472,361,68,118,2025-12-11 19:32:00,50,78.86
2126,261,104,222,2025-12-11 19:35:00,22,34.79
6295,309,26,163,2025-12-11 19:46:00,17,27.49
6015,454,136,179,2025-12-11 20:04:00,31,49.73
12253,394,57,116,2025-12-11 20:07:00,31,50.07
3278,133,41,48,2025-12-11 20:13:00,7,16.56
18578,143,6,181,2025-12-11 20:21:00,52,82.63
14856,454,1,249,2025-12-11 20:42:00,12,18.76
17254,164,128,140,2025-12-11 20:50:00,19,30.57
8,135,234,72,2025-12-11 20:52:00,41,63.58
5056,221,21,79,2025-12-11 20:53:00,30,46.18
5819,193,160,243,2025-12-11 20:54:00,29,46.2
19181,339,257,264,2025-12-11 21:00:00,41,64.15
19249,446,88,193,2025-12-11 21:01:00,17,30.09
4420,169,134,201,2025-12-11 21:02:00,55,84.87
17658,127,29,175,2025-12-11 21:02:00,35,58.2
3563,309,190,23,2025-12-11 21:08:00,14,25.39
5146,460,19,135,2025-12-11 21:14:00,24,35.7
18802,417,22,114,2025-12-11 21:16:00,55,83.49
8826,213,263,169,2025-12-11 21:33:00,34,53.58
4290,459,203,156,2025-12-11 21:35:00,29,50.27
1695,285,42,45,2025-12-11 21:36:00,35,56.18
185,129,184,251,2025-12-11 21:39:00,33,53.55
16147,347,218,111,2025-12-11 21:41:00,10,21.86
16205,116,105,72,2025-12-11 21:45:00,15,22.32
11336,487,199,1,2025-12-11 21:48:00,49,78.0
4991,409,58,89,2025-12-11 22:04:00,13,23.13
10714,398,7,36,2025-12-11 22:16:00,52,79.77
4820,437,182,225,2025-12-11 22:33:00,29,51.51
9215,283,8,209,2025-12-11 22:55:00,42,67.36
13177,150,237,178,2025-12-11 22:56:00,28,44.24
11374,103,216,80,2025-12-11 23:05:00,6,10.87
6651,447,183,26,2025-12-11 23:39:00,34,54.02
7556,491,120,93,2025-12-11 23:41:00,55,84.71
4791,71,124,53,2025-12-11 23:42:00,49,76.68
1768,454,191,114,2025-12-11 23:43:00,24,38.42
8476,8,242,43,2025-12-11 23:46:00,38,60.92
17788,257,136,133,2025-12-11 23:51:00,18,31.89
15178,495,17,262,2025-12-11 23:55:00,36,57.47
4216,194,249,143,2025-12-11 23:55:00,16,26.22
13216,43,211,188,2025-12-12 00:15:00,6,7.96
1240,351,36,127,2025-12-12 00:19:00,7,14.23
3139,261,38,150,2025-12-12 00:26:00,9,13.08
14524,451,145,156,2025-12-12 00:43:00,44,72.6
10731,407,210,60,2025-12-12 00:55:00,28,45.51
4574,424,56,113,2025-12-12 01:09:00,32,48.85
15703,176,16,206,2025-12-12 01:19:00,39,63.27
14289,246,236,73,2025-12-12 01:26:00,12,19.56
16495,183,74,25,2025-12-12 01:29:00,24,35.14
8159,341,246,244,2025-12-12 01:31:00,53,82.19
10029,488,70,167,2025-12-12 01:35:00,58,89.31
9130,203,15,46,2025-12-12 01:38:00,12,20.81
14352,392,123,22,2025-12-12 01:43:00,20,29.59
17710,420,48,240,2025-12-12 01:48:00,15,24.39
7774,293,187,102,2025-12-12 01:55:00,60,94.1
4582,433,88,220,2025-12-12 02:23:00,34,57.11
9328,274,43,237,2025-12-12 02:24:00,43,67.71
10271,462,116,5,2025-12-12 02:41:00,19,28.54
4421,371,90,174,2025-12-12 02:44:00,14,20.15
7549,82,205,40,2025-12-12 02:59:00,5,8.27
1495,479,17,107,2025-12-12 03:04:00,58,90.85
6291,355,141,218,2025-12-12 03:06:00,8,16.62
7942,266,66,110,2025-12-12 03:07:00,20,31.73
17439,15,219,62,2025-12-12 03:16:00,30,50.04
16684,11,15,129,2025-12-12 03:25:00,28,45.96
10155,87,49,144,2025-12-12 03:26:00,22,38.03
17371,139,216,87,2025-12-12 03:29:00,29,46.44
7525,151,157,6,2025-12-12 03:48:00,31,48.91
381,360,132,218,2025-12-12 03:55:00,53,83.05
2118,359,88,56,2025-12-12 03:56:00,38,60.91
8057,216,219,17,2025-12-12 04:14:00,56,84.11
262,436,168,72,2025-12-12 04:20:00,14,24.45
5399,286,91,105,2025-12-12 04:34:00,20,31.21
13461,184,203,26,2025-12-12 04:41:00,22,36.81
3529,345,143,175,2025-12-12 04:49:00,47,74.84
6399,50,139,189,2025-12-12 04:49:00,18,29.07
2924,493,50,30,2025-12-12 05:02:00,45,72.44
231,427,1,44,2025-12-12 05:11:00,23,33.82
17801,1,185,88,2025-12-12 05:14:00,32,55.41
19144,177,117,228,2025-12-12 05:18:00,43,67.38
4754,103,103,244,2025-12-12 05:26:00,17,27.75
11231,303,219,15,2025-12-12 05:28:00,17,32.88
2384,217,99,45,2025-12-12 05:32:00,6,9.25
15442,140,262,75,2025-12-12 05:38:00,13,21.7
5023,454,120,154,2025-12-12 05:38:00,9,16.45
11459,361,91,112,2025-12-12 05:50:00,12,19.0
19826,66,90,225,2025-12-12 05:50:00,6,11.69
3829,448,229,23,2025-12-12 05:55:00,50,76.79
12580,245,182,237,2025-12-12 05:55:00,47,73.18
14518,264,20,88,2025-12-12 05:56:00,49,75.29
17220,257,180,70,2025-12-12 05:57:00,41,65.57
10135,32,63,57,2025-12-12 05:59:00,18,30.22
2120,457,237,76,2025-12-12 06:00:00,5,9.37
16582,104,248,59,2025-12-12 06:06:00,55,85.99
16047,313,202,209,2025-12-12 06:12:00,53,82.17
12797,391,94,93,2025-12-12 06:15:00,51,76.34
19913,135,78,114,2025-12-12 06:23:00,5,10.86
6335,279,109,119,2025-12-12 06:27:00,42,66.34
11489,47,226,63,2025-12-12 06:31:00,32,52.35
10571,18,211,29,2025-12-12 06:54:00,10,19.35
255,18,198,84,2025-12-12 06:56:00,20,32.47
98,84,208,71,2025-12-12 06:57:00,9,13.73
8030,151,63,221,2025-12-12 07:12:00,59,94.27
5034,320,4,28,2025-12-12 07:13:00,13,21.62
2876,432,198,110,2025-12-12 07:17:00,17,28.4
15897,247,104,249,2025-12-12 07:19:00,22,34.77
17475,109,263,179,2025-12-12 07:31:00,23,40.53
14256,377,209,229,2025-12-12 07:43:00,44,65.6
8067,17,98,58,2025-12-12 07:52:00,54,78.97
10566,226,2,94,2025-12-12 07:57:00,38,59.72
15753,46,136,33,2025-12-12 08:00:00,37,61.64
19404,355,176,106,2025-12-12 08:02:00,55,84.88
311,15,26,23,2025-12-12 08:06:00,41,65.27
9468,36,89,74,2025-12-12 08:08:00,51,77.51
9316,158,42,44,2025-12-12 08:23:00,60,92.46
5778,262,41,82,2025-12-12 08:26:00,60,96.59
19573,175,196,248,2025-12-12 08:35:00,58,88.35
11222,90,225,260,2025-12-12 08:51:00,44,64.91
19097,262,222,101,2025-12-12 09:02:00,6,14.27
10264,384,28,239,2025-12-12 09:09:00,38,63.56
19207,260,137,94,2025-12-12 09:20:00,30,52.87
10742,178,60,22,2025-12-12 09:24:00,49,0.0
8904,473,141,7,2025-12-12 09:30:00,13,24.13
9640,310,7,261,2025-12-12 09:39:00,15,28.77
8755,312,214,264,2025-12-12 09:49:00,15,25.43
19364,278,217,222,2025-12-12 09:55:00,32,51.1
2427,199,140,191,2025-12-12 10:03:00,35,57.62
4174,175,12,175,2025-12-12 10:20:00,45,71.74
2653,215,170,111,2025-12-12 10:25:00,59,92.16
184,376,33,110,2025-12-12 10:33:00,23,38.48
13501,155,9,170,2025-12-12 10:39:00,25,39.23
3858,137,112,22,2025-12-12 10:45:00,9,17.0
1836,220,165,85,2025-12-12 10:48:00,46,70.26
7456,148,84,77,2025-12-12 10:51:00,42,66.51
1184,498,237,239,2025-12-12 10:52:00,26,37.49
3210,216,2,186,2025-12-12 10:52:00,26,42.29
7536,248,215,2,2025-12-12 10:52:00,58,90.96
7367,269,119,157,2025-12-12 10:53:00,22,36.95
1396,3,74,165,2025-12-12 10:55:00,47,73.38
7439,375,197,263,2025-12-12 11:06:00,58,92.31
7073,124,123,125,2025-12-12 11:15:00,58,88.14
5450,126,140,253,2025-12-12 11:23:00,54,83.52
3010,301,179,187,2025-12-12 11:23:00,60,91.38
13983,384,208,23,2025-12-12 11:38:00,37,55.53
467,388,4,253,2025-12-12 11:41:00,46,71.81
12427,279,106,96,2025-12-12 11:54:00,8,15.92
12628,303,41,112,2025-12-12 11:57:00,13,23.96
9909,336,150,21,2025-12-12 12:07:00,46,72.04
9643,228,257,186,2025-12-12 12:09:00,56,86.03
11637,188,51,67,2025-12-12 12:19:00,52,80.82
12882,461,93,3,2025-12-12 12:26:00,16,26.2
16039,198,253,18,2025-12-12 12:28:00,53,81.58
15639,100,50,122,2025-12-12 12:28:00,9,23.32
4897,94,105,4,2025-12-12 12:37:00,25,38.75
10835,412,64,4,2025-12-12 12:44:00,6,8.93
10349,357,237,154,2025-12-12 12:50:00,9,16.14
18437,272,217,144,2025-12-12 12:52:00,56,84.94
19430,99,100,202,2025-12-12 13:06:00,12,22.02
12650,156,198,40,2025-12-12 13:09:00,39,62.68
12167,153,12,143,2025-12-12 13:10:00,43,67.24
6483,170,262,93,2025-12-12 13:13:00,37,57.59
7734,68,121,8,2025-12-12 13:16:00,19,31.84
18070,160,211,186,2025-12-12 13:18:00,15,26.91
12663,134,78,232,2025-12-12 13:20:00,28,44.94
1273,411,180,199,2025-12-12 13:26:00,25,38.31
3130,458,176,97,2025-12-12 13:28:00,42,66.79
14042,79,21,157,2025-12-12 13:41:00,24,39.43
1174,110,104,249,2025-12-12 13:54:00,16,24.24
16287,124,251,33,2025-12-12 14:01:00,30,47.92
1252,220,112,255,2025-12-12 14:04:00,8,15.99
2328,428,112,78,2025-12-12 14:06:00,18,29.58
2850,201,4,173,2025-12-12 14:14:00,16,23.13
4334,205,229,228,2025-12-12 14:17:00,46,71.98
10884,3,263,90,2025-12-12 14:20:00,49,78.07
18671,267,129,101,2025-12-12 14:22:00,35,54.76
10447,207,72,246,2025-12-12 14:28:00,33,52.69
8502,339,71,18,2025-12-12 14:30:00,18,33.47
4051,486,35,143,2025-12-12 14:53:00,26,41.16
12180,341,233,63,2025-12-12 14:54:00,24,41.54
8681,288,91,143,2025-12-12 15:10:00,59,90.64
327,166,245,157,2025-12-12 15:15:00,51,78.34
1060,316,148,222,2025-12-12 15:27:00,58,87.7
6638,468,155,88,2025-12-12 15:34:00,23,37.82
19297,171,110,125,2025-12-12 15:43:00,54,83.3
2907,252,127,245,2025-12-12 15:52:00,54,77.65
9155,416,133,9,2025-12-12 15:53:00,48,73.34
17015,123,55,86,2025-12-12 16:03:00,32,53.57
3153,267,163,187,2025-12-12 16:31:00,19,31.06
3889,266,221,145,2025-12-12 16:33:00,44,71.21
13979,92,143,139,2025-12-12 16:41:00,44,67.82
18107,457,107,162,2025-12-12 16:43:00,37,61.29
3312,388,23,102,2025-12-12 16:45:00,37,59.85
19690,280,9,249,2025-12-12 16:46:00,59,93.21
3930,116,198,237,2025-12-12 16:49:00,23,39.32
3617,16,127,104,2025-12-12 16:53:00,19,31.93
6235,38,9,243,2025-12-12 17:00:00,60,92.24
17877,334,148,83,2025-12-12 17:15:00,12,20.7
14731,481,224,112,2025-12-12 17:16:00,55,0.0
7408,223,87,50,2025-12-12 17:18:00,12,25.64
8711,475,238,118,2025-12-12 17:18:00,34,57.11
8131,341,81,87,2025-12-12 17:33:00,35,58.46
13579,21,53,58,2025-12-12 17:33:00,55,82.37
6488,86,196,105,2025-12-12 17:34:00,31,50.49
10516,131,248,60,2025-12-12 17:35:00,55,85.52
5774,305,9,124,2025-12-12 17:39:00,26,44.48
9342,392,42,19,2025-12-12 17:49:00,33,55.65
13964,294,69,29,2025-12-12 17:50:00,10,16.55
2840,352,180,14,2025-12-12 17:57:00,41,65.99
4890,433,34,32,2025-12-12 18:04:00,50,77.42
11333,125,96,28,2025-12-12 18:17:00,36,58.04
8952,365,176,152,2025-12-12 18:38:00,44,66.31
16908,195,56,162,2025-12-12 18:54:00,10,17.86
9647,277,34,11,2025-12-12 19:05:00,60,93.51
17869,262,231,49,2025-12-12 19:12:00,42,69.31
12962,190,230,92,2025-12-12 19:14:00,44,70.47
11850,490,78,93,2025-12-12 19:28:00,29,45.22
2558,345,36,253,2025-12-12 19:32:00,18,33.2
18675,210,184,257,2025-12-12 19:44:00,44,64.14
18089,188,257,1,2025-12-12 20:08:00,20,33.77
11102,12,93,153,2025-12-12 20:09:00,45,68.43
10679,284,147,122,2025-12-12 20:13:00,25,41.09
6761,235,136,36,2025-12-12 20:16:00,20,36.87
6441,319,123,145,2025-12-12 20:32:00,19,29.65
16291,292,71,34,2025-12-12 20:35:00,58,94.61
11716,472,253,34,2025-12-12 20:39:00,58,88.9
13721,464,36,74,2025-12-12 20:45:00,18,31.37
16033,179,143,147,2025-12-12 20:46:00,22,35.61
6810,261,112,260,2025-12-12 20:49:00,19,32.35
19267,412,58,220,2025-12-12 21:01:00,44,67.67
9332,408,265,24,2025-12-12 21:08:00,24,38.47
15975,17,98,34,2025-12-12 21:14:00,57,87.73
13117,278,104,83,2025-12-12 21:19:00,42,65.65
5460,473,128,248,2025-12-12 21:23:00,25,38.94
8519,2,246,62,2025-12-12 21:30:00,33,47.64
17017,8,222,106,2025-12-12 21:34:00,5,9.85
18816,299,87,198,2025-12-12 21:38:00,9,17.58
14014,467,239,149,2025-12-12 21:40:00,11,21.91
1441,54,191,247,2025-12-12 21:55:00,33,51.96
7288,51,186,100,2025-12-12 22:00:00,20,32.96
694,388,254,237,2025-12-12 22:06:00,58,90.9
285,296,110,56,2025-12-12 22:07:00,54,84.8
16337,294,25,107,2025-12-12 22:18:00,10,19.66
19587,487,188,18,2025-12-12 22:28:00,46,70.76
18683,42,118,156,2025-12-12 22:44:00,50,77.36
2216,410,192,39,2025-12-12 22:47:00,20,32.66
4818,212,231,168,2025-12-12 22:54:00,20,29.82
15316,145,101,176,2025-12-12 22:58:00,22,37.02
16026,361,1,17,2025-12-12 23:03:00,19,32.26
8453,118,11,209,2025-12-12 23:07:00,57,88.58
383,53,55,73,2025-12-12 23:21:00,21,31.55
1439,349,175,245,2025-12-12 23:31:00,37,58.37
7779,438,96,184,2025-12-12 23:38:00,39,61.91
11499,45,142,176,2025-12-12 23:41:00,45,72.85
18342,122,186,12,2025-12-12 23:44:00,15,25.37
3814,152,176,249,2025-12-12 23:47:00,45,69.08
19360,157,202,129,2025-12-12 23:49:00,26,45.71
3179,441,67,240,2025-12-12 23:52:00,38,65.07
18495,296,255,218,2025-12-12 23:56:00,40,64.12
800,219,212,208,2025-12-13 00:02:00,54,85.66
16540,281,136,92,2025-12-13 00:06:00,58,88.21
19940,497,110,23,2025-12-13 00:07:00,43,65.71
7441,351,63,127,2025-12-13 00:12:00,18,26.83
2040,439,230,214,2025-12-13 00:20:00,12,21.03
16269,130,9,54,2025-12-13 00:21:00,23,39.1
17983,177,166,56,2025-12-13 00:22:00,47,72.61
18744,119,17,43,2025-12-13 00:22:00,23,37.05
17098,140,263,178,2025-12-13 00:32:00,51,80.68
4150,214,102,105,2025-12-13 00:39:00,11,19.91
16131,122,107,217,2025-12-13 00:43:00,16,28.02
8013,290,25,120,2025-12-13 00:46:00,55,82.32
18328,166,136,203,2025-12-13 00:46:00,14,23.97
1371,82,211,251,2025-12-13 00:46:00,44,70.19
15184,84,240,3,2025-12-13 00:53:00,32,51.78
6187,318,216,85,2025-12-13 00:59:00,20,32.48
15097,426,218,46,2025-12-13 01:16:00,43,66.99
6525,342,149,33,2025-12-13 01:21:00,34,53.92
491,159,161,95,2025-12-13 01:24:00,53,82.6
11009,175,133,193,2025-12-13 01:24:00,48,71.5
5083,184,63,126,2025-12-13 01:27:00,49,74.76
14741,263,222,203,2025-12-13 01:36:00,21,33.66
252,159,133,67,2025-12-13 02:04:00,33,51.33
2766,257,121,170,2025-12-13 02:07:00,47,69.53
1254,182,122,170,2025-12-13 02:11:00,34,53.12
16408,223,247,184,2025-12-13 02:14:00,6,12.1
4399,361,170,126,2025-12-13 02:18:00,54,85.62
5836,289,241,196,2025-12-13 02:20:00,12,23.48
4787,326,81,208,2025-12-13 02:24:00,16,26.37
10912,21,114,51,2025-12-13 02:36:00,22,33.79
2005,191,86,42,2025-12-13 03:02:00,24,36.84
16782,147,214,16,2025-12-13 03:04:00,17,27.41
1663,87,61,171,2025-12-13 03:07:00,43,68.21
16427,368,23,153,2025-12-13 03:14:00,25,37.25
19973,241,240,125,2025-12-13 03:21:00,55,85.65
3847,330,62,151,2025-12-13 03:27:00,33,52.79
19676,215,116,257,2025-12-13 03:35:00,14,22.98
14936,361,107,125,2025-12-13 03:35:00,59,90.0
13870,141,137,72,2025-12-13 03:40:00,27,43.86
4134,294,96,110,2025-12-13 03:41:00,49,78.41
7621,18,3,257,2025-12-13 03:51:00,5,8.72
4293,214,246,193,2025-12-13 04:00:00,52,79.43
501,376,31,240,2025-12-13 04:01:00,23,40.5
17774,465,262,197,2025-12-13 04:17:00,6,14.47
7710,150,184,164,2025-12-13 04:19:00,8,17.17
12670,270,187,216,2025-12-13 04:20:00,5,10.91
11826,105,148,34,2025-12-13 04:37:00,6,9.37
11432,66,236,110,2025-12-13 04:39:00,18,28.7
8397,268,218,135,2025-12-13 04:39:00,43,68.9
3707,249,57,34,2025-12-13 04:40:00,27,45.95
15999,444,227,100,2025-12-13 04:43:00,10,14.42
17684,416,51,195,2025-12-13 04:48:00,51,77.77
3749,83,255,60,2025-12-13 04:49:00,38,59.43
16643,50,113,225,2025-12-13 04:51:00,56,88.29
19645,236,205,3,2025-12-13 04:54:00,24,37.48
8228,441,41,204,2025-12-13 04:54:00,37,56.22
13168,122,138,79,2025-12-13 05:01:00,22,35.02
15171,67,45,158,2025-12-13 05:11:00,12,19.76
13748,52,165,237,2025-12-13 05:13:00,15,24.57
4097,430,254,192,2025-12-13 05:28:00,17,26.6
15413,21,50,162,2025-12-13 05:28:00,18,29.02
10910,93,99,208,2025-12-13 05:29:00,24,40.27
10624,332,37,127,2025-12-13 05:31:00,12,20.98
2207,485,131,236,2025-12-13 05:42:00,14,24.12
137,264,17,144,2025-12-13 05:43:00,60,91.84
83,123,38,169,2025-12-13 05:58:00,52,81.58
7501,20,204,229,2025-12-13 05:58:00,36,53.91
11476,434,221,201,2025-12-13 06:04:00,29,48.36
8674,433,109,72,2025-12-13 06:11:00,17,28.74
12165,6,85,208,2025-12-13 06:16:00,29,49.23
6234,292,250,17,2025-12-13 06:25:00,7,10.78
10249,470,40,172,2025-12-13 06:39:00,17,26.7
2070,462,200,83,2025-12-13 06:41:00,22,38.04
292,429,21,72,2025-12-13 06:44:00,21,33.07
9926,135,252,24,2025-12-13 06:53:00,24,38.62
2069,71,118,172,2025-12-13 07:03:00,8,12.0
15991,203,259,74,2025-12-13 07:12:00,47,73.23
6395,404,115,157,2025-12-13 07:13:00,53,83.61
17052,314,144,63,2025-12-13 07:19:00,38,62.1
3582,375,129,64,2025-12-13 07:34:00,9,13.4
5885,347,3,153,2025-12-13 07:36:00,52,82.87
12818,427,173,28,2025-12-13 07:37:00,38,60.19
5428,44,61,29,2025-12-13 07:39:00,34,55.69
12903,51,250,184,2025-12-13 07:40:00,33,51.52
5562,148,59,256,2025-12-13 07:41:00,56,86.9
7787,270,157,197,2025-12-13 07:44:00,14,21.44
10562,136,202,130,2025-12-13 07:47:00,40,63.32
9191,274,93,39,2025-12-13 08:01:00,54,82.36
7283,88,138,83,2025-12-13 08:05:00,20,32.7
5432,8,134,23,2025-12-13 08:10:00,58,92.53
892,196,198,193,2025-12-13 08:14:00,8,13.71
5702,55,175,204,2025-12-13 08:16:00,18,30.09
11992,472,119,185,2025-12-13 08:30:00,53,83.9
5740,434,241,5,2025-12-13 08:31:00,49,74.87
12375,224,197,168,2025-12-13 08:37:00,26,39.09
14421,499,230,229,2025-12-13 08:46:00,23,36.47
15198,327,151,12,2025-12-13 08:51:00,11,21.27
15834,412,178,171,2025-12-13 09:00:00,6,9.99
6306,361,37,192,2025-12-13 09:00:00,20,30.92
13041,6,23,174,2025-12-13 09:15:00,16,26.51
4343,372,241,48,2025-12-13 09:20:00,28,46.14
7026,357,143,120,2025-12-13 09:23:00,30,46.2
12228,213,165,33,2025-12-13 09:29:00,41,65.76
18417,129,149,70,2025-12-13 09:45:00,16,27.42
14729,66,27,155,2025-12-13 09:46:00,13,20.37
11517,228,105,232,2025-12-13 09:47:00,56,89.49
8803,44,17,171,2025-12-13 09:48:00,15,24.72
3819,22,172,141,2025-12-13 09:48:00,17,30.01
1471,43,263,79,2025-12-13 09:49:00,22,35.34
9519,244,70,62,2025-12-13 09:53:00,21,37.11
15547,70,142,189,2025-12-13 09:57:00,16,31.31
19967,439,239,183,2025-12-13 10:02:00,37,57.95
14851,122,207,191,2025-12-13 10:04:00,25,40.45
15134,22,244,90,2025-12-13 10:08:00,38,61.22
4494,193,126,24,2025-12-13 10:16:00,35,56.24
17746,84,195,65,2025-12-13 10:22:00,20,31.93
15426,32,15,38,2025-12-13 10:22:00,33,52.11
5742,91,222,188,2025-12-13 10:41:00,34,52.2
15193,135,219,131,2025-12-13 10:45:00,59,92.16
16780,418,59,160,2025-12-13 10:48:00,38,59.35
8620,62,104,105,2025-12-13 10:49:00,27,45.89
747,404,31,29,2025-12-13 10:54:00,24,38.27
10355,37,49,50,2025-12-13 11:03:00,18,28.54
5032,42,171,213,2025-12-13 11:12:00,7,11.64
9086,334,243,88,2025-12-13 11:12:00,36,55.13
10565,479,1,142,2025-12-13 11:22:00,9,16.36
16963,44,30,96,2025-12-13 11:34:00,43,66.88
1352,171,59,115,2025-12-13 11:38:00,35,53.46
18764,133,213,53,2025-12-13 11:41:00,32,50.17
391,420,109,241,2025-12-13 11:50:00,45,70.2
3118,334,62,59,2025-12-13 11:53:00,29,46.49
5893,146,50,141,2025-12-13 11:53:00,52,83.64
4646,437,210,11,2025-12-13 11:54:00,20,33.23
2923,453,22,159,2025-12-13 11:59:00,58,86.95
16184,276,44,43,2025-12-13 11:59:00,38,60.3
7310,22,33,113,2025-12-13 12:00:00,44,70.17
17112,467,132,118,2025-12-13 12:07:00,55,90.03
774,496,251,120,2025-12-13 12:11:00,39,60.55
18181,52,255,19,2025-12-13 12:23:00,36,59.3
18040,484,166,127,2025-12-13 12:31:00,27,0.0
10821,339,103,246,2025-12-13 12:31:00,16,25.73
16784,34,38,250,2025-12-13 12:32:00,29,44.91
13749,400,221,57,2025-12-13 12:34:00,31,52.82
1403,211,201,147,2025-12-13 12:41:00,31,53.79
14241,185,91,161,2025-12-13 12:57:00,37,60.06
13746,408,1,195,2025-12-13 13:07:00,36,61.77
3876,263,157,248,2025-12-13 13:08:00,6,12.2
1492,219,224,74,2025-12-13 13:20:00,33,53.13
10789,389,199,107,2025-12-13 13:22:00,49,76.06
13171,98,221,39,2025-12-13 13:23:00,25,40.89
18867,351,65,141,2025-12-13 13:26:00,6,12.73
14005,211,172,48,2025-12-13 13:40:00,60,91.9
4446,88,94,84,2025-12-13 13:52:00,58,91.8
1166,300,192,226,2025-12-13 13:55:00,6,12.76
15036,345,29,233,2025-12-13 14:04:00,24,42.08
820,77,238,38,2025-12-13 14:12:00,55,87.07
11825,434,20,77,2025-12-13 14:19:00,8,15.38
18319,108,30,5,2025-12-13 14:20:00,37,58.73
6485,492,69,81,2025-12-13 14:27:00,55,79.78
15122,325,106,129,2025-12-13 14:36:00,47,74.29
17425,361,8,244,2025-12-13 14:36:00,7,15.64
9786,215,255,24,2025-12-13 14:38:00,31,51.47
16111,99,26,147,2025-12-13 14:42:00,41,66.81
17440,244,87,87,2025-12-13 15:06:00,17,27.86
15217,499,239,256,2025-12-13 15:07:00,47,71.25
12477,112,185,222,2025-12-13 15:08:00,29,46.97
4759,255,93,199,2025-12-13 15:22:00,25,38.65
6918,175,127,247,2025-12-13 15:23:00,9,16.5
7014,61,6,164,2025-12-13 15:31:00,51,77.77
3319,121,15,132,2025-12-13 15:40:00,35,55.04
1488,349,163,91,2025-12-13 15:48:00,20,31.15
5105,261,7,115,2025-12-13 15:52:00,57,86.81
5881,110,203,220,2025-12-13 16:06:00,17,29.6
2397,431,138,142,2025-12-13 16:06:00,49,75.29
16897,8,243,258,2025-12-13 16:14:00,43,68.98
7746,496,3,43,2025-12-13 16:29:00,40,62.42
19467,100,7,186,2025-12-13 16:31:00,18,31.79
742,219,181,20,2025-12-13 16:47:00,31,54.81
8388,291,207,228,2025-12-13 16:52:00,22,33.83
5762,236,117,255,2025-12-13 17:03:00,11,16.46
6363,446,130,250,2025-12-13 17:05:00,54,84.77
15556,68,124,23,2025-12-13 17:15:00,25,41.72
1029,461,63,210,2025-12-13 17:15:00,14,22.61
1169,120,197,41,2025-12-13 17:18:00,51,77.34
19455,11,165,212,2025-12-13 17:26:00,50,78.04
19233,79,159,227,2025-12-13 17:39:00,44,67.66
15588,318,107,174,2025-12-13 18:05:00,49,78.39
8940,288,21,199,2025-12-13 18:05:00,20,30.88
17106,454,252,132,2025-12-13 18:14:00,12,20.61
1764,122,128,36,2025-12-13 18:18:00,55,86.07
7933,162,235,151,2025-12-13 18:24:00,6,12.68
12100,347,145,126,2025-12-13 18:27:00,43,66.36
13998,336,263,59,2025-12-13 18:31:00,32,51.9
17430,56,224,162,2025-12-13 18:45:00,59,92.92
3765,26,258,133,2025-12-13 18:54:00,47,73.2
2837,94,258,101,2025-12-13 19:04:00,33,52.14
4046,102,42,105,2025-12-13 19:07:00,13,21.42
5287,469,35,205,2025-12-13 19:07:00,51,78.56
3975,132,127,256,2025-12-13 19:08:00,23,38.27
6885,2,171,81,2025-12-13 19:11:00,46,71.39
5812,481,68,191,2025-12-13 19:15:00,26,41.57
13831,268,136,80,2025-12-13 19:19:00,9,14.76
10289,431,87,126,2025-12-13 19:19:00,53,78.74
8437,339,230,62,2025-12-13 19:19:00,44,68.17
1639,500,140,132,2025-12-13 19:22:00,57,86.85
10147,361,190,86,2025-12-13 19:26:00,38,63.67
19307,461,246,109,2025-12-13 19:41:00,21,31.27
6797,146,87,22,2025-12-13 19:47:00,58,89.31
8004,77,142,121,2025-12-13 19:49:00,17,30.75
16031,104,122,224,2025-12-13 20:02:00,38,58.66
19284,307,129,219,2025-12-13 20:03:00,8,13.26
5585,222,113,159,2025-12-13 20:07:00,11,17.4
2856,166,183,257,2025-12-13 20:08:00,44,67.02
1222,151,205,59,2025-12-13 20:09:00,23,34.01
19349,303,264,3,2025-12-13 20:23:00,59,90.11
18497,363,188,152,2025-12-13 20:26:00,55,83.48
16971,131,20,18,2025-12-13 20:27:00,43,70.3
12668,244,85,117,2025-12-13 20:27:00,31,50.79
3562,142,199,81,2025-12-13 20:35:00,26,43.4
2113,189,209,34,2025-12-13 20:35:00,39,63.0
17625,225,159,37,2025-12-13 20:41:00,59,91.53
13904,395,122,79,2025-12-13 20:44:00,45,70.06
2635,2,50,16,2025-12-13 20:51:00,53,83.11
7482,115,84,174,2025-12-13 20:55:00,32,46.74
12194,186,256,107,2025-12-13 21:05:00,15,21.44
5853,120,89,174,2025-12-13 21:18:00,50,78.31
11573,3,97,256,2025-12-13 21:22:00,37,56.42
9944,427,163,139,2025-12-13 21:45:00,45,70.37
8693,278,102,181,2025-12-13 21:53:00,29,47.37
8071,466,206,148,2025-12-13 22:01:00,34,51.64
2127,294,186,129,2025-12-13 22:04:00,38,59.34
14392,102,164,247,2025-12-13 22:17:00,31,48.89
188,400,198,190,2025-12-13 22:20:00,19,34.41
10023,111,144,98,2025-12-13 22:20:00,22,36.97
16086,3,174,99,2025-12-13 22:26:00,32,49.81
12249,449,33,19,2025-12-13 22:28:00,24,40.6
3595,218,54,84,2025-12-13 22:49:00,46,72.46
8317,499,64,133,2025-12-13 22:55:00,53,82.23
12922,304,175,111,2025-12-13 22:59:00,8,14.44
4096,431,212,122,2025-12-13 23:08:00,17,27.91
3074,174,23,143,2025-12-13 23:19:00,54,84.83
413,21,156,161,2025-12-13 23:33:00,56,86.94
6248,396,173,80,2025-12-13 23:37:00,58,88.29
16950,200,225,176,2025-12-13 23:42:00,23,39.08
18068,46,209,256,2025-12-13 23:50:00,17,27.57
19592,366,138,10,2025-12-13 23:54:00,19,31.57
12215,359,141,78,2025-12-13 23:55:00,46,71.39
7486,153,131,147,2025-12-13 23:57:00,44,66.57
9506,407,222,206,2025-12-14 00:18:00,6,16.23
7958,286,99,177,2025-12-14 00:32:00,30,46.24
19245,333,120,93,2025-12-14 00:33:00,9,16.8
17890,224,189,237,2025-12-14 00:44:00,23,39.6
4317,193,156,119,2025-12-14 00:44:00,9,15.67
1231,196,110,252,2025-12-14 00:56:00,10,15.9
7849,131,148,51,2025-12-14 00:59:00,12,22.17
3589,77,264,145,2025-12-14 01:02:00,59,95.35
19213,464,105,230,2025-12-14 01:07:00,8,13.49
3448,358,237,159,2025-12-14 01:13:00,27,44.28
9580,353,45,6,2025-12-14 01:22:00,44,71.2
9811,320,132,178,2025-12-14 01:28:00,6,10.06
9732,368,33,6,2025-12-14 01:44:00,31,50.7
17756,135,117,85,2025-12-14 01:54:00,40,61.82
10962,376,100,124,2025-12-14 02:00:00,5,9.46
19075,142,218,120,2025-12-14 02:05:00,16,29.19
15632,369,51,181,2025-12-14 02:19:00,45,75.36
3136,76,13,165,2025-12-14 02:21:00,40,62.49
12910,396,115,168,2025-12-14 02:21:00,13,21.64
13591,416,113,162,2025-12-14 02:24:00,8,14.56
12705,95,171,209,2025-12-14 02:31:00,11,20.06
2763,23,113,184,2025-12-14 02:33:00,26,40.14
12059,298,168,95,2025-12-14 02:40:00,13,22.19
4737,257,174,250,2025-12-14 02:41:00,41,65.58
9982,185,113,34,2025-12-14 02:47:00,59,91.35
8825,14,117,56,2025-12-14 02:49:00,33,55.57
1726,394,88,239,2025-12-14 02:50:00,5,8.96
14201,352,176,103,2025-12-14 02:53:00,47,73.27
7214,393,244,208,2025-12-14 02:55:00,15,23.06
8414,218,87,193,2025-12-14 03:01:00,18,27.18
19968,128,185,182,2025-12-14 03:01:00,6,13.39
15839,319,129,26,2025-12-14 03:07:00,48,74.54
16670,469,89,213,2025-12-14 03:07:00,48,71.92
17041,431,65,68,2025-12-14 03:09:00,19,34.65
15963,186,243,28,2025-12-14 03:09:00,50,80.12
7828,53,92,210,2025-12-14 03:09:00,31,47.56
8327,310,101,206,2025-12-14 03:13:00,42,66.11
13172,454,246,187,2025-12-14 03:15:00,50,80.41
13757,25,80,261,2025-12-14 03:20:00,22,37.63
15677,176,225,107,2025-12-14 03:33:00,7,9.26
10701,355,127,69,2025-12-14 03:34:00,17,28.32
10312,36,25,8,2025-12-14 03:36:00,49,78.59
6160,495,173,253,2025-12-14 03:38:00,55,86.94
12691,59,129,114,2025-12-14 03:38:00,7,11.44
8601,63,217,151,2025-12-14 03:41:00,56,85.87
236,179,3,84,2025-12-14 03:42:00,12,21.49
13672,435,112,125,2025-12-14 03:42:00,31,50.11
3812,115,189,66,2025-12-14 03:52:00,29,47.35
1188,65,93,180,2025-12-14 03:56:00,27,45.2
7475,252,73,43,2025-12-14 04:03:00,56,85.38
15292,238,221,116,2025-12-14 04:05:00,8,13.82
11262,490,146,75,2025-12-14 04:07:00,13,27.06
6770,434,218,177,2025-12-14 04:25:00,32,50.76
14435,305,234,149,2025-12-14 04:53:00,36,57.28
10009,310,10,120,2025-12-14 04:55:00,53,83.81
12012,192,28,110,2025-12-14 04:59:00,15,23.48
18341,125,199,72,2025-12-14 05:03:00,49,76.7
10817,455,195,264,2025-12-14 05:13:00,11,19.71
5800,390,185,182,2025-12-14 05:26:00,37,57.21
15592,12,21,52,2025-12-14 05:39:00,27,44.53
4708,252,263,52,2025-12-14 05:40:00,45,70.56
6262,498,29,235,2025-12-14 05:40:00,33,55.13
2446,420,126,109,2025-12-14 05:41:00,41,60.51
11680,31,121,111,2025-12-14 05:42:00,52,81.8
3879,231,234,200,2025-12-14 05:51:00,56,87.4
15187,338,153,45,2025-12-14 05:59:00,19,33.33
7875,170,73,36,2025-12-14 06:01:00,59,90.6
16472,363,29,45,2025-12-14 06:08:00,10,18.69
5577,209,48,170,2025-12-14 06:31:00,47,74.09
1007,495,99,43,2025-12-14 06:51:00,21,33.73
14575,139,134,22,2025-12-14 06:54:00,34,53.17
14387,365,44,240,2025-12-14 06:55:00,55,83.87
232,222,171,26,2025-12-14 07:12:00,41,69.04
16414,424,108,38,2025-12-14 07:21:00,6,9.95
14316,130,42,264,2025-12-14 07:24:00,19,27.82
16350,401,85,131,2025-12-14 07:25:00,40,65.92
10875,319,5,195,2025-12-14 07:31:00,37,58.14
5699,63,157,76,2025-12-14 07:31:00,42,65.48
6718,138,161,244,2025-12-14 07:39:00,12,18.46
9019,109,260,195,2025-12-14 07:41:00,45,71.84
1063,390,142,234,2025-12-14 07:43:00,21,34.37
6444,33,262,205,2025-12-14 07:45:00,54,86.02
16837,392,101,184,2025-12-14 07:48:00,23,41.62
887,30,12,219,2025-12-14 07:50:00,35,54.96
11186,211,89,26,2025-12-14 07:55:00,47,73.19
2690,264,234,198,2025-12-14 08:03:00,12,18.82
18376,472,11,74,2025-12-14 08:33:00,25,41.09
12967,30,221,125,2025-12-14 08:35:00,21,32.91
1505,495,72,222,2025-12-14 08:35:00,59,95.75
762,305,91,18,2025-12-14 08:50:00,9,18.7
9945,218,208,78,2025-12-14 08:51:00,31,53.64
1237,118,131,215,2025-12-14 09:09:00,31,49.51
2982,361,18,203,2025-12-14 09:21:00,7,14.04
8224,24,110,151,2025-12-14 09:34:00,55,81.88
17631,31,107,82,2025-12-14 09:49:00,32,51.95
13523,21,87,244,2025-12-14 09:51:00,56,87.25
14639,212,181,133,2025-12-14 09:51:00,7,12.47
2900,368,205,44,2025-12-14 09:52:00,42,67.31
13953,225,100,106,2025-12-14 09:55:00,52,82.33
7983,216,188,36,2025-12-14 10:00:00,45,71.92
7691,228,44,121,2025-12-14 10:00:00,36,57.72
14226,111,256,134,2025-12-14 10:03:00,27,37.93
17462,309,207,163,2025-12-14 10:04:00,39,60.41
9411,241,185,94,2025-12-14 10:06:00,50,75.81
6737,6,86,131,2025-12-14 10:12:00,44,68.86
15067,100,203,108,2025-12-14 10:13:00,40,62.26
16749,423,66,41,2025-12-14 10:18:00,53,85.87
3328,345,71,214,2025-12-14 10:36:00,41,65.92
542,214,228,68,2025-12-14 10:55:00,55,86.52
6970,152,62,109,2025-12-14 11:10:00,60,91.94
11320,244,159,101,2025-12-14 11:15:00,39,60.58
7243,30,120,32,2025-12-14 11:19:00,53,79.46
3966,202,230,139,2025-12-14 11:26:00,44,72.95
9722,208,100,189,2025-12-14 11:33:00,60,92.65
2026,296,91,149,2025-12-14 11:37:00,13,18.01
13799,50,26,34,2025-12-14 11:38:00,46,71.11
4089,209,37,241,2025-12-14 11:39:00,20,32.33
10718,332,28,223,2025-12-14 11:41:00,28,43.28
14693,479,211,226,2025-12-14 11:55:00,45,70.83
7124,246,119,42,2025-12-14 12:00:00,21,31.78
13374,254,203,263,2025-12-14 12:07:00,14,22.33
13214,131,129,14,2025-12-14 12:17:00,43,67.09
12876,373,39,215,2025-12-14 12:26:00,11,24.43
14119,220,234,183,2025-12-14 12:32:00,30,49.43
6349,37,103,258,2025-12-14 13:00:00,41,65.1
7662,277,47,97,2025-12-14 13:04:00,11,21.72
6316,100,18,220,2025-12-14 13:04:00,27,42.86
6816,155,20,100,2025-12-14 13:06:00,60,89.28
4810,134,216,79,2025-12-14 13:06:00,25,40.52
15713,479,29,154,2025-12-14 13:07:00,35,54.68
9255,377,127,102,2025-12-14 13:10:00,25,37.96
997,368,161,54,2025-12-14 13:13:00,5,9.76
10078,346,243,177,2025-12-14 13:16:00,57,86.96
3135,47,193,95,2025-12-14 13:18:00,21,32.54
6936,178,176,41,2025-12-14 13:21:00,40,64.79
7529,37,5,265,2025-12-14 13:25:00,39,61.69
14049,348,137,32,2025-12-14 13:43:00,8,13.5
13826,409,50,265,2025-12-14 13:52:00,44,67.66
2212,194,215,242,2025-12-14 13:57:00,23,37.41
9570,162,52,52,2025-12-14 13:57:00,40,66.73
7245,377,33,221,2025-12-14 13:59:00,15,27.86
17712,109,258,23,2025-12-14 14:05:00,29,48.49
17905,466,18,115,2025-12-14 14:06:00,29,46.11
4449,61,155,102,2025-12-14 14:07:00,57,92.21
8238,325,32,98,2025-12-14 14:10:00,7,14.63
7460,481,113,205,2025-12-14 14:15:00,53,81.1
19671,362,264,60,2025-12-14 14:17:00,56,87.09
4557,337,164,123,2025-12-14 14:20:00,56,85.91
17827,287,117,39,2025-12-14 14:31:00,53,80.33
6458,28,37,259,2025-12-14 14:33:00,44,68.83
4099,491,20,217,2025-12-14 14:47:00,52,78.1
5028,310,95,186,2025-12-14 14:49:00,5,11.71
8842,24,14,155,2025-12-14 14:49:00,25,42.88
9469,464,116,45,2025-12-14 14:49:00,55,85.7
11971,402,183,43,2025-12-14 14:59:00,17,27.83
17906,23,191,54,2025-12-14 15:03:00,54,84.55
12798,72,67,237,2025-12-14 15:06:00,36,52.66
16937,433,59,1,2025-12-14 15:06:00,28,46.79
6000,470,148,54,2025-12-14 15:10:00,44,66.6
3338,243,62,259,2025-12-14 15:23:00,49,75.7
8001,286,143,97,2025-12-14 15:36:00,21,34.64
14131,498,124,42,2025-12-14 15:40:00,57,86.08
13638,468,71,14,2025-12-14 15:41:00,33,52.5
14910,390,245,115,2025-12-14 15:41:00,19,32.03
5530,9,245,262,2025-12-14 15:45:00,20,34.33
1805,257,44,134,2025-12-14 16:07:00,9,14.82
821,147,36,51,2025-12-14 16:12:00,5,7.68
573,232,132,223,2025-12-14 16:40:00,47,73.57
15139,434,10,32,2025-12-14 16:51:00,54,85.55
16644,443,69,246,2025-12-14 16:59:00,53,80.65
1725,97,175,49,2025-12-14 17:03:00,30,48.45
19660,167,73,154,2025-12-14 17:08:00,37,59.22
12982,32,210,122,2025-12-14 17:18:00,24,40.8
19767,493,161,34,2025-12-14 17:22:00,25,43.07
3616,2,130,216,2025-12-14 17:31:00,36,57.55
13950,428,68,130,2025-12-14 17:37:00,18,30.13
13277,280,155,24,2025-12-14 17:41:00,19,31.73
14283,126,106,203,2025-12-14 17:45:00,53,84.06
5877,179,65,59,2025-12-14 17:57:00,57,88.13
11997,49,100,4,2025-12-14 18:01:00,40,62.83
19681,218,65,113,2025-12-14 18:08:00,37,56.93
2522,463,163,37,2025-12-14 18:10:00,49,77.91
7077,423,102,248,2025-12-14 18:11:00,34,59.15
3890,138,253,74,2025-12-14 18:12:00,52,81.07
18327,454,176,40,2025-12-14 18:15:00,28,46.65
16520,413,208,215,2025-12-14 18:21:00,35,56.56
355,247,210,117,2025-12-14 18:25:00,11,22.33
14066,380,79,2,2025-12-14 18:38:00,11,17.42
7994,37,173,140,2025-12-14 18:42:00,43,66.52
678,295,126,103,2025-12-14 18:43:00,49,78.97
3799,278,219,264,2025-12-14 19:12:00,58,92.16
18119,90,179,103,2025-12-14 19:19:00,23,37.53
11376,265,18,38,2025-12-14 19:25:00,47,74.29
3866,86,238,224,2025-12-14 19:25:00,13,20.08
644,416,239,152,2025-12-14 19:25:00,39,63.44
3184,74,61,247,2025-12-14 19:35:00,35,53.76
19316,134,119,106,2025-12-14 19:46:00,49,78.38
12528,325,1,11,2025-12-14 19:48:00,33,52.93
13553,398,232,225,2025-12-14 19:55:00,14,20.61
10237,393,131,115,2025-12-14 19:58:00,10,15.38
12532,397,254,68,2025-12-14 19:58:00,27,45.14
4777,121,202,104,2025-12-14 20:01:00,59,93.03
2771,209,43,215,2025-12-14 20:05:00,43,68.2
7140,61,33,155,2025-12-14 20:14:00,11,24.01
6734,18,135,255,2025-12-14 20:15:00,22,35.67
14052,237,140,69,2025-12-14 20:16:00,50,76.01
12213,474,204,46,2025-12-14 20:17:00,25,41.96
12214,326,148,184,2025-12-14 20:18:00,43,67.37
5451,334,164,259,2025-12-14 21:00:00,57,90.56
17312,47,208,224,2025-12-14 21:03:00,46,73.03
19749,141,141,193,2025-12-14 21:10:00,9,15.26
4784,223,183,145,2025-12-14 21:15:00,10,17.61
3901,242,21,59,2025-12-14 21:17:00,8,15.89
6200,496,76,132,2025-12-14 21:43:00,25,41.39
17100,201,183,103,2025-12-14 21:56:00,25,42.67
17032,305,10,98,2025-12-14 22:00:00,15,24.52
6900,300,15,252,2025-12-14 22:03:00,56,88.66
18527,46,155,69,2025-12-14 22:05:00,32,51.45
5499,355,146,75,2025-12-14 22:07:00,57,91.69
1861,377,118,136,2025-12-14 22:07:00,53,81.92
18780,271,12,86,2025-12-14 22:07:00,5,12.05
8630,219,118,44,2025-12-14 22:12:00,25,38.73
16539,244,90,84,2025-12-14 22:12:00,35,54.91
9573,261,250,62,2025-12-14 22:19:00,22,35.24
15229,427,32,76,2025-12-14 22:20:00,29,45.79
13531,436,28,89,2025-12-14 22:26:00,5,11.76
16110,55,36,63,2025-12-14 22:41:00,39,61.07
16730,14,204,262,2025-12-14 22:45:00,43,68.42
6630,166,20,261,2025-12-14 22:45:00,42,66.34
4304,491,2,219,2025-12-14 22:45:00,19,32.58
12646,222,154,21,2025-12-14 22:58:00,26,39.44
6249,136,13,10,2025-12-14 23:02:00,36,57.67
19139,285,139,108,2025-12-14 23:03:00,44,70.74
1943,403,36,30,2025-12-14 23:05:00,40,64.37
18295,138,10,226,2025-12-14 23:09:00,39,59.03
19708,320,137,244,2025-12-14 23:13:00,56,91.01
4283,380,110,61,2025-12-14 23:17:00,32,49.58
3887,477,189,89,2025-12-14 23:18:00,46,72.46
15706,288,80,171,2025-12-14 23:26:00,34,53.26
15814,258,196,245,2025-12-14 23:50:00,49,77.52
15121,72,144,61,2025-12-14 23:59:00,35,55.09
2687,137,253,114,2025-12-15 00:03:00,9,14.88
2758,402,147,86,2025-12-15 00:05:00,7,17.11
11513,422,46,126,2025-12-15 00:12:00,29,46.77
11265,475,209,258,2025-12-15 00:14:00,31,53.74
169,429,219,197,2025-12-15 00:24:00,31,51.29
1413,343,242,186,2025-12-15 00:35:00,28,50.0
17027,26,255,215,2025-12-15 00:36:00,32,51.34
11073,395,78,165,2025-12-15 00:37:00,55,84.64
4973,45,139,62,2025-12-15 00:40:00,49,77.24
17987,366,251,28,2025-12-15 00:40:00,8,14.04
11422,89,234,145,2025-12-15 00:47:00,60,94.72
1644,221,78,35,2025-12-15 00:50:00,56,86.29
2073,390,201,62,2025-12-15 00:51:00,60,94.62
14780,334,46,211,2025-12-15 00:52:00,60,91.81
5112,299,180,118,2025-12-15 01:01:00,53,80.97
2633,323,118,113,2025-12-15 01:03:00,17,29.08
13546,10,20,2,2025-12-15 01:12:00,33,50.16
1752,234,193,244,2025-12-15 01:32:00,47,76.61
15191,69,211,198,2025-12-15 02:04:00,51,83.86
5824,58,5,104,2025-12-15 02:24:00,31,48.36
13786,374,83,53,2025-12-15 02:43:00,55,86.39
10845,71,241,138,2025-12-15 02:43:00,10,18.08
631,481,119,153,2025-12-15 02:45:00,31,49.81
1820,260,59,142,2025-12-15 02:45:00,57,87.5
4177,268,17,169,2025-12-15 02:55:00,37,57.39
13938,54,151,264,2025-12-15 02:57:00,24,38.68
4088,202,50,172,2025-12-15 02:59:00,44,66.67
2511,325,29,4,2025-12-15 03:23:00,50,79.65
11264,378,117,37,2025-12-15 03:28:00,60,93.69
19958,164,61,86,2025-12-15 03:30:00,21,37.19
1186,186,209,107,2025-12-15 03:32:00,12,22.26
12731,153,242,258,2025-12-15 03:44:00,5,7.78
16117,329,115,155,2025-12-15 03:57:00,57,94.56
8368,394,143,94,2025-12-15 03:57:00,59,91.28
1014,231,240,83,2025-12-15 04:00:00,39,63.11
14398,453,2,246,2025-12-15 04:04:00,42,65.64
15857,166,32,103,2025-12-15 04:15:00,41,64.29
8932,119,4,104,2025-12-15 04:23:00,41,65.51
16922,191,252,143,2025-12-15 04:40:00,18,32.39
17240,232,89,33,2025-12-15 04:43:00,14,20.77
1197,350,112,117,2025-12-15 04:48:00,41,67.32
3183,439,56,100,2025-12-15 04:50:00,9,18.49
15894,338,165,52,2025-12-15 04:51:00,20,34.56
5766,67,130,221,2025-12-15 04:53:00,53,80.4
11594,90,13,261,2025-12-15 05:03:00,59,93.27
16275,194,93,125,2025-12-15 05:10:00,51,78.47
2204,444,218,86,2025-12-15 05:14:00,13,23.55
4603,462,36,204,2025-12-15 05:15:00,7,12.7
10274,222,251,19,2025-12-15 05:21:00,11,18.21
3951,454,126,144,2025-12-15 05:27:00,7,13.06
6179,120,66,89,2025-12-15 05:36:00,34,55.4
7904,169,172,134,2025-12-15 05:43:00,60,93.32
1567,273,215,137,2025-12-15 05:50:00,26,42.53
4337,45,17,13,2025-12-15 05:58:00,17,31.41
8315,107,30,177,2025-12-15 06:01:00,56,87.85
5164,470,96,243,2025-12-15 06:06:00,42,67.38
13132,69,58,218,2025-12-15 06:12:00,43,66.85
473,68,256,58,2025-12-15 06:12:00,41,65.37
9218,491,38,250,2025-12-15 06:25:00,25,40.58
9630,323,49,218,2025-12-15 06:29:00,29,44.69
16232,77,231,62,2025-12-15 06:44:00,17,34.32
15820,276,231,161,2025-12-15 06:48:00,31,48.77
3291,411,165,110,2025-12-15 07:02:00,23,31.92
3846,4,34,217,2025-12-15 07:06:00,47,73.26
5000,81,240,132,2025-12-15 07:11:00,14,23.75
19873,464,237,170,2025-12-15 07:18:00,17,29.37
4624,384,166,18,2025-12-15 07:18:00,60,92.1
3976,3,196,188,2025-12-15 07:24:00,25,41.33
17169,479,156,14,2025-12-15 07:27:00,41,66.6
12920,95,98,232,2025-12-15 07:29:00,17,27.27
17397,315,140,86,2025-12-15 07:41:00,54,87.26
9960,227,108,220,2025-12-15 07:44:00,24,37.47
10955,222,237,244,2025-12-15 07:44:00,21,37.23
779,182,220,239,2025-12-15 07:57:00,11,19.85
14195,369,246,54,2025-12-15 08:02:00,53,83.26
780,262,192,200,2025-12-15 08:07:00,33,52.34
3557,323,110,74,2025-12-15 08:18:00,48,73.56
2401,331,107,204,2025-12-15 08:30:00,18,31.26
5980,352,125,8,2025-12-15 08:34:00,44,69.94
8247,95,1,134,2025-12-15 08:36:00,12,18.9
8580,147,177,16,2025-12-15 08:37:00,8,14.02
10612,177,88,130,2025-12-15 08:44:00,54,81.11
7957,423,162,189,2025-12-15 08:49:00,7,12.41
11435,151,139,168,2025-12-15 08:49:00,45,70.92
13790,85,20,39,2025-12-15 08:53:00,20,30.84
9338,125,1,250,2025-12-15 08:53:00,32,53.06
12288,491,48,210,2025-12-15 08:54:00,8,15.39
5831,225,86,204,2025-12-15 08:55:00,10,18.04
4635,157,18,121,2025-12-15 09:02:00,35,53.72
2992,44,240,221,2025-12-15 09:03:00,10,19.95
2128,129,49,157,2025-12-15 09:09:00,18,31.68
16253,334,68,30,2025-12-15 09:20:00,59,89.29
5424,309,76,20,2025-12-15 09:24:00,53,77.57
14578,402,90,202,2025-12-15 09:32:00,23,37.4
5858,186,182,227,2025-12-15 09:51:00,35,52.18
19821,149,164,131,2025-12-15 09:51:00,19,31.58
14784,436,153,198,2025-12-15 10:03:00,12,21.48
12336,275,25,106,2025-12-15 10:06:00,48,72.41
7902,186,227,202,2025-12-15 10:08:00,39,62.0
17214,478,161,258,2025-12-15 10:17:00,28,46.16
17954,199,24,211,2025-12-15 10:34:00,9,15.92
19012,42,83,223,2025-12-15 10:36:00,18,31.13
19212,188,228,61,2025-12-15 10:41:00,57,90.98
1438,260,42,196,2025-12-15 10:47:00,51,83.7
3174,61,62,77,2025-12-15 10:52:00,37,57.96
15950,441,4,100,2025-12-15 11:27:00,41,63.28
12169,421,250,52,2025-12-15 11:30:00,46,72.94
19570,492,57,247,2025-12-15 11:41:00,34,52.01
1387,321,91,167,2025-12-15 11:46:00,30,47.22
19463,435,240,209,2025-12-15 11:50:00,22,36.15
15946,92,155,59,2025-12-15 11:54:00,58,90.63
1401,412,125,112,2025-12-15 11:56:00,19,29.94
14182,213,49,249,2025-12-15 12:09:00,46,71.71
4473,249,210,68,2025-12-15 12:09:00,9,19.32
9091,389,187,220,2025-12-15 12:31:00,9,15.61
175,367,99,132,2025-12-15 12:46:00,54,83.64
19281,84,17,82,2025-12-15 12:46:00,13,20.15
9666,97,99,210,2025-12-15 12:48:00,42,64.37
271,339,243,10,2025-12-15 12:52:00,47,0.0
5925,148,62,21,2025-12-15 12:54:00,12,22.73
9473,448,131,132,2025-12-15 12:55:00,10,19.14
4221,439,233,33,2025-12-15 13:15:00,54,82.6
17469,280,241,233,2025-12-15 13:20:00,45,71.01
306,335,34,163,2025-12-15 13:26:00,9,14.19
10575,129,136,106,2025-12-15 13:35:00,21,33.8
16199,366,165,96,2025-12-15 13:36:00,5,8.54
5516,162,118,189,2025-12-15 13:38:00,51,82.11
8578,413,146,27,2025-12-15 13:39:00,29,45.95
8076,170,112,31,2025-12-15 13:43:00,47,73.44
12811,417,172,76,2025-12-15 13:55:00,22,34.56
9652,88,19,193,2025-12-15 14:05:00,6,9.15
19068,186,27,193,2025-12-15 14:13:00,32,50.87
6120,163,77,113,2025-12-15 14:27:00,53,81.33
4714,198,191,229,2025-12-15 14:30:00,27,46.69
17867,65,221,150,2025-12-15 14:35:00,10,16.78
17495,361,120,39,2025-12-15 14:44:00,22,33.07
15226,33,67,219,2025-12-15 14:50:00,46,74.08
4968,246,123,65,2025-12-15 14:56:00,8,15.38
7018,11,104,16,2025-12-15 14:58:00,34,51.76
2369,73,37,160,2025-12-15 14:59:00,51,81.66
9389,303,154,119,2025-12-15 15:04:00,49,75.02
3143,338,233,43,2025-12-15 15:11:00,51,78.85
13996,406,78,131,2025-12-15 15:18:00,13,23.48
1902,38,63,74,2025-12-15 15:19:00,53,83.88
4816,406,210,71,2025-12-15 15:20:00,35,55.66
18732,255,160,28,2025-12-15 15:21:00,48,74.94
6257,199,255,31,2025-12-15 15:24:00,39,60.99
1743,40,243,185,2025-12-15 15:25:00,58,89.75
19795,314,243,9,2025-12-15 15:25:00,17,26.9
84,215,15,173,2025-12-15 15:29:00,18,30.51
7713,339,194,263,2025-12-15 15:32:00,28,43.1
7133,164,103,244,2025-12-15 15:47:00,45,67.6
11032,495,101,40,2025-12-15 15:53:00,40,62.99
16121,222,47,47,2025-12-15 16:00:00,32,54.18
15549,20,213,8,2025-12-15 16:03:00,57,87.05
7654,60,260,21,2025-12-15 16:04:00,59,90.66
7493,329,49,55,2025-12-15 16:09:00,12,21.19
18640,380,56,132,2025-12-15 16:19:00,31,50.02
7520,150,38,118,2025-12-15 16:20:00,57,86.99
12872,168,208,139,2025-12-15 16:49:00,36,57.36
4927,425,74,129,2025-12-15 16:49:00,34,54.76
267,383,143,99,2025-12-15 16:53:00,5,11.46
18441,183,139,212,2025-12-15 17:06:00,16,28.27
13294,186,262,210,2025-12-15 17:06:00,30,48.07
17463,192,10,19,2025-12-15 17:14:00,16,25.92
18026,260,121,182,2025-12-15 17:17:00,47,72.19
5099,196,59,84,2025-12-15 17:26:00,24,35.72
17563,481,23,204,2025-12-15 17:33:00,22,35.98
12469,228,27,142,2025-12-15 17:35:00,16,28.63
18997,385,214,104,2025-12-15 17:57:00,14,22.02
12066,387,18,18,2025-12-15 18:03:00,15,28.61
9941,21,180,92,2025-12-15 18:15:00,30,49.63
78,296,264,200,2025-12-15 18:19:00,29,47.01
12988,71,199,79,2025-12-15 18:25:00,7,16.37
8801,423,45,123,2025-12-15 18:28:00,21,36.28
4368,65,250,91,2025-12-15 18:36:00,19,30.93
13318,405,168,136,2025-12-15 18:38:00,34,51.66
15478,84,264,204,2025-12-15 18:42:00,34,53.81
6301,109,237,263,2025-12-15 18:46:00,26,43.58
5078,379,227,62,2025-12-15 19:04:00,53,83.27
13187,250,235,146,2025-12-15 19:14:00,29,46.55
13972,124,221,115,2025-12-15 19:35:00,55,86.58
15676,342,223,153,2025-12-15 19:42:00,53,84.73
16304,49,162,184,2025-12-15 19:54:00,24,40.91
7868,464,62,44,2025-12-15 20:01:00,14,24.57
407,124,255,215,2025-12-15 20:07:00,8,18.42
1035,167,35,256,2025-12-15 20:08:00,48,76.88
4467,465,22,24,2025-12-15 20:10:00,34,56.44
14055,61,147,67,2025-12-15 20:14:00,39,60.54
3686,199,212,12,2025-12-15 20:18:00,10,20.54
7199,281,204,229,2025-12-15 20:24:00,53,83.18
16106,160,226,181,2025-12-15 20:25:00,34,51.87
15281,440,178,246,2025-12-15 20:26:00,54,87.21
2971,356,84,203,2025-12-15 20:31:00,43,65.42
19871,429,262,167,2025-12-15 20:36:00,39,63.84
4434,63,123,60,2025-12-15 20:57:00,30,48.76
11804,460,213,6,2025-12-15 21:11:00,41,63.87
12624,82,2,162,2025-12-15 21:19:00,54,83.1
7982,113,66,49,2025-12-15 21:21:00,10,15.44
15462,113,117,113,2025-12-15 21:22:00,51,76.8
2821,134,223,115,2025-12-15 21:37:00,32,56.36
871,155,184,83,2025-12-15 21:41:00,8,14.47
16956,439,62,68,2025-12-15 21:43:00,59,89.48
17449,206,250,142,2025-12-15 21:57:00,5,14.04
7656,210,85,238,2025-12-15 21:58:00,47,74.44
17630,388,54,225,2025-12-15 22:09:00,15,27.11
18335,165,155,235,2025-12-15 22:13:00,46,74.88
428,325,135,157,2025-12-15 22:16:00,57,89.97
496,423,137,149,2025-12-15 22:18:00,33,55.5
15486,349,140,39,2025-12-15 22:29:00,42,67.7
3532,386,187,75,2025-12-15 22:32:00,39,60.2
17429,213,63,36,2025-12-15 22:33:00,47,71.15
19833,332,98,116,2025-12-15 22:48:00,60,96.81
8552,18,257,118,2025-12-15 22:50:00,28,43.22
6902,82,78,135,2025-12-15 22:51:00,19,34.11
11175,434,248,28,2025-12-15 22:55:00,42,63.8
12471,213,114,255,2025-12-15 23:10:00,36,58.32
6353,223,159,163,2025-12-15 23:12:00,19,31.92
8016,494,15,132,2025-12-15 23:22:00,43,68.0
16804,369,85,124,2025-12-15 23:27:00,30,49.1
6081,439,151,203,2025-12-15 23:35:00,41,62.46
10618,174,91,3,2025-12-15 23:43:00,28,43.38
19353,494,203,10,2025-12-15 23:47:00,5,13.47
9429,302,245,89,2025-12-15 23:49:00,37,52.06
354,389,122,199,2025-12-15 23:55:00,22,38.11
15048,235,155,250,2025-12-15 23:56:00,47,70.87
8424,56,231,128,2025-12-15 23:58:00,5,8.94
12725,33,263,242,2025-12-15 23:59:00,31,47.93
2036,23,22,95,2025-12-16 00:09:00,42,63.28
19807,434,104,147,2025-12-16 00:10:00,55,85.37
8890,320,151,179,2025-12-16 00:19:00,44,71.34
11042,287,163,259,2025-12-16 00:28:00,38,62.33
1841,395,109,256,2025-12-16 00:56:00,38,55.98
11542,454,155,217,2025-12-16 00:59:00,25,40.29
5462,260,58,231,2025-12-16 01:03:00,29,49.77
531,71,83,154,2025-12-16 01:10:00,47,72.79
9168,155,63,224,2025-12-16 01:16:00,5,8.77
17360,193,209,10,2025-12-16 01:18:00,39,61.09
10836,93,177,137,2025-12-16 01:19:00,53,80.77
14261,151,229,249,2025-12-16 01:21:00,47,68.87
4997,260,117,111,2025-12-16 01:28:00,45,68.9
2595,2,11,157,2025-12-16 01:37:00,21,36.98
2272,232,207,139,2025-12-16 01:53:00,47,71.46
5507,3,242,46,2025-12-16 01:56:00,36,57.04
14535,55,264,240,2025-12-16 02:02:00,24,35.3
19595,429,265,104,2025-12-16 02:08:00,14,23.4
12389,485,71,192,2025-12-16 02:16:00,47,70.78
5350,34,54,89,2025-12-16 02:33:00,49,79.23
10177,388,126,57,2025-12-16 03:17:00,21,34.09
17021,2,216,43,2025-12-16 03:35:00,17,29.45
15342,249,72,185,2025-12-16 03:52:00,22,38.37
2955,438,248,167,2025-12-16 04:06:00,59,92.69
534,263,262,34,2025-12-16 04:07:00,6,14.27
10478,188,11,49,2025-12-16 04:07:00,42,69.84
123,408,251,56,2025-12-16 04:08:00,41,63.1
3104,104,254,145,2025-12-16 04:11:00,55,84.26
4583,362,130,208,2025-12-16 04:19:00,15,24.09
2542,100,240,112,2025-12-16 04:20:00,56,86.77
11822,330,97,124,2025-12-16 04:27:00,20,33.31
17933,62,29,258,2025-12-16 04:27:00,39,58.12
704,300,160,184,2025-12-16 04:29:00,28,46.28
7931,200,78,136,2025-12-16 04:32:00,24,39.71
8040,129,39,70,2025-12-16 04:49:00,40,63.92
13221,294,6,87,2025-12-16 04:50:00,51,80.63
18431,298,221,253,2025-12-16 05:01:00,16,30.62
4042,141,131,25,2025-12-16 05:20:00,27,44.04
16879,460,165,196,2025-12-16 05:22:00,15,30.41
7992,361,87,38,2025-12-16 05:25:00,28,45.05
18756,355,58,92,2025-12-16 05:30:00,7,13.95
3322,261,144,108,2025-12-16 05:37:00,24,40.68
14114,410,93,109,2025-12-16 05:46:00,9,17.52
4345,164,72,232,2025-12-16 05:46:00,36,54.8
3203,472,15,227,2025-12-16 05:58:00,29,48.07
10987,16,39,74,2025-12-16 06:07:00,13,24.65
18153,372,16,192,2025-12-16 06:17:00,58,93.33
2162,290,242,43,2025-12-16 06:17:00,37,56.78
16637,406,208,238,2025-12-16 06:19:00,32,49.31
16603,366,226,52,2025-12-16 06:21:00,38,55.81
19251,65,89,179,2025-12-16 06:22:00,10,18.3
12397,343,27,29,2025-12-16 06:37:00,49,75.38
12570,201,5,159,2025-12-16 06:43:00,44,66.58
3527,339,61,53,2025-12-16 06:46:00,33,50.68
10784,117,261,52,2025-12-16 06:50:00,56,84.93
10710,277,134,258,2025-12-16 06:51:00,47,74.2
4075,129,158,179,2025-12-16 07:03:00,39,60.02
11018,127,97,144,2025-12-16 07:08:00,31,46.81
16163,314,207,144,2025-12-16 07:14:00,54,81.03
10051,86,42,234,2025-12-16 07:23:00,22,38.65
5945,309,144,180,2025-12-16 07:23:00,8,14.59
13249,335,88,189,2025-12-16 07:28:00,50,73.83
9959,111,102,51,2025-12-16 07:29:00,54,82.71
17786,150,216,103,2025-12-16 07:48:00,45,74.97
18062,151,108,42,2025-12-16 08:02:00,15,23.63
7815,340,36,125,2025-12-16 08:05:00,21,35.03
13360,399,123,168,2025-12-16 08:21:00,5,10.19
8129,83,120,138,2025-12-16 08:21:00,40,63.79
18969,203,34,63,2025-12-16 08:29:00,5,10.17
14472,44,22,17,2025-12-16 08:34:00,60,95.4
12769,316,243,85,2025-12-16 08:35:00,8,15.72
1194,424,218,25,2025-12-16 08:38:00,22,36.61
16313,238,205,88,2025-12-16 08:39:00,19,28.11
9368,422,144,104,2025-12-16 08:48:00,20,33.18
5604,79,185,123,2025-12-16 08:54:00,26,40.05
13028,169,238,75,2025-12-16 08:54:00,22,33.58
317,402,182,188,2025-12-16 08:58:00,53,80.03
13154,47,31,62,2025-12-16 08:59:00,36,58.01
6452,326,167,6,2025-12-16 08:59:00,18,30.91
15995,485,26,59,2025-12-16 09:16:00,19,32.15
1797,196,23,100,2025-12-16 09:17:00,47,74.08
16130,55,188,187,2025-12-16 09:50:00,39,61.36
2178,423,24,114,2025-12-16 10:06:00,57,88.84
1910,11,247,160,2025-12-16 10:30:00,53,86.09
6003,320,144,185,2025-12-16 10:33:00,27,40.04
9267,330,219,134,2025-12-16 10:34:00,48,74.67
16323,255,15,249,2025-12-16 10:35:00,36,55.2
9742,348,25,177,2025-12-16 10:37:00,24,40.74
1982,134,71,119,2025-12-16 10:47:00,44,67.15
7594,489,53,204,2025-12-16 10:52:00,52,81.54
7089,482,160,64,2025-12-16 10:56:00,35,60.18
5886,460,208,15,2025-12-16 10:56:00,51,78.51
5645,312,184,61,2025-12-16 11:04:00,38,58.65
1549,238,129,150,2025-12-16 11:04:00,59,91.69
8649,430,247,161,2025-12-16 11:16:00,24,36.55
18590,348,11,229,2025-12-16 11:17:00,31,48.49
17267,119,40,29,2025-12-16 11:22:00,26,40.19
8928,64,86,256,2025-12-16 11:25:00,28,45.63
6330,69,136,217,2025-12-16 11:32:00,35,54.7
8857,81,154,69,2025-12-16 11:32:00,42,67.63
17228,474,56,225,2025-12-16 11:41:00,48,76.29
19420,495,119,176,2025-12-16 11:47:00,46,73.61
9821,69,47,1,2025-12-16 12:46:00,14,27.79
8011,451,81,77,2025-12-16 12:52:00,55,82.87
7293,124,153,168,2025-12-16 13:00:00,6,11.66
14953,211,123,255,2025-12-16 13:05:00,18,30.24
6994,391,81,43,2025-12-16 13:19:00,24,38.7
13630,196,210,170,2025-12-16 13:22:00,30,45.61
15482,321,112,76,2025-12-16 13:29:00,18,29.3
3264,241,203,57,2025-12-16 13:30:00,7,13.28
17662,73,232,43,2025-12-16 13:45:00,7,14.27
10815,60,14,54,2025-12-16 13:48:00,15,24.56
10454,361,75,236,2025-12-16 13:52:00,9,13.77
13960,499,105,236,2025-12-16 13:59:00,28,43.81
3851,435,184,5,2025-12-16 14:12:00,8,13.9
15964,55,46,198,2025-12-16 14:15:00,31,52.73
1748,287,120,223,2025-12-16 14:20:00,26,43.83
8550,44,134,159,2025-12-16 14:30:00,6,8.17
4654,348,78,233,2025-12-16 14:38:00,8,16.39
6429,45,49,71,2025-12-16 14:43:00,45,68.57
3709,488,114,28,2025-12-16 14:56:00,24,37.94
18563,197,14,13,2025-12-16 15:02:00,36,56.9
4794,312,239,132,2025-12-16 15:24:00,36,56.36
5813,364,146,186,2025-12-16 15:32:00,50,77.4
16860,479,38,140,2025-12-16 15:36:00,24,39.43
111,310,81,15,2025-12-16 15:40:00,11,21.53
19339,173,117,106,2025-12-16 16:00:00,41,63.86
5794,321,128,201,2025-12-16 16:09:00,40,60.84
1746,245,129,251,2025-12-16 16:12:00,50,79.69
7950,101,64,255,2025-12-16 16:19:00,18,29.87
11894,426,18,149,2025-12-16 16:21:00,18,28.13
11650,206,251,219,2025-12-16 16:28:00,39,62.54
642,328,248,130,2025-12-16 16:50:00,9,13.05
9759,375,246,233,2025-12-16 16:51:00,39,57.75
8654,343,105,112,2025-12-16 17:01:00,35,51.98
1315,196,194,116,2025-12-16 17:02:00,29,44.98
9863,178,156,110,2025-12-16 17:06:00,23,39.15
2377,96,22,51,2025-12-16 17:07:00,21,31.58
12079,269,116,80,2025-12-16 17:16:00,9,13.91
16792,272,149,262,2025-12-16 17:35:00,22,34.08
10620,494,243,144,2025-12-16 17:47:00,47,70.88
9051,484,173,203,2025-12-16 17:53:00,9,14.39
15303,333,86,28,2025-12-16 17:55:00,35,55.63
10346,306,13,61,2025-12-16 17:59:00,39,60.2
5197,136,51,18,2025-12-16 18:01:00,14,20.62
13464,84,156,131,2025-12-16 18:05:00,35,55.63
10219,283,5,154,2025-12-16 18:10:00,26,41.65
7480,479,27,263,2025-12-16 18:10:00,41,61.51
9823,33,107,220,2025-12-16 18:15:00,13,24.19
6174,269,36,254,2025-12-16 18:21:00,21,32.75
9153,261,2,167,2025-12-16 18:27:00,60,96.01
2630,129,155,263,2025-12-16 18:29:00,36,58.15
2359,200,211,227,2025-12-16 18:33:00,36,54.3
8208,410,100,262,2025-12-16 18:35:00,51,83.5
5789,137,138,29,2025-12-16 18:38:00,47,73.69
4383,201,62,105,2025-12-16 18:41:00,32,51.35
11766,357,183,43,2025-12-16 18:45:00,51,79.6
14199,183,186,134,2025-12-16 18:45:00,9,14.49
18516,153,255,256,2025-12-16 18:50:00,27,43.24
13336,56,222,95,2025-12-16 18:55:00,53,83.93
7016,271,159,49,2025-12-16 19:02:00,59,95.75
4423,260,24,199,2025-12-16 19:12:00,16,28.26
19492,454,132,131,2025-12-16 19:17:00,40,66.52
15129,202,138,109,2025-12-16 19:21:00,49,75.38
17703,275,167,216,2025-12-16 19:23:00,49,75.28
13021,66,144,88,2025-12-16 19:26:00,54,82.59
15022,85,139,205,2025-12-16 19:27:00,37,58.8
7377,462,197,94,2025-12-16 19:32:00,49,76.04
18649,482,259,221,2025-12-16 19:36:00,58,94.29
17140,119,182,112,2025-12-16 19:55:00,20,33.4
4402,465,89,84,2025-12-16 20:07:00,10,17.09
63,119,76,8,2025-12-16 20:22:00,50,77.97
10992,36,68,43,2025-12-16 20:37:00,11,20.78
8600,468,200,28,2025-12-16 20:43:00,41,68.93
16924,298,93,242,2025-12-16 20:44:00,33,54.96
1554,123,62,86,2025-12-16 20:46:00,30,49.21
5084,321,244,78,2025-12-16 21:14:00,13,22.31
16734,254,191,249,2025-12-16 21:16:00,18,30.54
13238,14,165,67,2025-12-16 21:18:00,36,59.38
11239,23,38,137,2025-12-16 21:18:00,29,46.76
3451,102,18,205,2025-12-16 21:20:00,27,41.84
18707,82,55,222,2025-12-16 21:21:00,33,51.41
18397,482,84,230,2025-12-16 21:26:00,28,44.85
5696,461,63,11,2025-12-16 21:44:00,55,87.63
14647,86,214,227,2025-12-16 21:46:00,37,53.89
1344,78,236,15,2025-12-16 21:47:00,42,64.36
19058,190,206,207,2025-12-16 21:48:00,8,17.37
14686,198,239,63,2025-12-16 21:52:00,15,24.37
15905,268,86,215,2025-12-16 22:22:00,13,24.91
8349,99,129,153,2025-12-16 22:25:00,38,59.24
6839,166,235,263,2025-12-16 22:31:00,41,64.62
5705,368,196,224,2025-12-16 22:31:00,35,57.43
15874,296,251,40,2025-12-16 22:32:00,57,87.97
8808,398,159,26,2025-12-16 22:39:00,19,31.14
5410,310,13,177,2025-12-16 22:40:00,12,19.28
17437,496,134,85,2025-12-16 22:40:00,53,81.74
12050,364,264,29,2025-12-16 22:41:00,31,50.96
19003,220,82,96,2025-12-16 22:44:00,14,22.89
1245,288,137,71,2025-12-16 22:51:00,12,18.85
18499,433,244,239,2025-12-16 23:05:00,43,66.17
18522,306,197,141,2025-12-16 23:11:00,15,22.57
14580,132,32,62,2025-12-16 23:12:00,48,73.5
10865,69,145,29,2025-12-16 23:14:00,41,64.45
14061,288,15,218,2025-12-16 23:26:00,10,18.63
9827,142,255,124,2025-12-16 23:31:00,26,36.78
7356,376,148,227,2025-12-16 23:42:00,9,15.18
15673,264,230,28,2025-12-16 23:44:00,59,92.0
16883,323,43,12,2025-12-16 23:44:00,52,81.24
10831,431,157,13,2025-12-16 23:48:00,27,43.13
1346,373,64,8,2025-12-16 23:59:00,46,72.2
1276,283,135,265,2025-12-17 00:14:00,37,58.6
15046,50,98,71,2025-12-17 00:14:00,16,28.24
11995,36,67,48,2025-12-17 00:20:00,32,54.29
5359,121,174,71,2025-12-17 00:23:00,9,17.91
9929,232,150,33,2025-12-17 00:28:00,32,54.1
244,220,126,202,2025-12-17 00:29:00,39,58.02
17299,256,243,128,2025-12-17 00:37:00,17,26.79
4573,395,163,129,2025-12-17 00:38:00,43,65.56
5139,95,89,35,2025-12-17 00:53:00,15,23.38
5847,173,208,26,2025-12-17 01:00:00,22,35.48
10252,39,183,42,2025-12-17 01:24:00,31,48.69
8915,46,86,188,2025-12-17 01:35:00,50,75.34
18000,453,231,69,2025-12-17 01:38:00,45,70.49
9605,315,172,206,2025-12-17 01:40:00,10,18.16
5850,85,131,150,2025-12-17 01:50:00,40,62.49
16541,181,23,92,2025-12-17 01:56:00,14,24.66
14265,279,263,149,2025-12-17 01:58:00,6,8.58
8234,131,125,231,2025-12-17 01:58:00,15,20.51
6119,291,187,94,2025-12-17 02:02:00,15,25.04
1398,461,175,37,2025-12-17 02:08:00,38,60.63
1432,38,80,153,2025-12-17 02:10:00,40,65.38
4788,471,186,53,2025-12-17 02:13:00,57,90.07
3280,152,13,265,2025-12-17 02:36:00,13,20.98
1657,173,181,229,2025-12-17 02:40:00,23,38.31
10191,114,167,164,2025-12-17 02:41:00,51,81.05
8742,401,216,50,2025-12-17 02:42:00,44,69.54
3690,298,188,50,2025-12-17 02:45:00,5,11.39
8871,92,54,88,2025-12-17 02:56:00,32,51.25
14540,320,56,116,2025-12-17 02:58:00,39,61.55
11131,368,163,256,2025-12-17 03:04:00,46,71.47
18922,234,136,177,2025-12-17 03:12:00,8,14.18
12659,208,184,159,2025-12-17 03:24:00,57,86.78
19494,168,184,43,2025-12-17 03:37:00,43,66.55
640,225,244,17,2025-12-17 03:40:00,39,64.55
2994,166,39,188,2025-12-17 03:47:00,54,85.92
19764,463,69,230,2025-12-17 03:47:00,51,79.75
8895,122,233,137,2025-12-17 03:55:00,55,88.56
18278,430,78,96,2025-12-17 03:59:00,13,22.12
14734,276,80,49,2025-12-17 04:12:00,5,8.5
8254,305,233,174,2025-12-17 04:15:00,25,39.47
17234,435,124,183,2025-12-17 04:22:00,19,31.36
408,258,91,52,2025-12-17 04:31:00,45,69.78
11662,402,195,179,2025-12-17 04:36:00,57,91.47
18203,490,28,87,2025-12-17 04:36:00,53,83.5
12905,44,11,200,2025-12-17 04:37:00,26,40.49
217,54,236,174,2025-12-17 04:41:00,55,83.9
6626,365,13,193,2025-12-17 04:42:00,49,76.65
14372,354,22,255,2025-12-17 04:51:00,52,86.09
6256,321,60,212,2025-12-17 04:53:00,45,70.4
14835,499,227,125,2025-12-17 05:08:00,45,73.17
9478,324,30,141,2025-12-17 05:25:00,21,34.29
13314,440,203,59,2025-12-17 05:30:00,23,39.41
14687,112,63,66,2025-12-17 05:32:00,40,64.31
6712,121,96,42,2025-12-17 05:33:00,31,49.41
2039,447,212,91,2025-12-17 05:40:00,54,85.09
5218,266,51,94,2025-12-17 05:45:00,18,29.83
9486,13,150,220,2025-12-17 05:57:00,23,38.35
8399,30,161,93,2025-12-17 05:59:00,22,36.3
8785,161,88,72,2025-12-17 06:01:00,14,20.81
5884,431,13,106,2025-12-17 06:05:00,59,93.01
5640,386,181,16,2025-12-17 06:10:00,37,59.73
2709,349,32,214,2025-12-17 06:14:00,45,70.89
14532,264,262,195,2025-12-17 06:18:00,50,76.33
7311,92,214,238,2025-12-17 06:20:00,58,88.16
1977,71,234,46,2025-12-17 06:24:00,49,74.65
11480,439,135,71,2025-12-17 06:27:00,9,14.85
1232,488,60,184,2025-12-17 06:27:00,45,70.79
16000,45,18,29,2025-12-17 06:41:00,59,94.98
2008,152,222,170,2025-12-17 06:45:00,45,71.3
3346,138,3,121,2025-12-17 06:51:00,14,21.7
15180,488,175,42,2025-12-17 06:51:00,44,66.62
1093,495,81,226,2025-12-17 06:57:00,14,22.92
7064,233,62,122,2025-12-17 07:02:00,28,42.87
4389,405,128,65,2025-12-17 07:15:00,51,80.31
9018,469,172,198,2025-12-17 07:24:00,43,68.79
692,333,264,66,2025-12-17 07:40:00,43,64.45
19259,465,24,130,2025-12-17 07:43:00,21,30.58
1568,7,4,3,2025-12-17 07:46:00,50,75.36
4500,39,77,58,2025-12-17 07:57:00,17,28.04
12522,300,69,96,2025-12-17 08:04:00,28,47.05
14611,280,7,217,2025-12-17 08:05:00,29,44.2
7799,75,35,230,2025-12-17 08:08:00,58,88.75
1628,294,137,15,2025-12-17 08:10:00,6,9.79
8680,426,180,53,2025-12-17 08:20:00,20,34.08
11693,231,79,167,2025-12-17 08:25:00,54,84.01
5750,159,117,11,2025-12-17 08:25:00,52,79.99
6952,148,76,124,2025-12-17 08:29:00,50,81.94
14569,242,199,79,2025-12-17 08:37:00,45,68.02
4915,172,255,166,2025-12-17 08:41:00,55,86.44
15117,188,108,212,2025-12-17 08:41:00,41,62.89
3736,383,46,148,2025-12-17 08:42:00,15,24.96
16948,77,206,47,2025-12-17 08:45:00,54,82.98
8648,486,202,140,2025-12-17 08:56:00,9,17.37
14836,272,112,55,2025-12-17 09:06:00,31,47.9
2452,95,99,178,2025-12-17 09:07:00,17,26.83
3240,243,165,40,2025-12-17 09:09:00,42,67.19
9986,490,236,197,2025-12-17 09:10:00,5,14.0
16448,242,161,125,2025-12-17 09:21:00,21,31.53
8331,109,17,235,2025-12-17 09:22:00,35,55.63
13633,458,228,159,2025-12-17 09:22:00,16,25.95
15554,474,65,163,2025-12-17 09:28:00,8,19.32
614,272,165,167,2025-12-17 09:32:00,36,57.08
17067,356,100,157,2025-12-17 09:37:00,8,11.94
3489,117,133,103,2025-12-17 09:50:00,35,53.11
14086,313,168,264,2025-12-17 09:57:00,19,30.57
2839,288,260,257,2025-12-17 09:59:00,45,76.18
5147,239,23,213,2025-12-17 10:03:00,44,71.62
1501,262,53,213,2025-12-17 10:24:00,49,72.99
12035,406,84,197,2025-12-17 10:31:00,49,75.87
183,278,227,98,2025-12-17 10:31:00,5,11.89
13851,149,93,74,2025-12-17 10:32:00,18,27.41
8007,139,137,192,2025-12-17 10:49:00,18,26.27
19091,55,120,225,2025-12-17 11:02:00,33,49.46
16591,84,156,244,2025-12-17 11:08:00,37,57.51
10392,38,147,218,2025-12-17 11:13:00,37,57.56
6345,409,183,257,2025-12-17 11:14:00,21,32.6
15293,213,222,69,2025-12-17 11:20:00,50,74.79
10176,15,254,69,2025-12-17 11:22:00,46,71.16
11259,423,83,24,2025-12-17 11:37:00,23,35.84
10604,368,146,243,2025-12-17 11:39:00,6,11.35
12324,29,222,17,2025-12-17 11:52:00,28,43.17
19451,352,232,191,2025-12-17 12:04:00,24,38.98
11740,286,178,239,2025-12-17 12:04:00,34,55.35
19302,225,91,213,2025-12-17 12:06:00,24,41.5
14477,337,246,46,2025-12-17 12:18:00,18,30.11
11504,114,2,153,2025-12-17 12:19:00,13,23.34
12254,474,81,99,2025-12-17 12:34:00,14,25.39
12824,431,111,41,2025-12-17 12:40:00,21,34.31
11784,67,190,211,2025-12-17 12:42:00,45,70.4
2531,172,259,48,2025-12-17 12:44:00,23,38.47
19762,298,67,16,2025-12-17 12:48:00,55,82.31
19816,201,96,187,2025-12-17 12:48:00,5,9.21
19665,11,95,129,2025-12-17 12:54:00,57,88.34
19108,175,3,111,2025-12-17 12:59:00,49,74.19
15631,182,102,200,2025-12-17 13:16:00,12,19.0
17726,291,90,57,2025-12-17 13:25:00,9,15.7
8497,347,192,216,2025-12-17 13:30:00,25,36.59
14497,284,11,198,2025-12-17 13:32:00,20,31.15
7672,179,241,25,2025-12-17 13:33:00,53,88.84
6818,162,57,251,2025-12-17 13:44:00,26,39.56
16363,297,69,15,2025-12-17 13:45:00,43,69.11
7129,232,188,90,2025-12-17 13:59:00,33,52.27
11112,472,44,53,2025-12-17 14:14:00,46,69.45
18260,154,76,66,2025-12-17 14:25:00,53,85.0
3267,16,233,69,2025-12-17 14:29:00,35,53.59
18717,265,143,159,2025-12-17 14:34:00,22,35.6
6501,334,173,164,2025-12-17 14:46:00,19,33.89
11125,121,44,93,2025-12-17 14:58:00,42,62.86
11404,101,233,32,2025-12-17 14:58:00,29,43.02
4648,146,77,109,2025-12-17 15:01:00,18,31.64
16266,78,122,226,2025-12-17 15:06:00,27,42.17
17510,457,98,18,2025-12-17 15:09:00,26,44.96
4774,282,93,15,2025-12-17 15:09:00,46,70.86
8426,47,180,167,2025-12-17 15:20:00,48,77.39
7069,192,233,183,2025-12-17 15:23:00,53,85.46
1282,252,12,86,2025-12-17 15:33:00,19,31.6
3495,193,54,159,2025-12-17 15:36:00,42,59.84
8790,389,94,50,2025-12-17 15:46:00,48,76.91
12764,95,151,24,2025-12-17 15:47:00,57,87.54
16785,386,92,179,2025-12-17 15:52:00,41,63.51
7795,400,258,179,2025-12-17 16:07:00,41,68.27
11512,324,155,29,2025-12-17 16:20:00,23,38.52
2761,298,68,24,2025-12-17 16:23:00,50,79.51
8231,235,149,189,2025-12-17 16:38:00,17,25.56
5440,167,143,112,2025-12-17 16:43:00,12,18.73
3658,281,18,76,2025-12-17 16:47:00,20,31.21
1374,450,106,177,2025-12-17 16:49:00,15,24.05
6442,284,143,58,2025-12-17 17:09:00,9,0.0
13567,211,247,204,2025-12-17 17:10:00,37,60.51
8357,426,154,188,2025-12-17 17:34:00,45,71.99
7894,129,129,26,2025-12-17 17:38:00,60,93.96
259,11,21,104,2025-12-17 17:40:00,56,86.02
14508,302,183,131,2025-12-17 17:47:00,33,52.74
5376,332,159,221,2025-12-17 17:49:00,40,62.9
17692,38,239,168,2025-12-17 17:59:00,20,33.52
2239,386,109,199,2025-12-17 18:02:00,18,31.21
10989,266,176,118,2025-12-17 18:06:00,20,30.78
5992,447,250,204,2025-12-17 18:07:00,22,33.76
5767,404,192,113,2025-12-17 18:12:00,12,19.15
3444,148,20,40,2025-12-17 18:19:00,32,47.84
2910,498,112,187,2025-12-17 18:24:00,9,15.1
18553,454,226,109,2025-12-17 18:26:00,33,51.93
13734,38,185,192,2025-12-17 18:35:00,49,79.82
9162,92,54,158,2025-12-17 18:40:00,32,49.34
16351,424,261,129,2025-12-17 18:45:00,39,63.06
17331,160,201,81,2025-12-17 18:48:00,16,28.56
11294,320,82,27,2025-12-17 19:00:00,24,45.15
17977,357,59,258,2025-12-17 19:31:00,27,43.5
13948,357,18,249,2025-12-17 19:32:00,37,60.93
3341,377,245,239,2025-12-17 19:32:00,29,46.52
305,35,24,46,2025-12-17 19:33:00,25,39.14
3120,96,199,33,2025-12-17 19:37:00,5,9.99
17412,268,249,142,2025-12-17 19:39:00,45,68.52
14046,217,51,31,2025-12-17 19:43:00,41,65.85
8134,435,251,205,2025-12-17 19:59:00,12,20.65
16698,63,237,187,2025-12-17 20:05:00,33,51.03
17608,104,125,86,2025-12-17 20:19:00,5,9.16
2482,21,108,198,2025-12-17 20:24:00,24,41.05
6974,300,55,49,2025-12-17 20:48:00,18,25.91
5130,195,247,164,2025-12-17 21:03:00,54,83.83
636,360,67,146,2025-12-17 21:04:00,24,0.0
3359,414,11,90,2025-12-17 21:06:00,27,40.94
4905,31,90,83,2025-12-17 21:30:00,17,27.41
19324,329,133,175,2025-12-17 21:30:00,41,65.12
18713,382,71,164,2025-12-17 21:31:00,49,75.28
12125,492,32,261,2025-12-17 21:33:00,18,26.64
2045,25,177,147,2025-12-17 21:38:00,54,82.89
2494,5,212,224,2025-12-17 21:39:00,5,11.74
13495,291,257,99,2025-12-17 21:51:00,12,20.31
9229,152,182,219,2025-12-17 22:00:00,48,73.66
17641,69,83,191,2025-12-17 22:02:00,47,73.22
17411,398,188,68,2025-12-17 22:02:00,36,59.13
1886,361,108,73,2025-12-17 22:09:00,33,52.79
13212,368,29,112,2025-12-17 22:20:00,35,54.89
4324,216,240,124,2025-12-17 22:23:00,9,20.63
11589,363,90,138,2025-12-17 22:25:00,50,76.03
1395,296,40,22,2025-12-17 22:29:00,34,53.81
11103,300,166,134,2025-12-17 22:32:00,29,48.89
12649,315,117,209,2025-12-17 22:33:00,42,62.87
597,292,163,111,2025-12-17 22:34:00,18,27.9
12632,39,193,241,2025-12-17 22:59:00,36,55.36
10171,63,181,262,2025-12-17 22:59:00,55,82.51
15856,475,198,155,2025-12-17 23:12:00,26,36.97
17946,102,248,1,2025-12-17 23:26:00,22,33.11
8109,141,182,120,2025-12-17 23:26:00,57,90.37
12402,77,91,81,2025-12-17 23:28:00,41,67.04
224,434,236,69,2025-12-17 23:40:00,40,61.18
7675,190,8,184,2025-12-17 23:41:00,8,17.93
6069,347,169,76,2025-12-17 23:46:00,26,42.73
74,206,161,197,2025-12-17 23:52:00,17,24.72
9417,297,183,70,2025-12-17 23:53:00,32,52.48
17594,374,126,103,2025-12-17 23:55:00,32,52.61
7370,58,228,52,2025-12-17 23:55:00,24,38.19
16029,247,21,99,2025-12-18 00:06:00,32,49.55
10788,155,200,181,2025-12-18 00:28:00,33,50.78
12349,180,56,48,2025-12-18 00:29:00,18,30.78
11502,120,200,212,2025-12-18 00:32:00,16,27.3
12956,481,30,248,2025-12-18 00:33:00,28,42.82
11362,265,36,149,2025-12-18 00:50:00,17,27.93
14277,220,155,133,2025-12-18 01:05:00,50,78.81
9674,459,80,173,2025-12-18 01:16:00,51,75.42
7925,27,161,125,2025-12-18 01:21:00,46,74.25
12299,3,130,199,2025-12-18 01:23:00,12,18.0
8415,49,243,124,2025-12-18 01:47:00,26,42.76
9866,156,21,90,2025-12-18 01:51:00,47,70.96
12635,241,188,253,2025-12-18 01:58:00,57,83.3
6707,227,196,41,2025-12-18 02:01:00,33,52.58
19258,477,52,239,2025-12-18 02:13:00,32,50.69
13071,417,252,162,2025-12-18 02:17:00,32,50.9
16455,278,239,2,2025-12-18 02:17:00,8,12.79
15199,129,167,220,2025-12-18 02:22:00,48,72.94
10086,416,106,89,2025-12-18 02:34:00,13,26.4
13926,148,133,90,2025-12-18 02:37:00,42,63.86
18237,73,170,139,2025-12-18 02:38:00,5,8.81
12648,355,132,96,2025-12-18 02:39:00,44,68.6
5360,38,38,11,2025-12-18 02:46:00,33,52.71
6375,350,108,13,2025-12-18 02:49:00,26,40.63
21,194,259,27,2025-12-18 02:49:00,58,87.8
17802,73,122,66,2025-12-18 02:50:00,38,59.12
18318,397,78,99,2025-12-18 02:51:00,42,66.22
9522,84,146,90,2025-12-18 02:51:00,14,23.5
5903,464,76,46,2025-12-18 03:05:00,13,22.45
12359,95,135,261,2025-12-18 03:13:00,48,74.4
8249,393,129,248,2025-12-18 03:13:00,24,38.37
17293,481,48,172,2025-12-18 03:20:00,52,82.37
9728,379,33,258,2025-12-18 03:20:00,37,57.6
9113,290,86,44,2025-12-18 03:21:00,28,44.24
18178,102,148,169,2025-12-18 03:34:00,55,85.57
17661,417,141,140,2025-12-18 03:37:00,7,13.04
9202,269,252,209,2025-12-18 03:42:00,5,12.35
1433,313,177,154,2025-12-18 03:50:00,55,85.43
4775,362,3,142,2025-12-18 03:53:00,15,24.79
11174,146,185,247,2025-12-18 03:56:00,56,86.1
17318,475,226,261,2025-12-18 04:10:00,8,12.1
7620,96,106,114,2025-12-18 04:12:00,26,42.89
18047,428,254,118,2025-12-18 04:20:00,43,66.97
9535,295,3,103,2025-12-18 04:27:00,31,48.77
12398,345,117,129,2025-12-18 04:47:00,36,60.6
17479,318,10,137,2025-12-18 04:56:00,55,86.48
7523,263,26,255,2025-12-18 05:01:00,18,30.72
3626,4,113,251,2025-12-18 05:22:00,18,32.89
12605,114,249,195,2025-12-18 05:27:00,43,68.6
8595,354,244,210,2025-12-18 05:52:00,35,53.59
8196,334,87,43,2025-12-18 05:59:00,12,22.84
15757,210,76,138,2025-12-18 06:13:00,60,90.45
1291,476,54,38,2025-12-18 06:15:00,6,13.94
18556,234,195,49,2025-12-18 06:18:00,25,39.86
18377,226,73,51,2025-12-18 06:18:00,34,51.14
9479,488,125,63,2025-12-18 06:29:00,46,70.98
14945,316,36,164,2025-12-18 06:29:00,25,36.93
4674,459,60,43,2025-12-18 06:33:00,51,77.2
13608,138,213,121,2025-12-18 06:44:00,27,44.0
16914,381,57,181,2025-12-18 06:46:00,9,17.17
14574,140,210,197,2025-12-18 06:55:00,44,67.17
8364,284,260,229,2025-12-18 06:59:00,47,71.87
3641,239,252,177,2025-12-18 07:11:00,30,44.27
1225,264,9,175,2025-12-18 07:18:00,52,80.34
2466,123,137,201,2025-12-18 07:38:00,53,78.37
6950,18,102,200,2025-12-18 07:40:00,18,28.85
2901,144,4,148,2025-12-18 07:40:00,27,43.89
17536,186,52,38,2025-12-18 07:41:00,58,90.52
19375,265,94,116,2025-12-18 07:43:00,46,72.58
12425,183,160,92,2025-12-18 07:48:00,31,52.15
5589,480,127,132,2025-12-18 07:52:00,22,35.75
2075,69,25,6,2025-12-18 08:03:00,40,64.03
13386,409,17,103,2025-12-18 08:04:00,52,82.72
2464,192,152,198,2025-12-18 08:07:00,18,32.21
18644,19,242,233,2025-12-18 08:24:00,50,77.92
19187,176,28,145,2025-12-18 08:30:00,36,55.11
4131,57,150,239,2025-12-18 08:36:00,9,14.64
18859,195,195,190,2025-12-18 08:37:00,30,47.05
12810,345,112,252,2025-12-18 08:43:00,27,44.76
17282,142,155,243,2025-12-18 08:43:00,9,15.0
7578,30,250,95,2025-12-18 08:52:00,42,65.63
8407,47,222,186,2025-12-18 09:08:00,28,43.08
199,21,39,168,2025-12-18 09:10:00,12,21.1
483,66,118,197,2025-12-18 09:12:00,17,27.23
5522,408,26,257,2025-12-18 09:17:00,39,60.73
9252,53,61,15,2025-12-18 09:23:00,53,83.42
16983,68,154,30,2025-12-18 09:38:00,5,10.44
10106,264,15,81,2025-12-18 09:41:00,11,23.56
7134,281,210,95,2025-12-18 09:48:00,20,31.9
16649,168,115,13,2025-12-18 09:56:00,10,17.95
691,179,149,235,2025-12-18 10:20:00,31,48.59
9334,125,197,227,2025-12-18 10:20:00,38,58.73
1983,314,135,188,2025-12-18 10:22:00,44,67.47
20,308,233,105,2025-12-18 10:23:00,31,50.1
2596,460,32,190,2025-12-18 10:29:00,33,50.49
10725,258,156,57,2025-12-18 10:40:00,38,61.08
7915,114,19,27,2025-12-18 10:46:00,32,53.78
6251,212,108,186,2025-12-18 11:02:00,23,38.27
6037,139,30,179,2025-12-18 11:21:00,17,27.69
13176,290,56,137,2025-12-18 11:21:00,30,46.3
17012,169,62,120,2025-12-18 11:25:00,7,14.18
5182,327,78,121,2025-12-18 11:30:00,25,40.05
19402,177,49,13,2025-12-18 11:38:00,30,47.79
1308,103,67,130,2025-12-18 11:46:00,44,66.84
11105,263,44,168,2025-12-18 12:14:00,27,43.39
2701,266,158,24,2025-12-18 12:21:00,25,42.04
19988,460,186,242,2025-12-18 12:26:00,18,32.94
1984,40,95,173,2025-12-18 12:29:00,5,11.35
18293,296,99,33,2025-12-18 12:31:00,18,28.39
3342,143,37,251,2025-12-18 12:32:00,50,81.49
17018,34,103,260,2025-12-18 12:38:00,39,61.04
10445,472,175,110,2025-12-18 12:39:00,60,92.58
8153,365,141,228,2025-12-18 12:52:00,13,22.15
17615,311,63,87,2025-12-18 12:53:00,57,86.74
1889,500,181,258,2025-12-18 13:00:00,11,17.12
10724,3,144,125,2025-12-18 13:05:00,10,16.69
2199,275,116,174,2025-12-18 13:07:00,48,76.08
11828,339,186,3,2025-12-18 13:11:00,13,22.62
12581,10,117,63,2025-12-18 13:12:00,28,42.37
19543,78,109,119,2025-12-18 13:16:00,9,19.23
8474,478,118,227,2025-12-18 13:18:00,47,75.26
18524,22,157,227,2025-12-18 13:24:00,53,81.45
3329,112,171,121,2025-12-18 13:28:00,42,63.9
17996,319,230,131,2025-12-18 13:39:00,15,27.58
6111,141,239,37,2025-12-18 13:44:00,41,68.39
3948,487,26,252,2025-12-18 13:56:00,56,89.69
10110,473,69,60,2025-12-18 14:01:00,6,13.72
13316,72,119,87,2025-12-18 14:12:00,18,31.38
10076,136,36,234,2025-12-18 14:16:00,19,31.67
2165,294,15,36,2025-12-18 14:26:00,10,18.84
8606,165,189,260,2025-12-18 14:27:00,16,26.57
6138,35,163,130,2025-12-18 14:28:00,59,92.1
19263,141,170,27,2025-12-18 14:34:00,21,33.43
9730,261,176,55,2025-12-18 14:34:00,48,78.53
2601,258,3,209,2025-12-18 14:35:00,29,46.88
4352,459,76,34,2025-12-18 14:46:00,35,56.23
13659,293,210,162,2025-12-18 14:53:00,11,16.71
11349,365,69,80,2025-12-18 15:06:00,50,77.53
9101,241,111,78,2025-12-18 15:09:00,36,58.0
2809,69,24,220,2025-12-18 15:14:00,17,22.05
19321,424,17,263,2025-12-18 15:15:00,33,53.46
15285,116,86,42,2025-12-18 15:29:00,53,86.53
13046,400,76,200,2025-12-18 15:42:00,51,78.67
16587,184,194,44,2025-12-18 15:44:00,49,76.51
18959,315,195,182,2025-12-18 15:54:00,28,44.83
7747,159,238,92,2025-12-18 15:57:00,29,50.59
3349,285,205,114,2025-12-18 16:11:00,25,42.13
523,238,150,18,2025-12-18 16:11:00,31,48.11
15532,490,30,191,2025-12-18 16:23:00,51,79.92
5804,84,255,260,2025-12-18 16:26:00,27,46.07
3356,227,173,232,2025-12-18 16:34:00,22,34.23
19370,119,209,173,2025-12-18 16:39:00,48,75.14
15467,215,237,249,2025-12-18 16:52:00,43,69.97
19358,210,80,162,2025-12-18 16:59:00,41,63.66
18020,496,173,3,2025-12-18 17:05:00,33,51.01
1140,20,150,251,2025-12-18 17:14:00,37,57.49
880,402,180,205,2025-12-18 17:23:00,49,75.98
16911,205,230,115,2025-12-18 17:43:00,50,78.97
7809,183,87,261,2025-12-18 17:48:00,49,75.23
16524,207,227,174,2025-12-18 17:59:00,28,42.83
11564,190,158,74,2025-12-18 17:59:00,53,82.16
6517,331,164,170,2025-12-18 17:59:00,40,63.42
12270,99,231,182,2025-12-18 18:05:00,53,78.41
2604,493,240,198,2025-12-18 18:10:00,11,17.58
17126,207,259,214,2025-12-18 18:11:00,7,14.86
13909,446,89,116,2025-12-18 18:22:00,42,63.71
16818,401,117,28,2025-12-18 18:31:00,10,17.18
13941,347,63,93,2025-12-18 18:46:00,9,18.57
12953,462,116,168,2025-12-18 18:55:00,58,94.07
19403,483,262,161,2025-12-18 18:56:00,56,83.89
12855,239,243,88,2025-12-18 18:57:00,31,47.1
17133,315,70,77,2025-12-18 19:12:00,47,70.99
14123,323,92,82,2025-12-18 19:34:00,52,84.39
17217,438,181,145,2025-12-18 19:49:00,42,63.81
16129,84,150,187,2025-12-18 19:49:00,6,10.67
13647,188,151,251,2025-12-18 20:06:00,21,35.74
8666,462,241,68,2025-12-18 20:16:00,9,17.79
19409,65,212,64,2025-12-18 20:16:00,50,75.78
4580,127,74,145,2025-12-18 20:20:00,57,89.73
18796,320,97,240,2025-12-18 20:25:00,13,24.89
15436,113,192,158,2025-12-18 20:26:00,39,61.94
4923,210,264,206,2025-12-18 20:34:00,5,8.33
13365,495,200,21,2025-12-18 20:34:00,58,91.0
17450,45,36,67,2025-12-18 20:40:00,43,65.11
2056,157,95,142,2025-12-18 20:41:00,18,30.6
13724,287,182,250,2025-12-18 20:44:00,15,25.68
12965,364,143,237,2025-12-18 20:46:00,46,73.19
18428,366,176,1,2025-12-18 20:51:00,60,97.05
2410,104,235,71,2025-12-18 20:52:00,56,87.99
2352,422,76,240,2025-12-18 21:00:00,46,69.7
9736,105,247,65,2025-12-18 21:05:00,11,20.46
6962,257,171,64,2025-12-18 21:14:00,20,29.84
17001,197,166,22,2025-12-18 21:22:00,36,57.18
14728,332,9,51,2025-12-18 21:24:00,43,68.37
16662,382,124,149,2025-12-18 21:37:00,58,91.48
753,9,217,177,2025-12-18 21:39:00,9,16.66
9637,407,24,253,2025-12-18 21:39:00,54,85.44
19793,177,62,109,2025-12-18 21:45:00,55,82.54
5292,368,64,84,2025-12-18 21:46:00,21,35.41
5347,277,153,102,2025-12-18 21:49:00,16,29.79
16418,431,213,11,2025-12-18 22:00:00,31,47.81
5849,255,175,57,2025-12-18 22:06:00,37,55.29
13825,31,36,126,2025-12-18 22:16:00,47,74.93
8371,32,44,188,2025-12-18 22:21:00,29,46.8
11298,481,141,159,2025-12-18 22:26:00,40,61.11
14017,204,22,105,2025-12-18 22:39:00,23,39.51
3748,176,244,259,2025-12-18 22:41:00,60,91.14
9281,355,26,241,2025-12-18 22:44:00,16,30.21
2155,375,262,150,2025-12-18 22:48:00,31,46.99
10635,397,149,158,2025-12-18 23:05:00,18,33.27
7086,208,79,13,2025-12-18 23:14:00,23,38.68
17821,371,99,215,2025-12-18 23:18:00,24,41.56
18111,145,101,51,2025-12-18 23:20:00,13,24.52
5818,27,216,131,2025-12-18 23:20:00,49,75.07
18759,190,51,186,2025-12-18 23:28:00,36,58.79
2932,62,32,84,2025-12-18 23:30:00,39,61.76
7280,113,219,26,2025-12-18 23:36:00,7,15.24
3794,110,216,11,2025-12-18 23:39:00,27,44.59
3719,35,264,261,2025-12-18 23:42:00,36,57.56
10180,443,9,196,2025-12-18 23:49:00,6,12.71
18539,498,8,141,2025-12-18 23:49:00,32,52.89
16893,144,16,51,2025-12-18 23:50:00,16,25.03
19849,110,115,217,2025-12-18 23:51:00,55,86.02
2736,334,97,71,2025-12-18 23:52:00,20,34.23
14344,181,22,115,2025-12-18 23:55:00,29,46.96
7539,259,156,218,2025-12-19 00:16:00,34,57.63
18149,267,234,211,2025-12-19 00:17:00,58,90.15
10452,381,19,165,2025-12-19 00:37:00,29,42.16
11521,159,31,237,2025-12-19 00:53:00,23,36.98
6390,152,31,81,2025-12-19 01:05:00,50,76.14
13036,215,262,80,2025-12-19 01:05:00,30,48.95
1509,10,92,111,2025-12-19 01:12:00,34,53.94
1236,354,219,127,2025-12-19 01:16:00,25,41.46
17541,328,232,95,2025-12-19 01:22:00,48,74.05
14560,111,26,132,2025-12-19 01:34:00,40,58.46
12152,292,127,77,2025-12-19 01:38:00,42,64.91
1520,306,134,119,2025-12-19 01:41:00,17,29.71
2227,257,177,222,2025-12-19 01:45:00,6,14.77
19986,187,226,198,2025-12-19 01:47:00,56,88.45
926,311,37,84,2025-12-19 02:01:00,27,41.76
17936,146,168,53,2025-12-19 02:03:00,47,73.24
999,20,164,7,2025-12-19 02:06:00,25,41.45
17872,103,157,249,2025-12-19 02:19:00,7,16.07
17886,443,74,176,2025-12-19 02:23:00,42,64.38
129,395,182,209,2025-12-19 02:29:00,60,90.45
18141,349,249,138,2025-12-19 02:30:00,17,27.6
18205,421,164,234,2025-12-19 02:39:00,40,59.67
10898,245,61,6,2025-12-19 02:50:00,40,61.64
7075,172,184,121,2025-12-19 02:58:00,26,44.4
12261,3,255,177,2025-12-19 03:04:00,39,64.54
2987,382,245,204,2025-12-19 03:17:00,24,39.24
1337,8,166,92,2025-12-19 03:21:00,10,18.14
16378,378,160,256,2025-12-19 03:44:00,48,75.86
8637,466,2,6,2025-12-19 03:48:00,27,41.02
1962,48,186,174,2025-12-19 03:50:00,39,62.54
5173,383,162,191,2025-12-19 03:54:00,50,77.69
7060,428,156,112,2025-12-19 04:07:00,60,94.09
9776,350,33,46,2025-12-19 04:11:00,26,44.02
18022,430,243,69,2025-12-19 04:13:00,34,54.43
18897,134,95,254,2025-12-19 04:13:00,52,79.29
813,344,6,202,2025-12-19 04:19:00,48,76.4
12442,5,33,1,2025-12-19 04:33:00,52,84.65
294,231,197,163,2025-12-19 04:35:00,24,37.75
2795,345,56,51,2025-12-19 04:40:00,13,24.06
6278,447,255,172,2025-12-19 04:50:00,24,36.45
16858,169,123,42,2025-12-19 04:52:00,55,88.26
7776,61,58,132,2025-12-19 05:05:00,26,41.24
3832,120,122,179,2025-12-19 05:08:00,14,23.17
2141,36,249,260,2025-12-19 05:12:00,16,25.92
9053,456,97,142,2025-12-19 05:42:00,42,70.84
3985,450,65,18,2025-12-19 05:45:00,44,70.4
6180,48,74,178,2025-12-19 05:47:00,51,81.37
4833,348,258,190,2025-12-19 05:52:00,8,16.97
494,329,101,137,2025-12-19 05:59:00,55,86.45
11392,8,245,106,2025-12-19 06:06:00,54,82.87
6891,122,253,74,2025-12-19 06:21:00,51,82.53
195,112,82,151,2025-12-19 06:21:00,18,31.07
19765,351,157,1,2025-12-19 06:22:00,48,78.91
13210,476,48,194,2025-12-19 06:29:00,16,27.06
15932,380,91,193,2025-12-19 06:33:00,36,60.0
10786,221,61,135,2025-12-19 06:34:00,16,24.9
17323,328,31,136,2025-12-19 06:36:00,50,79.72
11532,85,221,155,2025-12-19 06:37:00,42,65.66
7640,125,215,260,2025-12-19 06:53:00,12,19.55
1125,288,128,89,2025-12-19 06:59:00,40,65.39
9355,115,84,117,2025-12-19 07:05:00,11,19.03
14359,14,142,239,2025-12-19 07:08:00,7,16.5
19969,197,262,154,2025-12-19 07:09:00,49,72.39
15228,6,209,25,2025-12-19 07:15:00,52,81.09
14555,18,167,121,2025-12-19 07:15:00,9,16.4
10439,165,134,141,2025-12-19 07:18:00,7,12.24
1129,243,138,214,2025-12-19 07:20:00,16,25.53
4664,196,164,148,2025-12-19 07:23:00,22,33.44
13166,112,238,240,2025-12-19 07:26:00,51,79.49
18254,272,40,97,2025-12-19 07:27:00,33,51.43
3236,245,201,35,2025-12-19 07:29:00,43,69.71
5823,18,136,137,2025-12-19 07:35:00,23,38.79
1944,102,131,236,2025-12-19 07:39:00,28,46.4
5240,97,64,218,2025-12-19 07:40:00,10,19.96
10011,163,225,74,2025-12-19 07:47:00,47,72.96
2704,38,184,260,2025-12-19 07:50:00,33,49.23
1309,483,32,73,2025-12-19 07:51:00,47,75.51
849,466,128,59,2025-12-19 07:51:00,26,39.76
9106,100,128,45,2025-12-19 07:53:00,43,65.38
14607,2,89,119,2025-12-19 07:55:00,47,72.98
17199,475,18,182,2025-12-19 08:05:00,7,13.6
17741,487,69,13,2025-12-19 08:19:00,6,13.29
8201,216,229,249,2025-12-19 08:20:00,35,57.34
16529,242,82,76,2025-12-19 08:20:00,59,95.22
13291,143,263,140,2025-12-19 08:31:00,55,86.05
14380,459,179,217,2025-12-19 08:34:00,30,49.24
3659,65,132,88,2025-12-19 08:39:00,37,60.53
6912,83,92,202,2025-12-19 08:44:00,46,71.31
14966,369,205,77,2025-12-19 08:47:00,8,15.43
8404,59,14,164,2025-12-19 08:52:00,10,21.11
10493,164,23,256,2025-12-19 08:53:00,58,90.67
9203,226,175,10,2025-12-19 09:15:00,11,19.3
3961,467,58,163,2025-12-19 09:16:00,44,72.82
15375,85,106,32,2025-12-19 09:21:00,31,46.2
5072,227,160,223,2025-12-19 09:24:00,25,41.36
2453,459,47,155,2025-12-19 09:26:00,43,70.46
13841,102,151,106,2025-12-19 09:38:00,22,36.79
14818,233,89,157,2025-12-19 09:41:00,56,89.56
11543,261,197,173,2025-12-19 09:44:00,19,32.2
9646,359,186,8,2025-12-19 09:54:00,24,41.54
947,337,169,215,2025-12-19 10:05:00,47,72.72
15176,449,134,189,2025-12-19 10:13:00,48,75.59
9064,462,240,30,2025-12-19 10:15:00,47,75.09
10369,416,104,176,2025-12-19 10:35:00,50,73.22
10282,18,249,9,2025-12-19 10:38:00,6,12.92
19805,334,77,221,2025-12-19 10:41:00,15,24.04
14088,445,207,236,2025-12-19 10:44:00,34,57.39
283,54,46,33,2025-12-19 10:56:00,33,52.25
781,253,187,14,2025-12-19 11:10:00,21,31.51
19366,291,234,245,2025-12-19 11:20:00,30,47.11
14232,156,231,262,2025-12-19 11:22:00,20,30.14
17465,127,183,151,2025-12-19 11:25:00,35,56.55
2819,318,72,13,2025-12-19 11:28:00,57,91.33
4487,122,18,46,2025-12-19 11:32:00,7,12.96
1975,469,40,183,2025-12-19 11:44:00,57,86.56
6629,332,239,57,2025-12-19 11:53:00,34,54.25
2816,252,204,39,2025-12-19 12:05:00,29,48.79
15579,69,196,152,2025-12-19 12:11:00,23,36.23
14671,85,126,117,2025-12-19 12:22:00,39,60.0
3075,287,69,241,2025-12-19 12:24:00,7,13.59
7989,444,8,37,2025-12-19 12:31:00,14,20.15
10751,121,255,64,2025-12-19 12:34:00,24,38.05
12062,22,193,116,2025-12-19 12:42:00,22,36.77
9741,425,136,172,2025-12-19 12:51:00,49,78.07
2383,497,133,30,2025-12-19 13:19:00,59,91.69
18283,102,204,227,2025-12-19 13:23:00,32,49.01
6502,56,145,67,2025-12-19 13:25:00,16,26.48
4392,182,9,16,2025-12-19 13:37:00,36,63.89
14452,193,221,132,2025-12-19 13:37:00,50,77.75
17488,465,144,96,2025-12-19 13:40:00,33,53.7
15284,419,45,156,2025-12-19 13:48:00,43,68.74
10093,494,254,200,2025-12-19 13:57:00,44,68.04
8370,91,18,89,2025-12-19 14:22:00,27,44.0
6755,467,258,135,2025-12-19 14:31:00,35,56.17
1632,98,13,126,2025-12-19 14:38:00,19,29.74
19387,83,108,98,2025-12-19 14:39:00,17,27.34
14720,468,27,47,2025-12-19 14:40:00,15,24.34
1312,424,193,227,2025-12-19 14:46:00,35,55.67
19883,77,240,77,2025-12-19 15:18:00,59,91.73
19168,120,105,192,2025-12-19 15:44:00,13,21.59
13053,42,41,78,2025-12-19 16:16:00,53,81.14
11839,144,152,12,2025-12-19 16:30:00,31,49.95
13218,217,89,134,2025-12-19 16:34:00,58,92.97
12061,276,37,263,2025-12-19 16:36:00,34,57.9
13515,64,251,244,2025-12-19 16:39:00,11,20.82
429,204,260,51,2025-12-19 17:14:00,5,8.93
6022,18,208,204,2025-12-19 17:17:00,60,95.85
3226,367,186,52,2025-12-19 17:27:00,53,84.01
17733,201,113,58,2025-12-19 17:31:00,28,44.02
14153,480,101,62,2025-12-19 17:32:00,28,44.95
19051,11,231,75,2025-12-19 17:33:00,39,63.35
14127,390,235,46,2025-12-19 17:34:00,60,93.93
17224,382,7,113,2025-12-19 17:35:00,48,71.76
7679,269,49,123,2025-12-19 17:45:00,23,39.72
4903,258,24,140,2025-12-19 17:47:00,38,56.67
10778,227,68,131,2025-12-19 17:47:00,19,30.46
13395,184,39,51,2025-12-19 17:49:00,60,92.7
5067,68,94,206,2025-12-19 18:03:00,32,52.16
11036,311,227,147,2025-12-19 18:10:00,41,68.27
11062,277,221,21,2025-12-19 18:13:00,24,35.28
4380,370,71,153,2025-12-19 18:20:00,23,36.77
9446,181,173,233,2025-12-19 18:28:00,47,72.44
16835,133,249,185,2025-12-19 18:34:00,10,20.4
3456,78,158,9,2025-12-19 18:39:00,22,33.17
3953,173,41,57,2025-12-19 18:39:00,40,61.49
12716,355,176,160,2025-12-19 18:40:00,34,56.78
1258,98,146,127,2025-12-19 18:42:00,6,8.06
2957,94,50,51,2025-12-19 18:44:00,13,22.55
13127,127,132,73,2025-12-19 18:47:00,6,12.96
17137,315,145,115,2025-12-19 18:57:00,58,90.56
9534,183,108,94,2025-12-19 19:01:00,20,33.49
13319,384,130,101,2025-12-19 19:09:00,59,91.47
15267,364,247,48,2025-12-19 19:11:00,32,50.9
10903,429,120,99,2025-12-19 19:38:00,42,67.32
2114,241,16,79,2025-12-19 19:41:00,15,24.42
6528,235,168,125,2025-12-19 19:42:00,7,12.98
14463,392,258,202,2025-12-19 19:54:00,54,82.65
2658,401,159,178,2025-12-19 19:56:00,47,73.91
12149,240,210,3,2025-12-19 19:57:00,24,39.25
10692,262,85,206,2025-12-19 20:04:00,43,67.74
675,33,76,7,2025-12-19 20:08:00,15,24.83
9133,450,91,207,2025-12-19 20:20:00,28,46.92
18981,155,36,93,2025-12-19 20:33:00,48,76.56
19656,239,174,59,2025-12-19 20:40:00,59,93.42
13375,363,158,31,2025-12-19 20:50:00,51,76.39
15179,456,48,94,2025-12-19 20:58:00,20,31.4
5343,184,75,254,2025-12-19 21:01:00,51,74.47
12806,474,41,117,2025-12-19 21:05:00,57,88.03
19032,234,206,92,2025-12-19 21:05:00,28,44.84
15142,78,96,10,2025-12-19 21:06:00,5,14.12
1822,487,209,255,2025-12-19 21:10:00,35,48.95
4596,246,67,254,2025-12-19 21:19:00,47,74.46
13125,211,96,218,2025-12-19 21:44:00,30,51.62
11678,338,134,75,2025-12-19 21:52:00,60,94.6
13432,490,200,49,2025-12-19 21:58:00,11,20.51
9099,222,68,85,2025-12-19 22:01:00,39,59.09
12108,327,170,1,2025-12-19 22:05:00,44,68.36
11133,413,44,42,2025-12-19 22:10:00,30,44.05
6065,223,88,168,2025-12-19 22:24:00,24,39.04
5518,46,4,187,2025-12-19 22:27:00,12,21.95
2022,3,77,8,2025-12-19 22:28:00,44,68.15
757,333,44,15,2025-12-19 22:30:00,5,11.62
9761,64,219,138,2025-12-19 22:48:00,22,35.58
14521,308,158,208,2025-12-19 22:48:00,60,95.01
13966,190,11,85,2025-12-19 22:56:00,60,94.95
17979,89,90,71,2025-12-19 22:59:00,22,34.23
16424,63,38,73,2025-12-19 23:10:00,28,46.67
12227,309,183,52,2025-12-19 23:25:00,44,66.23
12177,90,14,217,2025-12-19 23:30:00,48,74.98
8216,82,186,182,2025-12-19 23:34:00,8,13.79
16349,152,177,211,2025-12-19 23:39:00,60,93.66
5691,409,225,250,2025-12-19 23:48:00,51,79.42
572,131,256,242,2025-12-19 23:49:00,50,75.39
3801,198,62,187,2025-12-20 00:03:00,26,40.99
3276,348,264,74,2025-12-20 00:06:00,22,37.82
18396,230,257,236,2025-12-20 00:10:00,55,86.02
7258,217,47,224,2025-12-20 00:15:00,25,40.28
19367,345,3,27,2025-12-20 00:18:00,29,43.72
12936,451,61,54,2025-12-20 00:29:00,28,47.98
10606,392,259,159,2025-12-20 00:37:00,45,71.75
2001,81,140,39,2025-12-20 00:46:00,9,14.37
19315,407,42,132,2025-12-20 00:47:00,50,80.42
2379,225,260,72,2025-12-20 00:53:00,45,73.32
8858,221,258,74,2025-12-20 01:05:00,32,50.53
2185,302,261,103,2025-12-20 01:16:00,16,33.68
18720,145,33,104,2025-12-20 01:16:00,30,50.6
19023,205,240,51,2025-12-20 01:21:00,35,55.26
6582,153,171,76,2025-12-20 01:26:00,13,20.42
7449,216,104,257,2025-12-20 01:33:00,24,38.53
16556,126,48,44,2025-12-20 01:38:00,40,60.77
13024,264,9,32,2025-12-20 01:48:00,28,43.53
3522,205,52,264,2025-12-20 01:49:00,17,27.6
11668,32,149,234,2025-12-20 01:55:00,31,46.71
5894,313,166,211,2025-12-20 01:56:00,14,27.66
10027,322,13,32,2025-12-20 02:07:00,40,64.48
2213,84,64,155,2025-12-20 02:12:00,29,45.48
3045,346,168,204,2025-12-20 02:15:00,40,59.98
17961,102,184,203,2025-12-20 02:15:00,22,38.15
15352,461,65,250,2025-12-20 02:29:00,60,92.32
17230,98,191,264,2025-12-20 02:34:00,31,49.91
6240,464,133,245,2025-12-20 02:36:00,51,79.84
17709,387,224,188,2025-12-20 02:44:00,18,31.05
8381,378,11,85,2025-12-20 02:49:00,53,83.21
4071,181,115,183,2025-12-20 02:50:00,23,37.59
6141,4,144,91,2025-12-20 02:51:00,28,41.02
8892,304,156,186,2025-12-20 03:00:00,33,52.47
12150,221,215,24,2025-12-20 03:02:00,34,55.17
12551,414,192,51,2025-12-20 03:04:00,57,88.21
18064,50,28,123,2025-12-20 03:20:00,48,77.12
11389,256,15,51,2025-12-20 03:25:00,50,78.44
5976,26,13,59,2025-12-20 03:26:00,42,68.29
3041,436,48,111,2025-12-20 03:33:00,32,51.72
14845,310,10,89,2025-12-20 03:38:00,24,36.99
15702,212,207,206,2025-12-20 03:38:00,30,45.42
4365,364,186,185,2025-12-20 03:52:00,44,69.37
13830,432,245,197,2025-12-20 03:52:00,54,80.78
17647,447,116,236,2025-12-20 03:54:00,13,24.03
12461,173,131,157,2025-12-20 04:03:00,13,25.21
10610,316,136,150,2025-12-20 04:06:00,27,41.76
4363,228,25,136,2025-12-20 04:07:00,30,48.86
4478,100,235,223,2025-12-20 04:13:00,10,16.28
11179,238,3,10,2025-12-20 04:20:00,23,38.93
14093,292,14,18,2025-12-20 04:31:00,10,18.44
17162,39,55,116,2025-12-20 04:35:00,35,57.72
13837,289,55,205,2025-12-20 05:08:00,46,73.06
18740,371,147,72,2025-12-20 05:14:00,45,73.56
14384,270,95,176,2025-12-20 05:25:00,40,63.37
11318,120,103,121,2025-12-20 05:36:00,21,30.6
3191,431,29,226,2025-12-20 05:41:00,52,77.73
718,341,152,186,2025-12-20 05:47:00,14,26.99
3619,211,24,117,2025-12-20 05:47:00,35,56.48
9286,398,186,52,2025-12-20 06:24:00,52,0.0
4458,227,92,160,2025-12-20 06:29:00,54,81.87
6193,250,236,240,2025-12-20 06:39:00,13,26.02
15190,77,239,188,2025-12-20 06:46:00,16,26.0
10609,116,251,29,2025-12-20 07:11:00,27,40.66
2685,402,186,90,2025-12-20 07:20:00,60,92.21
7998,325,32,93,2025-12-20 07:25:00,58,88.53
6168,69,75,215,2025-12-20 07:34:00,54,84.74
10436,67,133,39,2025-12-20 07:36:00,24,39.68
7369,376,175,81,2025-12-20 07:45:00,42,69.38
10118,9,255,215,2025-12-20 07:52:00,8,14.56
4815,19,241,8,2025-12-20 07:54:00,37,57.44
19812,259,60,25,2025-12-20 08:08:00,49,72.23
8889,121,198,231,2025-12-20 08:09:00,23,39.01
1525,466,154,39,2025-12-20 08:41:00,41,64.08
12110,315,86,194,2025-12-20 08:45:00,11,21.64
11067,264,10,162,2025-12-20 08:47:00,34,56.5
11503,422,57,112,2025-12-20 08:47:00,56,0.0
7934,205,160,124,2025-12-20 08:50:00,26,42.13
14688,135,163,110,2025-12-20 08:54:00,47,72.58
12053,28,182,152,2025-12-20 08:55:00,39,60.31
147,233,61,236,2025-12-20 08:57:00,15,27.06
19077,35,121,166,2025-12-20 08:58:00,30,50.26
2562,420,84,44,2025-12-20 09:00:00,40,63.38
1468,406,220,219,2025-12-20 09:13:00,19,30.28
6226,345,190,147,2025-12-20 09:14:00,24,39.43
7457,193,194,165,2025-12-20 09:16:00,8,15.58
1678,217,69,102,2025-12-20 09:27:00,39,62.06
6171,291,198,83,2025-12-20 09:36:00,9,16.83
4419,465,97,72,2025-12-20 09:36:00,22,35.5
2956,447,106,210,2025-12-20 09:40:00,14,23.41
16755,41,53,193,2025-12-20 09:40:00,58,87.13
15644,37,152,99,2025-12-20 09:43:00,10,20.24
17616,168,256,180,2025-12-20 10:00:00,20,35.84
18294,27,257,116,2025-12-20 10:09:00,35,56.95
12718,302,136,18,2025-12-20 10:26:00,33,55.2
15899,95,5,222,2025-12-20 10:29:00,56,86.19
10227,241,237,210,2025-12-20 10:53:00,21,32.24
17633,241,265,228,2025-12-20 11:00:00,37,59.95
6786,488,252,82,2025-12-20 11:08:00,29,46.44
15167,176,217,167,2025-12-20 11:16:00,49,78.38
15761,91,164,52,2025-12-20 11:17:00,37,59.61
10114,140,75,133,2025-12-20 11:23:00,41,65.96
16801,158,167,45,2025-12-20 11:24:00,33,56.57
12542,332,183,146,2025-12-20 11:27:00,51,77.86
3361,118,94,14,2025-12-20 11:30:00,37,58.27
13420,471,221,69,2025-12-20 11:35:00,55,86.18
15358,499,129,6,2025-12-20 11:38:00,41,62.43
11931,251,44,81,2025-12-20 12:10:00,7,9.99
3647,119,247,13,2025-12-20 12:15:00,36,57.82
16819,214,232,183,2025-12-20 12:15:00,24,38.98
1370,411,191,221,2025-12-20 12:17:00,56,83.63
1871,223,191,18,2025-12-20 12:24:00,39,60.42
759,348,158,225,2025-12-20 12:28:00,21,36.04
14614,187,44,142,2025-12-20 12:31:00,16,28.54
2264,331,48,76,2025-12-20 12:32:00,7,13.24
14568,340,70,245,2025-12-20 12:34:00,14,27.37
6649,410,94,35,2025-12-20 12:40:00,37,57.17
15681,129,69,199,2025-12-20 12:43:00,27,42.92
3683,411,164,52,2025-12-20 12:47:00,40,61.95
16164,16,185,140,2025-12-20 12:53:00,35,53.93
7946,437,1,228,2025-12-20 12:54:00,35,55.96
2725,395,184,21,2025-12-20 12:56:00,17,29.48
19368,163,63,21,2025-12-20 12:58:00,5,11.52
12243,409,174,86,2025-12-20 13:01:00,33,52.97
18849,81,31,152,2025-12-20 13:07:00,42,65.59
13287,295,93,210,2025-12-20 13:11:00,52,84.82
2241,180,138,50,2025-12-20 13:34:00,39,58.53
6213,359,49,217,2025-12-20 13:36:00,52,83.61
13751,24,60,141,2025-12-20 13:38:00,5,9.1
7138,261,38,226,2025-12-20 13:40:00,49,76.88
13624,261,259,241,2025-12-20 13:46:00,52,82.85
10991,228,36,140,2025-12-20 13:46:00,53,82.64
4233,7,2,168,2025-12-20 14:12:00,40,60.93
17765,33,44,257,2025-12-20 14:13:00,31,48.65
11802,492,17,142,2025-12-20 14:14:00,55,85.96
10535,380,12,19,2025-12-20 14:30:00,9,17.72
17030,240,78,4,2025-12-20 14:30:00,25,41.96
7430,184,45,265,2025-12-20 14:35:00,48,76.41
6082,487,245,115,2025-12-20 14:36:00,28,45.19
2705,80,227,95,2025-12-20 14:49:00,14,23.46
13698,183,2,199,2025-12-20 14:51:00,23,37.41
10650,365,243,21,2025-12-20 14:58:00,26,44.08
12524,425,124,210,2025-12-20 14:58:00,43,67.08
10663,330,223,165,2025-12-20 15:05:00,60,94.84
9707,391,71,229,2025-12-20 15:08:00,40,61.38
7156,177,39,189,2025-12-20 15:08:00,36,52.21
15072,279,137,33,2025-12-20 15:20:00,19,31.56
10370,57,254,169,2025-12-20 15:29:00,50,72.98
19328,158,4,194,2025-12-20 15:30:00,9,19.03
17805,163,122,259,2025-12-20 15:35:00,33,53.73
11438,340,212,208,2025-12-20 15:58:00,5,15.79
5074,395,181,103,2025-12-20 16:00:00,17,29.34
15074,15,191,123,2025-12-20 16:01:00,23,37.87
8761,95,17,147,2025-12-20 16:03:00,48,74.39
8213,147,79,60,2025-12-20 16:04:00,44,71.77
12700,342,4,253,2025-12-20 16:26:00,44,71.89
7195,25,24,159,2025-12-20 16:28:00,39,60.65
14983,361,144,58,2025-12-20 16:33:00,38,60.53
9851,364,192,94,2025-12-20 16:41:00,59,94.79
663,369,200,238,2025-12-20 16:46:00,21,33.68
17083,454,23,17,2025-12-20 16:55:00,26,41.2
10018,397,214,93,2025-12-20 17:15:00,11,19.67
716,350,155,71,2025-12-20 17:21:00,28,45.06
15095,156,82,190,2025-12-20 17:21:00,48,75.95
624,448,148,121,2025-12-20 17:25:00,22,38.17
1483,366,60,51,2025-12-20 17:31:00,49,76.28
18135,439,99,204,2025-12-20 17:32:00,60,93.43
15842,331,96,70,2025-12-20 17:36:00,41,65.48
17749,316,99,115,2025-12-20 17:45:00,40,62.95
8274,355,248,71,2025-12-20 17:52:00,17,29.39
16022,15,90,40,2025-12-20 18:01:00,21,34.12
12382,414,79,65,2025-12-20 18:04:00,28,48.57
18866,181,190,13,2025-12-20 18:05:00,22,37.42
19029,56,255,116,2025-12-20 18:06:00,29,45.54
8137,351,112,149,2025-12-20 18:18:00,7,17.42
6288,312,56,17,2025-12-20 18:18:00,50,79.05
19744,50,250,77,2025-12-20 18:19:00,45,70.82
3570,51,109,18,2025-12-20 18:19:00,20,33.15
9165,430,30,167,2025-12-20 18:22:00,45,70.93
19191,165,141,108,2025-12-20 18:35:00,55,87.41
1381,266,197,129,2025-12-20 18:44:00,34,52.82
1532,23,192,179,2025-12-20 18:47:00,60,93.51
6665,459,173,34,2025-12-20 18:49:00,17,29.86
1899,431,190,109,2025-12-20 19:40:00,51,80.3
12579,441,139,123,2025-12-20 19:48:00,26,40.52
15192,326,84,166,2025-12-20 19:50:00,16,25.37
13974,369,186,112,2025-12-20 19:51:00,37,58.92
13272,437,59,248,2025-12-20 20:02:00,21,30.97
15994,101,259,122,2025-12-20 20:05:00,31,48.07
6960,330,57,7,2025-12-20 20:10:00,32,52.17
16807,32,20,31,2025-12-20 20:13:00,12,25.25
10299,185,64,26,2025-12-20 20:14:00,16,23.68
3603,105,115,133,2025-12-20 20:16:00,59,90.73
14758,218,138,57,2025-12-20 20:36:00,47,76.58
1536,324,184,228,2025-12-20 20:45:00,15,26.57
19107,83,127,109,2025-12-20 21:00:00,31,52.68
9636,136,124,15,2025-12-20 21:00:00,27,43.05
579,169,35,95,2025-12-20 21:02:00,44,69.88
8352,492,114,59,2025-12-20 21:02:00,41,65.15
9387,66,133,247,2025-12-20 21:08:00,8,17.73
15441,407,228,69,2025-12-20 21:14:00,16,26.69
9239,169,225,169,2025-12-20 21:15:00,13,24.53
2935,76,95,69,2025-12-20 21:32:00,45,70.35
9225,372,78,213,2025-12-20 21:39:00,30,50.31
2485,93,250,120,2025-12-20 21:49:00,19,29.94
12541,467,154,214,2025-12-20 21:56:00,17,29.99
5442,355,31,18,2025-12-20 22:20:00,57,88.46
16317,219,75,157,2025-12-20 22:20:00,10,15.02
2034,268,125,45,2025-12-20 22:21:00,37,63.62
10173,94,51,204,2025-12-20 22:26:00,58,87.44
9415,8,61,203,2025-12-20 22:33:00,40,65.8
14997,306,46,23,2025-12-20 22:36:00,35,55.29
5652,474,223,71,2025-12-20 22:39:00,46,70.76
1758,39,208,21,2025-12-20 22:40:00,47,74.41
9317,315,243,117,2025-12-20 22:41:00,10,20.15
14173,200,223,111,2025-12-20 22:45:00,38,59.89
12327,277,238,256,2025-12-20 22:48:00,29,46.59
19363,493,9,80,2025-12-20 22:49:00,58,88.23
11979,215,134,18,2025-12-20 22:49:00,58,94.02
4104,417,95,260,2025-12-20 22:52:00,55,84.26
729,404,147,81,2025-12-20 22:53:00,47,72.98
5741,423,44,70,2025-12-20 22:57:00,58,87.72
17166,286,168,62,2025-12-20 23:21:00,59,90.99
15264,80,142,229,2025-12-20 23:40:00,34,55.54
10318,332,220,4,2025-12-20 23:41:00,33,51.09
11805,405,130,33,2025-12-20 23:45:00,31,52.02
10999,104,247,179,2025-12-20 23:45:00,17,26.69
6276,416,5,189,2025-12-20 23:50:00,35,57.56
9814,475,239,224,2025-12-21 00:01:00,39,61.77
11915,38,102,194,2025-12-21 00:01:00,8,19.49
18348,103,146,43,2025-12-21 00:06:00,41,63.74
11541,269,214,85,2025-12-21 00:09:00,12,22.49
19810,232,195,232,2025-12-21 00:10:00,52,81.25
19438,329,197,61,2025-12-21 00:13:00,30,46.7
8145,272,30,84,2025-12-21 00:21:00,15,26.16
4384,461,133,160,2025-12-21 00:29:00,14,21.29
11266,439,127,170,2025-12-21 00:34:00,19,28.82
6274,363,97,263,2025-12-21 00:46:00,46,71.51
8070,47,231,200,2025-12-21 00:50:00,17,27.72
18537,51,204,236,2025-12-21 00:55:00,34,51.94
13862,49,128,197,2025-12-21 01:05:00,15,26.68
4448,203,203,33,2025-12-21 01:12:00,36,53.67
577,263,64,63,2025-12-21 01:15:00,16,28.01
8495,397,182,34,2025-12-21 01:21:00,23,35.5
1278,299,34,36,2025-12-21 01:30:00,18,31.18
6198,6,212,133,2025-12-21 01:35:00,57,86.35
11831,36,13,52,2025-12-21 01:38:00,6,14.88
4721,288,22,139,2025-12-21 01:43:00,13,22.88
5726,228,197,100,2025-12-21 01:53:00,13,22.4
12919,82,185,51,2025-12-21 01:56:00,22,35.23
11699,138,215,188,2025-12-21 01:58:00,27,43.67
9440,295,55,249,2025-12-21 02:04:00,42,66.71
555,434,164,152,2025-12-21 02:28:00,7,14.64
8697,106,247,171,2025-12-21 02:38:00,56,86.8
16208,309,244,160,2025-12-21 02:43:00,44,68.85
9977,279,110,147,2025-12-21 02:52:00,33,52.25
7354,397,28,69,2025-12-21 02:56:00,28,42.82
19211,163,218,152,2025-12-21 02:56:00,48,72.86
1213,9,104,23,2025-12-21 02:57:00,55,85.08
7250,139,163,6,2025-12-21 03:09:00,58,90.65
16855,413,231,264,2025-12-21 03:20:00,45,69.89
19890,157,255,192,2025-12-21 03:31:00,12,21.96
12571,388,63,249,2025-12-21 03:34:00,25,39.41
338,451,200,111,2025-12-21 03:36:00,29,43.2
2944,250,122,49,2025-12-21 03:38:00,48,77.91
15295,160,96,179,2025-12-21 03:56:00,60,92.88
10233,79,149,184,2025-12-21 04:02:00,50,79.55
10429,197,191,3,2025-12-21 04:09:00,8,17.46
3212,132,185,156,2025-12-21 04:37:00,45,71.12
14842,465,139,61,2025-12-21 04:39:00,54,84.82
12308,393,33,99,2025-12-21 04:48:00,30,52.53
1116,249,166,158,2025-12-21 04:48:00,39,59.53
353,66,211,259,2025-12-21 04:51:00,31,47.31
9278,33,248,43,2025-12-21 04:56:00,49,76.9
17686,111,79,49,2025-12-21 04:58:00,51,81.02
6830,155,141,156,2025-12-21 04:58:00,53,79.99
9803,86,118,145,2025-12-21 04:59:00,5,13.6
510,356,76,29,2025-12-21 05:12:00,24,37.69
15939,484,84,26,2025-12-21 05:13:00,43,66.98
6844,327,175,18,2025-12-21 05:17:00,49,76.93
19650,111,221,16,2025-12-21 05:18:00,24,35.35
2659,241,103,261,2025-12-21 05:25:00,11,18.36
3115,459,222,168,2025-12-21 05:35:00,50,75.0
2,418,4,66,2025-12-21 05:54:00,8,16.97
9314,169,139,201,2025-12-21 06:10:00,34,56.48
17033,395,107,73,2025-12-21 06:18:00,31,49.26
13465,198,122,64,2025-12-21 06:23:00,59,90.47
5387,260,114,108,2025-12-21 06:27:00,18,30.36
8202,120,147,120,2025-12-21 06:41:00,59,88.56
11268,111,232,183,2025-12-21 06:47:00,24,36.37
11012,111,29,231,2025-12-21 06:51:00,48,75.04
14748,305,106,91,2025-12-21 06:58:00,37,58.82
5488,83,25,61,2025-12-21 07:03:00,59,92.81
461,367,34,181,2025-12-21 07:16:00,51,80.32
18903,168,168,53,2025-12-21 07:18:00,37,60.2
16324,118,111,206,2025-12-21 07:20:00,8,16.75
4741,10,5,225,2025-12-21 07:24:00,47,72.85
17902,303,98,100,2025-12-21 07:33:00,60,93.0
5968,277,137,96,2025-12-21 07:41:00,30,47.85
4616,390,74,131,2025-12-21 07:43:00,28,45.78
15112,343,171,159,2025-12-21 07:56:00,58,89.72
18300,424,3,175,2025-12-21 07:58:00,38,63.73
3965,181,167,12,2025-12-21 07:58:00,48,74.56
5420,419,150,158,2025-12-21 08:04:00,40,62.7
12781,467,260,62,2025-12-21 08:04:00,18,28.62
14390,475,141,4,2025-12-21 08:06:00,10,20.61
13155,233,32,259,2025-12-21 08:08:00,48,73.17
16772,66,257,98,2025-12-21 08:14:00,26,42.17
15506,182,54,82,2025-12-21 08:16:00,40,63.41
11021,472,122,5,2025-12-21 08:18:00,37,56.96
11671,362,146,131,2025-12-21 08:20:00,19,32.12
18784,164,142,215,2025-12-21 08:25:00,52,79.18
1737,139,203,206,2025-12-21 08:26:00,38,57.89
3884,154,85,193,2025-12-21 08:38:00,57,86.61
4651,292,166,5,2025-12-21 08:40:00,26,40.62
4712,360,212,157,2025-12-21 08:46:00,23,35.22
4986,309,55,218,2025-12-21 08:46:00,55,84.52
8448,5,250,131,2025-12-21 08:54:00,58,90.16
479,394,207,156,2025-12-21 08:58:00,21,36.39
15407,376,155,14,2025-12-21 09:03:00,11,19.96
7282,5,34,236,2025-12-21 09:09:00,38,59.44
11245,53,180,243,2025-12-21 09:09:00,33,51.52
14424,428,92,103,2025-12-21 09:13:00,31,50.16
16672,372,81,232,2025-12-21 09:18:00,60,95.06
18708,83,199,10,2025-12-21 09:18:00,46,71.57
19061,395,186,63,2025-12-21 09:32:00,51,79.55
257,74,73,247,2025-12-21 09:42:00,25,42.16
10973,440,133,151,2025-12-21 09:47:00,11,18.91
19447,161,167,41,2025-12-21 10:07:00,28,46.14
16016,397,64,26,2025-12-21 10:10:00,44,70.01
10042,353,265,2,2025-12-21 10:13:00,9,16.09
13540,163,154,209,2025-12-21 10:14:00,35,56.58
8290,451,221,253,2025-12-21 10:17:00,21,31.69
16550,443,208,193,2025-12-21 10:20:00,5,12.15
14711,183,112,258,2025-12-21 10:23:00,45,67.09
10666,57,24,116,2025-12-21 10:30:00,55,84.42
436,23,44,258,2025-12-21 10:42:00,30,48.7
4666,383,41,242,2025-12-21 10:52:00,37,59.6
5630,56,203,174,2025-12-21 10:52:00,27,43.3
11688,186,188,30,2025-12-21 10:53:00,36,57.28
17084,96,34,77,2025-12-21 10:58:00,15,26.75
1933,71,48,75,2025-12-21 11:00:00,11,16.05
17072,226,56,185,2025-12-21 11:07:00,44,68.36
10672,10,42,240,2025-12-21 11:26:00,18,31.32
14213,52,223,82,2025-12-21 11:34:00,11,19.45
220,383,253,71,2025-12-21 11:45:00,14,23.17
9492,69,34,185,2025-12-21 11:51:00,14,26.79
2854,223,114,94,2025-12-21 11:57:00,42,65.53
14317,248,254,132,2025-12-21 11:58:00,57,88.97
10280,204,171,211,2025-12-21 11:58:00,21,36.58
17419,352,44,98,2025-12-21 12:00:00,51,85.94
11644,260,128,64,2025-12-21 12:10:00,16,26.02
1782,215,218,186,2025-12-21 12:14:00,25,41.19
11786,169,101,57,2025-12-21 12:16:00,22,37.56
958,372,35,41,2025-12-21 12:23:00,45,70.83
15286,414,10,28,2025-12-21 12:31:00,33,53.17
16794,72,169,134,2025-12-21 12:33:00,8,18.2
11381,79,162,106,2025-12-21 12:50:00,21,36.01
8114,212,36,246,2025-12-21 12:52:00,54,85.72
9287,185,190,161,2025-12-21 12:58:00,39,62.71
11697,66,53,242,2025-12-21 13:14:00,56,84.95
6588,398,176,218,2025-12-21 13:22:00,25,39.63
3550,485,121,215,2025-12-21 13:25:00,12,18.43
923,248,184,1,2025-12-21 13:26:00,35,57.11
7221,241,249,201,2025-12-21 13:35:00,12,20.62
4136,182,230,4,2025-12-21 13:36:00,12,22.19
3577,200,205,207,2025-12-21 13:39:00,31,48.88
717,449,130,11,2025-12-21 13:59:00,15,25.07
16821,81,126,212,2025-12-21 14:08:00,30,46.67
11729,326,82,38,2025-12-21 14:16:00,31,48.37
8221,449,42,28,2025-12-21 14:16:00,53,84.38
10001,411,175,251,2025-12-21 14:17:00,13,22.03
5735,96,6,48,2025-12-21 14:23:00,22,35.14
2879,410,3,11,2025-12-21 14:33:00,46,72.94
13919,130,5,34,2025-12-21 14:34:00,19,31.37
8482,390,180,163,2025-12-21 14:38:00,57,90.05
15326,69,210,3,2025-12-21 14:42:00,48,73.69
6101,493,114,200,2025-12-21 14:42:00,24,39.25
5239,243,165,85,2025-12-21 14:54:00,13,22.26
17471,238,38,120,2025-12-21 14:54:00,55,88.6
1448,282,79,242,2025-12-21 14:58:00,8,15.55
14188,299,199,128,2025-12-21 15:03:00,27,45.85
7135,303,115,167,2025-12-21 15:04:00,16,28.22
13577,29,192,60,2025-12-21 15:09:00,42,63.76
18925,274,148,245,2025-12-21 15:21:00,13,26.94
7748,453,76,244,2025-12-21 15:32:00,20,34.93
15437,41,108,112,2025-12-21 15:41:00,45,71.55
17685,81,193,78,2025-12-21 15:45:00,8,12.88
6532,268,93,191,2025-12-21 15:47:00,24,35.81
14816,198,102,44,2025-12-21 15:48:00,54,82.8
1143,103,206,210,2025-12-21 15:48:00,40,62.47
13677,216,240,96,2025-12-21 15:51:00,60,91.77
14713,319,103,154,2025-12-21 15:53:00,33,51.25
3024,261,244,229,2025-12-21 15:55:00,47,72.01
1699,329,202,115,2025-12-21 16:05:00,37,58.28
11461,374,250,88,2025-12-21 16:06:00,46,69.41
14445,285,97,85,2025-12-21 16:08:00,20,31.41
17434,124,8,182,2025-12-21 16:09:00,34,54.68
18627,233,241,148,2025-12-21 16:15:00,49,78.45
14174,237,250,133,2025-12-21 16:35:00,54,81.13
2915,230,46,96,2025-12-21 16:46:00,29,45.06
8682,261,87,46,2025-12-21 16:50:00,52,82.66
3772,361,49,82,2025-12-21 16:51:00,21,32.91
10336,374,83,142,2025-12-21 16:53:00,20,36.2
17896,408,73,37,2025-12-21 17:05:00,27,42.7
14913,246,221,98,2025-12-21 17:06:00,28,48.08
3755,142,69,203,2025-12-21 17:11:00,52,84.98
1364,310,40,209,2025-12-21 17:21:00,14,24.07
6284,210,57,200,2025-12-21 17:27:00,15,25.88
18605,241,161,134,2025-12-21 17:52:00,5,9.21
3220,346,204,161,2025-12-21 18:00:00,51,84.86
12809,77,165,8,2025-12-21 18:02:00,50,77.53
279,465,104,32,2025-12-21 18:04:00,44,69.39
8717,300,141,201,2025-12-21 18:07:00,60,92.4
5590,320,130,79,2025-12-21 18:07:00,20,30.89
2374,270,21,113,2025-12-21 18:09:00,19,29.41
19862,467,2,17,2025-12-21 18:20:00,39,62.72
19172,318,202,189,2025-12-21 18:22:00,53,82.67
11145,95,170,25,2025-12-21 18:29:00,60,92.17
11047,49,108,170,2025-12-21 18:43:00,55,83.68
9932,88,169,86,2025-12-21 18:44:00,7,15.32
18270,383,159,88,2025-12-21 18:54:00,48,75.33
1970,120,245,19,2025-12-21 18:55:00,55,88.46
18530,150,148,201,2025-12-21 19:13:00,57,87.66
12906,372,142,173,2025-12-21 19:16:00,37,58.38
4526,279,85,90,2025-12-21 19:29:00,8,13.68
19330,450,234,24,2025-12-21 19:33:00,52,79.29
17528,409,32,100,2025-12-21 19:36:00,11,22.01
10653,54,7,118,2025-12-21 19:40:00,23,36.01
475,411,208,43,2025-12-21 19:41:00,39,64.15
15306,430,208,86,2025-12-21 19:55:00,49,75.57
12642,113,5,124,2025-12-21 19:57:00,47,72.04
14675,368,149,14,2025-12-21 20:01:00,43,69.37
3462,427,161,14,2025-12-21 20:02:00,19,31.88
17189,148,115,62,2025-12-21 20:03:00,30,46.03
17304,454,26,104,2025-12-21 20:21:00,15,27.38
5596,348,185,263,2025-12-21 20:29:00,49,77.35
9256,453,117,214,2025-12-21 20:34:00,13,22.36
6888,92,229,151,2025-12-21 20:35:00,13,21.89
17451,484,130,140,2025-12-21 20:40:00,24,39.27
5427,143,207,204,2025-12-21 20:50:00,18,32.62
15664,176,84,150,2025-12-21 21:01:00,15,23.26
12901,480,92,146,2025-12-21 21:10:00,27,46.17
5843,32,227,64,2025-12-21 21:12:00,34,54.56
7279,224,6,112,2025-12-21 21:22:00,18,28.23
11959,393,196,196,2025-12-21 21:26:00,41,61.97
2756,64,43,16,2025-12-21 21:30:00,51,79.55
13412,29,263,251,2025-12-21 21:33:00,21,34.28
4647,115,171,95,2025-12-21 21:35:00,60,93.95
8549,482,86,18,2025-12-21 21:40:00,54,86.99
11715,486,187,255,2025-12-21 21:41:00,44,71.13
16080,384,182,250,2025-12-21 21:41:00,32,52.67
3717,14,204,258,2025-12-21 21:48:00,10,15.41
7869,283,198,232,2025-12-21 22:02:00,55,83.74
14428,164,64,231,2025-12-21 22:09:00,49,72.46
11706,61,117,151,2025-12-21 22:18:00,51,82.41
4349,172,157,200,2025-12-21 22:21:00,46,70.87
5999,249,237,227,2025-12-21 22:26:00,9,15.44
10288,83,250,259,2025-12-21 22:36:00,31,48.05
14409,153,53,167,2025-12-21 22:39:00,17,27.77
13408,133,113,108,2025-12-21 22:47:00,10,18.81
4148,160,264,89,2025-12-21 22:53:00,17,30.0
12708,264,229,172,2025-12-21 23:00:00,13,26.45
6303,118,125,72,2025-12-21 23:03:00,46,71.79
4263,82,6,43,2025-12-21 23:03:00,50,76.92
5191,345,145,27,2025-12-21 23:09:00,42,65.71
18577,313,188,214,2025-12-21 23:23:00,15,25.81
4477,253,95,177,2025-12-21 23:28:00,9,16.68
1813,498,245,144,2025-12-21 23:32:00,24,34.14
5908,68,222,83,2025-12-21 23:32:00,21,34.32
1271,475,33,44,2025-12-21 23:36:00,43,68.62
2645,26,81,257,2025-12-21 23:45:00,12,19.56
12329,145,254,122,2025-12-21 23:46:00,14,21.47
8786,281,14,239,2025-12-21 23:52:00,12,22.72
402,392,126,261,2025-12-21 23:53:00,13,22.64
18834,259,231,143,2025-12-21 23:53:00,18,31.04
2831,129,140,169,2025-12-22 00:02:00,55,89.22
11935,194,120,95,2025-12-22 00:03:00,23,39.95
13609,178,53,207,2025-12-22 00:07:00,27,40.86
10426,111,105,168,2025-12-22 00:30:00,55,84.64
13965,256,131,152,2025-12-22 00:37:00,23,38.88
12168,43,258,259,2025-12-22 00:44:00,17,29.31
8466,12,85,120,2025-12-22 00:47:00,58,88.25
8841,246,187,63,2025-12-22 00:54:00,14,25.03
14469,229,19,15,2025-12-22 01:00:00,18,32.07
18037,442,122,157,2025-12-22 01:04:00,17,31.47
13517,487,230,97,2025-12-22 01:27:00,22,34.77
2417,88,264,233,2025-12-22 01:30:00,8,16.52
3724,83,131,217,2025-12-22 01:46:00,56,86.73
4782,89,12,112,2025-12-22 01:50:00,43,67.61
5715,84,195,151,2025-12-22 01:54:00,44,63.33
4030,452,149,198,2025-12-22 02:10:00,45,72.25
5764,450,232,206,2025-12-22 02:10:00,28,45.25
14991,442,258,122,2025-12-22 02:15:00,11,16.22
2471,321,47,62,2025-12-22 02:19:00,14,24.98
6607,81,100,7,2025-12-22 02:22:00,44,68.26
5043,89,91,221,2025-12-22 02:29:00,16,27.39
11910,116,39,17,2025-12-22 02:41:00,36,59.26
12621,162,44,176,2025-12-22 02:42:00,5,9.44
2628,113,206,64,2025-12-22 02:46:00,17,29.4
6981,486,179,84,2025-12-22 02:48:00,20,30.46
1253,80,257,179,2025-12-22 03:21:00,56,89.9
10502,172,253,111,2025-12-22 03:22:00,47,73.46
5895,419,120,92,2025-12-22 03:39:00,46,73.19
10460,126,105,78,2025-12-22 03:39:00,26,47.45
7688,195,209,34,2025-12-22 04:06:00,22,37.42
8976,137,222,44,2025-12-22 04:06:00,28,47.9
649,119,182,113,2025-12-22 04:07:00,57,90.09
9699,88,197,65,2025-12-22 04:13:00,46,69.72
12987,424,216,234,2025-12-22 04:14:00,42,65.23
812,286,242,82,2025-12-22 04:24:00,44,68.69
6620,258,217,79,2025-12-22 04:24:00,11,20.15
13255,239,236,135,2025-12-22 05:01:00,58,91.29
16191,469,192,106,2025-12-22 05:07:00,15,29.39
4650,368,153,84,2025-12-22 05:13:00,45,69.52
16877,85,252,209,2025-12-22 05:21:00,31,49.47
9379,466,121,215,2025-12-22 05:37:00,21,32.69
5621,384,84,233,2025-12-22 05:57:00,6,9.18
5267,245,41,118,2025-12-22 06:02:00,22,29.9
9969,180,27,162,2025-12-22 06:05:00,19,30.73
9775,271,77,208,2025-12-22 06:05:00,25,40.92
16192,329,67,222,2025-12-22 06:12:00,23,36.47
6564,67,14,87,2025-12-22 06:33:00,54,83.48
10477,416,46,16,2025-12-22 06:34:00,40,65.73
1530,88,60,136,2025-12-22 06:40:00,60,91.42
10186,387,10,101,2025-12-22 06:43:00,38,58.24
16676,209,20,129,2025-12-22 06:48:00,11,20.02
3918,391,239,10,2025-12-22 06:49:00,28,44.72
15428,239,110,90,2025-12-22 06:49:00,19,33.3
739,469,111,28,2025-12-22 06:49:00,24,35.67
2066,367,221,234,2025-12-22 06:50:00,56,90.1
5746,76,219,82,2025-12-22 06:54:00,31,50.91
10378,293,28,261,2025-12-22 07:14:00,56,84.88
15505,366,199,58,2025-12-22 07:16:00,51,77.18
4014,371,203,115,2025-12-22 07:43:00,12,21.47
16454,245,179,261,2025-12-22 07:44:00,43,69.95
17408,310,104,232,2025-12-22 07:57:00,37,61.1
17532,54,132,242,2025-12-22 08:07:00,9,14.61
12865,211,265,76,2025-12-22 08:15:00,49,70.48
12272,32,220,91,2025-12-22 08:17:00,6,9.71
14053,327,149,124,2025-12-22 08:35:00,45,67.7
5678,212,1,14,2025-12-22 08:39:00,53,81.03
1621,28,25,68,2025-12-22 08:41:00,55,84.21
16938,370,143,182,2025-12-22 08:47:00,8,17.08
9752,17,236,2,2025-12-22 08:52:00,48,74.69
13152,273,234,198,2025-12-22 08:52:00,31,47.99
14373,396,213,53,2025-12-22 08:53:00,28,43.48
4279,348,58,104,2025-12-22 09:02:00,12,23.0
553,31,111,56,2025-12-22 09:13:00,18,31.86
8570,214,176,19,2025-12-22 09:42:00,36,55.89
3877,80,54,142,2025-12-22 09:57:00,30,51.99
17928,231,106,39,2025-12-22 10:04:00,39,59.21
5478,425,183,102,2025-12-22 10:14:00,29,44.66
3518,496,251,96,2025-12-22 10:14:00,33,52.07
10559,418,40,151,2025-12-22 10:17:00,51,78.63
7070,288,151,43,2025-12-22 10:18:00,56,87.81
8853,124,179,239,2025-12-22 10:33:00,35,51.98
6191,248,100,42,2025-12-22 10:45:00,5,11.64
11778,345,164,215,2025-12-22 10:47:00,30,50.66
8843,348,97,242,2025-12-22 10:49:00,41,67.01
4920,343,179,41,2025-12-22 10:51:00,12,21.41
3475,337,143,71,2025-12-22 11:11:00,49,76.64
7816,459,205,13,2025-12-22 11:16:00,35,50.45
20000,337,43,21,2025-12-22 11:19:00,13,22.7
2052,394,177,92,2025-12-22 11:27:00,54,87.2
18825,396,201,200,2025-12-22 11:30:00,21,33.77
4456,270,100,174,2025-12-22 11:31:00,18,29.05
9524,34,175,244,2025-12-22 11:38:00,32,53.07
3222,368,34,139,2025-12-22 11:43:00,55,87.3
14621,121,6,201,2025-12-22 11:48:00,49,76.21
16368,228,192,96,2025-12-22 11:55:00,30,47.05
3238,357,26,128,2025-12-22 12:03:00,27,44.24
1402,250,131,213,2025-12-22 12:15:00,58,90.33
277,207,248,101,2025-12-22 12:15:00,48,72.32
13472,309,12,260,2025-12-22 12:21:00,32,48.85
11052,236,48,111,2025-12-22 12:32:00,15,27.16
15516,354,49,35,2025-12-22 12:32:00,52,77.36
5723,476,162,246,2025-12-22 12:43:00,28,43.56
1892,485,239,69,2025-12-22 13:03:00,58,92.01
2495,144,142,145,2025-12-22 13:10:00,48,76.17
8650,300,25,117,2025-12-22 13:23:00,7,13.71
4806,439,182,50,2025-12-22 13:27:00,58,86.19
15215,69,121,38,2025-12-22 13:30:00,23,40.38
15775,78,78,70,2025-12-22 13:34:00,42,64.9
1127,125,44,124,2025-12-22 13:40:00,37,58.03
424,272,169,151,2025-12-22 13:41:00,36,55.96
2768,227,96,213,2025-12-22 13:45:00,22,38.5
10450,79,29,24,2025-12-22 13:50:00,35,55.78
18245,84,173,33,2025-12-22 13:55:00,58,87.51
710,398,124,122,2025-12-22 14:00:00,35,51.93
14923,250,70,172,2025-12-22 14:10:00,24,0.0
1827,382,160,245,2025-12-22 14:20:00,18,33.24
9554,278,107,56,2025-12-22 14:20:00,15,24.4
4309,267,188,86,2025-12-22 14:21:00,55,84.52
2336,466,140,40,2025-12-22 14:37:00,10,19.02
2774,29,26,220,2025-12-22 14:38:00,46,74.36
11725,251,214,74,2025-12-22 14:38:00,52,84.5
19041,415,173,157,2025-12-22 14:39:00,13,23.25
17771,79,5,127,2025-12-22 15:10:00,55,84.14
12099,417,61,248,2025-12-22 15:17:00,51,80.32
5365,81,225,244,2025-12-22 15:19:00,18,32.86
19691,405,8,3,2025-12-22 15:35:00,51,76.77
12090,457,60,175,2025-12-22 15:36:00,52,79.68
493,470,145,94,2025-12-22 15:41:00,58,90.99
6706,448,8,122,2025-12-22 15:44:00,38,57.24
13971,396,205,173,2025-12-22 15:51:00,8,11.6
17120,12,159,151,2025-12-22 16:01:00,23,37.52
13709,252,233,117,2025-12-22 16:04:00,42,66.35
9171,113,227,3,2025-12-22 16:09:00,48,75.72
452,360,22,81,2025-12-22 16:11:00,59,89.76
12306,182,193,172,2025-12-22 16:31:00,41,67.13
18415,226,86,107,2025-12-22 16:40:00,45,71.51
19931,2,96,215,2025-12-22 16:50:00,53,83.95
2550,5,132,91,2025-12-22 16:56:00,56,88.6
18790,143,115,87,2025-12-22 16:56:00,14,25.48
4734,94,8,142,2025-12-22 17:01:00,36,60.55
6258,361,55,107,2025-12-22 17:04:00,44,67.78
2307,87,85,42,2025-12-22 17:06:00,54,85.76
8906,462,218,171,2025-12-22 17:06:00,18,30.53
13005,56,75,37,2025-12-22 17:16:00,6,12.89
15798,115,109,86,2025-12-22 17:33:00,9,15.26
5158,93,147,94,2025-12-22 17:33:00,47,74.57
15654,297,113,85,2025-12-22 17:48:00,31,47.79
11946,457,64,225,2025-12-22 17:50:00,45,71.8
2284,11,97,17,2025-12-22 17:56:00,9,16.07
11365,157,46,30,2025-12-22 17:59:00,42,69.03
1367,214,63,227,2025-12-22 18:06:00,56,86.31
11014,125,76,260,2025-12-22 18:18:00,13,20.1
3168,302,67,132,2025-12-22 18:18:00,55,82.41
8239,195,258,85,2025-12-22 18:22:00,47,72.89
5816,227,77,237,2025-12-22 18:40:00,26,42.73
3147,59,34,138,2025-12-22 18:42:00,41,62.69
11219,422,22,179,2025-12-22 18:44:00,60,94.17
4853,87,134,213,2025-12-22 18:47:00,55,86.01
14859,422,83,230,2025-12-22 18:58:00,41,63.72
6708,346,213,215,2025-12-22 19:08:00,9,15.46
17237,143,110,54,2025-12-22 19:13:00,49,77.98
11974,86,27,57,2025-12-22 19:33:00,26,38.37
17392,436,48,140,2025-12-22 19:38:00,41,63.27
12190,423,95,193,2025-12-22 19:39:00,56,85.45
5265,106,54,256,2025-12-22 19:41:00,27,39.4
1640,17,47,246,2025-12-22 19:47:00,53,77.16
11563,422,188,13,2025-12-22 19:50:00,40,61.61
11366,276,194,4,2025-12-22 19:57:00,28,43.23
17605,229,236,180,2025-12-22 20:03:00,5,13.17
477,165,216,68,2025-12-22 20:03:00,37,57.15
11682,394,42,159,2025-12-22 20:12:00,20,34.05
2282,211,100,143,2025-12-22 20:19:00,43,65.72
15601,460,189,202,2025-12-22 20:25:00,47,71.76
12372,464,142,74,2025-12-22 20:25:00,60,95.19
15469,235,79,118,2025-12-22 20:31:00,28,46.09
12976,30,148,69,2025-12-22 20:35:00,18,32.43
15076,136,169,198,2025-12-22 20:45:00,39,62.55
7768,378,22,154,2025-12-22 20:56:00,56,87.1
8220,438,165,190,2025-12-22 20:58:00,31,49.06
10826,473,214,254,2025-12-22 20:59:00,53,82.41
12307,420,163,28,2025-12-22 21:22:00,53,82.93
666,67,217,235,2025-12-22 21:27:00,39,63.66
14755,381,252,255,2025-12-22 21:29:00,17,27.68
8358,310,61,92,2025-12-22 21:34:00,37,57.28
2586,214,144,44,2025-12-22 21:38:00,50,74.16
16896,445,102,88,2025-12-22 21:54:00,57,87.3
17051,484,254,57,2025-12-22 22:18:00,52,81.17
13536,127,6,212,2025-12-22 22:32:00,28,45.39
6927,402,213,130,2025-12-22 22:36:00,19,32.04
11149,145,141,36,2025-12-22 22:57:00,33,54.67
17923,202,90,160,2025-12-22 23:03:00,55,85.24
9092,436,134,204,2025-12-22 23:04:00,42,62.74
19020,132,67,87,2025-12-22 23:16:00,26,41.57
9545,326,11,126,2025-12-22 23:33:00,34,54.04
2064,78,65,140,2025-12-22 23:34:00,9,19.2
17783,204,107,207,2025-12-22 23:39:00,55,81.33
2806,166,96,189,2025-12-22 23:41:00,52,82.41
3108,306,106,122,2025-12-22 23:45:00,60,94.12
18928,143,51,29,2025-12-22 23:49:00,12,20.02
911,184,179,126,2025-12-22 23:52:00,8,12.54
19716,282,24,252,2025-12-23 00:03:00,27,48.28
17778,403,261,51,2025-12-23 00:03:00,39,61.43
18791,271,27,55,2025-12-23 00:15:00,44,72.03
7524,248,170,143,2025-12-23 00:26:00,26,42.84
7944,263,223,76,2025-12-23 00:28:00,9,19.13
16987,72,40,22,2025-12-23 00:36:00,54,83.09
2367,224,214,216,2025-12-23 00:36:00,47,74.97
14679,418,162,122,2025-12-23 00:45:00,36,56.15
8443,214,235,121,2025-12-23 00:47:00,53,83.77
17039,102,147,113,2025-12-23 00:47:00,49,74.66
15336,421,194,2,2025-12-23 00:56:00,59,91.46
15405,16,236,4,2025-12-23 01:08:00,29,45.93
14656,33,133,153,2025-12-23 01:10:00,22,38.32
10022,217,211,25,2025-12-23 01:11:00,27,41.48
10779,117,265,125,2025-12-23 01:22:00,57,82.24
9205,435,47,59,2025-12-23 01:30:00,48,77.42
11774,37,115,106,2025-12-23 01:36:00,39,62.31
5294,86,245,48,2025-12-23 01:39:00,7,13.5
8647,324,8,258,2025-12-23 01:57:00,45,70.84
13507,409,171,175,2025-12-23 02:01:00,43,67.16
2516,261,50,178,2025-12-23 02:01:00,12,21.58
17521,226,122,212,2025-12-23 02:07:00,41,63.18
14389,19,178,193,2025-12-23 02:20:00,18,25.58
19304,5,241,235,2025-12-23 02:21:00,29,48.58
6551,338,8,98,2025-12-23 02:32:00,42,66.94
2794,278,224,264,2025-12-23 02:33:00,45,72.83
10638,359,39,11,2025-12-23 02:58:00,9,19.49
3042,255,28,209,2025-12-23 03:01:00,19,35.09
10621,367,66,215,2025-12-23 03:01:00,55,85.92
4868,274,8,181,2025-12-23 03:13:00,9,19.67
15399,491,62,256,2025-12-23 03:28:00,37,52.57
13410,444,134,130,2025-12-23 03:40:00,53,86.02
14918,13,191,168,2025-12-23 03:49:00,56,88.27
9983,473,220,10,2025-12-23 03:49:00,56,87.1
7996,188,193,32,2025-12-23 03:52:00,16,27.3
17320,461,41,76,2025-12-23 03:56:00,51,81.24
19096,475,168,61,2025-12-23 03:56:00,11,18.83
176,24,254,103,2025-12-23 04:03:00,58,88.69
7325,236,142,8,2025-12-23 04:12:00,38,61.35
9480,416,84,221,2025-12-23 04:14:00,28,49.87
405,394,128,66,2025-12-23 04:18:00,60,90.97
19285,117,91,127,2025-12-23 04:30:00,14,26.46
10033,172,177,83,2025-12-23 04:40:00,19,32.18
14992,128,120,229,2025-12-23 04:41:00,52,82.23
9216,249,3,250,2025-12-23 04:47:00,27,46.4
875,70,189,188,2025-12-23 04:58:00,47,70.56
6641,166,239,170,2025-12-23 05:02:00,57,86.89
7008,67,26,79,2025-12-23 05:04:00,12,20.81
13325,238,69,47,2025-12-23 05:08:00,52,79.62
14020,253,3,89,2025-12-23 05:18:00,55,84.52
15429,118,117,166,2025-12-23 05:22:00,47,69.66
12566,87,39,23,2025-12-23 05:27:00,5,10.05
16277,403,206,97,2025-12-23 05:30:00,6,12.84
256,439,20,154,2025-12-23 05:40:00,10,19.73
6690,241,178,33,2025-12-23 05:42:00,26,43.46
17291,417,11,172,2025-12-23 05:43:00,50,80.85
5840,394,228,241,2025-12-23 05:43:00,24,35.58
4994,259,229,93,2025-12-23 05:50:00,54,82.22
16060,132,194,254,2025-12-23 05:54:00,39,62.11
8006,43,237,96,2025-12-23 05:54:00,15,27.21
3373,23,89,209,2025-12-23 06:06:00,22,34.08
4008,129,184,244,2025-12-23 06:09:00,42,65.87
9304,109,78,72,2025-12-23 06:19:00,56,89.17
15998,55,170,17,2025-12-23 06:28:00,5,11.66
10459,390,118,155,2025-12-23 06:41:00,51,78.54
4943,45,236,220,2025-12-23 06:59:00,30,49.92
12815,461,12,259,2025-12-23 07:20:00,21,35.33
10508,436,63,72,2025-12-23 07:32:00,33,52.41
14431,428,139,78,2025-12-23 07:37:00,12,20.0
4249,119,242,168,2025-12-23 07:38:00,60,93.21
8703,54,264,153,2025-12-23 07:47:00,37,60.99
15597,415,174,230,2025-12-23 07:55:00,49,75.57
4439,471,151,172,2025-12-23 08:08:00,29,45.43
250,372,20,173,2025-12-23 08:08:00,48,74.65
1834,38,93,262,2025-12-23 08:14:00,34,54.99
1307,326,88,57,2025-12-23 08:15:00,60,94.76
9233,97,265,238,2025-12-23 08:20:00,12,19.28
6305,478,17,25,2025-12-23 08:23:00,54,84.64
14476,82,240,161,2025-12-23 08:24:00,27,44.13
4629,31,254,166,2025-12-23 08:32:00,13,20.76
19167,50,259,256,2025-12-23 08:48:00,52,80.75
1064,484,257,2,2025-12-23 08:55:00,37,60.21
3083,456,132,32,2025-12-23 08:57:00,44,69.1
16416,493,138,179,2025-12-23 09:03:00,50,79.88
16558,374,181,180,2025-12-23 09:19:00,50,77.63
3843,121,215,136,2025-12-23 09:20:00,11,17.46
6579,476,25,155,2025-12-23 09:23:00,37,59.14
3883,253,47,146,2025-12-23 09:27:00,43,67.9
9513,193,183,228,2025-12-23 09:42:00,15,23.67
19730,444,196,146,2025-12-23 09:46:00,13,21.74
8772,75,83,235,2025-12-23 09:48:00,18,29.74
14519,493,147,71,2025-12-23 09:53:00,37,61.16
4556,58,165,114,2025-12-23 09:54:00,44,70.67
7182,139,104,38,2025-12-23 09:54:00,50,78.74
14183,378,202,65,2025-12-23 09:58:00,57,89.39
2426,477,255,103,2025-12-23 10:23:00,48,75.08
18269,67,181,178,2025-12-23 10:26:00,22,33.37
1301,322,246,46,2025-12-23 10:33:00,60,92.56
14006,421,259,19,2025-12-23 10:41:00,12,16.32
6169,1,183,157,2025-12-23 10:54:00,16,28.16
5825,192,48,84,2025-12-23 10:56:00,57,88.42
16563,475,262,118,2025-12-23 11:08:00,28,46.81
3261,317,263,89,2025-12-23 11:17:00,9,14.5
14633,179,177,41,2025-12-23 11:28:00,22,35.62
6988,455,225,111,2025-12-23 11:36:00,59,93.91
8316,468,234,103,2025-12-23 11:38:00,53,84.49
8119,409,182,106,2025-12-23 11:41:00,60,90.49
13674,97,251,216,2025-12-23 11:41:00,33,51.58
4039,326,13,99,2025-12-23 11:42:00,16,26.14
14791,20,259,27,2025-12-23 12:07:00,23,37.69
8261,93,228,72,2025-12-23 12:43:00,28,44.03
14051,179,256,105,2025-12-23 12:47:00,27,44.03
17036,194,27,197,2025-12-23 12:49:00,40,61.32
5175,497,26,143,2025-12-23 12:53:00,10,17.59
13877,169,172,19,2025-12-23 12:53:00,38,62.29
11417,128,101,217,2025-12-23 13:05:00,30,47.84
6890,158,213,187,2025-12-23 13:06:00,59,93.14
7442,480,133,255,2025-12-23 13:10:00,23,37.63
7515,328,15,199,2025-12-23 13:39:00,25,40.69
12913,246,95,113,2025-12-23 13:45:00,36,58.78
14834,208,184,228,2025-12-23 13:53:00,52,80.3
7575,446,166,22,2025-12-23 14:03:00,21,30.08
17170,371,160,27,2025-12-23 14:15:00,59,90.61
16816,171,29,190,2025-12-23 14:15:00,37,58.08
3718,184,4,248,2025-12-23 14:16:00,8,14.87
4605,49,127,58,2025-12-23 14:17:00,33,53.52
16464,238,52,263,2025-12-23 14:21:00,28,47.35
16847,10,223,180,2025-12-23 14:25:00,43,65.45
2058,93,52,260,2025-12-23 14:37:00,10,19.83
5379,434,83,193,2025-12-23 14:42:00,19,30.83
5254,451,45,38,2025-12-23 14:42:00,8,20.5
16281,64,9,32,2025-12-23 14:45:00,14,23.22
12989,474,182,22,2025-12-23 14:51:00,37,60.94
2105,489,258,253,2025-12-23 14:57:00,22,33.7
9211,121,150,263,2025-12-23 15:05:00,28,43.45
15683,343,175,179,2025-12-23 15:28:00,51,77.82
1052,418,91,17,2025-12-23 15:28:00,51,79.02
3389,204,158,196,2025-12-23 15:31:00,33,53.49
10505,40,20,97,2025-12-23 15:47:00,35,57.81
7572,186,243,11,2025-12-23 15:49:00,46,72.41
6060,277,69,230,2025-12-23 15:50:00,25,43.91
8281,439,222,20,2025-12-23 15:53:00,60,94.04
1767,290,258,47,2025-12-23 16:01:00,12,23.57
18258,156,157,113,2025-12-23 16:01:00,52,81.04
9899,400,218,9,2025-12-23 16:10:00,59,90.42
4297,428,6,42,2025-12-23 16:17:00,10,15.1
16566,377,78,10,2025-12-23 16:17:00,25,37.27
16650,333,217,205,2025-12-23 16:28:00,17,27.53
19915,330,38,244,2025-12-23 16:29:00,23,42.46
11787,388,247,139,2025-12-23 16:32:00,52,79.83
11545,136,48,183,2025-12-23 16:58:00,47,72.1
19985,32,14,71,2025-12-23 16:59:00,9,20.22
8645,59,215,243,2025-12-23 17:01:00,59,92.75
6966,424,207,135,2025-12-23 17:09:00,16,25.68
7953,432,34,89,2025-12-23 17:12:00,9,18.81
8652,29,91,250,2025-12-23 17:15:00,43,65.67
8777,174,202,124,2025-12-23 17:26:00,40,62.49
14719,368,30,238,2025-12-23 17:26:00,43,66.95
7155,320,95,63,2025-12-23 17:35:00,60,94.61
5555,16,207,144,2025-12-23 17:45:00,21,36.21
3997,158,216,230,2025-12-23 17:48:00,36,56.2
10344,356,123,161,2025-12-23 17:50:00,60,93.99
6989,307,83,100,2025-12-23 17:54:00,47,73.94
10021,426,121,259,2025-12-23 17:59:00,49,76.72
2098,295,206,162,2025-12-23 18:04:00,36,57.57
4060,442,210,203,2025-12-23 18:19:00,44,68.12
14496,127,54,165,2025-12-23 18:21:00,48,75.06
7458,492,262,179,2025-12-23 18:25:00,32,48.87
19433,499,255,173,2025-12-23 18:27:00,60,95.38
13416,117,62,250,2025-12-23 18:30:00,60,93.08
19520,300,207,250,2025-12-23 18:36:00,20,28.35
13107,225,228,185,2025-12-23 18:39:00,57,86.66
2023,13,19,192,2025-12-23 18:45:00,24,37.95
15240,116,120,169,2025-12-23 18:45:00,31,50.05
11299,471,208,83,2025-12-23 18:53:00,32,52.17
15351,309,153,130,2025-12-23 18:54:00,57,87.96
17187,483,114,192,2025-12-23 19:05:00,5,7.16
12877,344,261,229,2025-12-23 19:17:00,25,37.39
16417,211,159,249,2025-12-23 19:18:00,39,61.71
5964,117,227,54,2025-12-23 19:25:00,43,70.09
15586,317,149,131,2025-12-23 19:34:00,59,89.79
2878,168,237,56,2025-12-23 19:39:00,5,11.18
19511,197,135,104,2025-12-23 19:57:00,53,86.2
17307,302,65,107,2025-12-23 19:57:00,35,55.13
10263,119,12,132,2025-12-23 20:02:00,33,49.65
460,328,235,227,2025-12-23 20:08:00,19,29.93
15882,152,173,169,2025-12-23 20:10:00,7,13.2
8214,212,249,253,2025-12-23 20:11:00,55,83.99
546,456,87,73,2025-12-23 20:15:00,40,60.5
17966,494,252,20,2025-12-23 20:17:00,26,41.28
12140,63,4,120,2025-12-23 20:18:00,15,26.33
3097,49,23,240,2025-12-23 20:23:00,35,54.21
1637,270,231,181,2025-12-23 20:27:00,50,79.17
6694,10,242,95,2025-12-23 20:41:00,8,14.13
18171,79,135,219,2025-12-23 20:58:00,54,85.83
2805,87,32,107,2025-12-23 21:08:00,30,47.27
15919,16,139,33,2025-12-23 21:14:00,19,30.9
456,443,102,52,2025-12-23 21:20:00,14,23.52
18661,427,132,212,2025-12-23 21:23:00,30,50.93
14058,132,39,113,2025-12-23 21:23:00,25,42.81
3667,279,200,73,2025-12-23 21:24:00,17,26.92
10775,150,242,106,2025-12-23 21:34:00,59,91.16
3434,232,205,120,2025-12-23 21:44:00,55,83.91
16452,135,238,95,2025-12-23 21:47:00,40,62.31
3029,107,78,159,2025-12-23 21:53:00,27,43.51
12430,297,199,209,2025-12-23 21:54:00,11,22.68
7413,480,151,121,2025-12-23 21:56:00,57,89.52
13736,50,234,219,2025-12-23 22:07:00,24,39.02
4125,350,1,240,2025-12-23 22:14:00,38,58.25
2119,55,131,107,2025-12-23 22:16:00,49,78.36
16509,59,50,129,2025-12-23 22:17:00,49,77.43
15619,264,41,90,2025-12-23 22:24:00,22,34.73
12918,229,251,8,2025-12-23 22:28:00,26,44.85
16605,173,39,20,2025-12-23 22:34:00,43,65.79
4586,127,156,154,2025-12-23 23:00:00,45,70.86
15508,118,264,97,2025-12-23 23:01:00,54,89.23
15572,61,20,123,2025-12-23 23:02:00,51,79.03
10860,410,113,61,2025-12-23 23:07:00,31,49.49
12622,469,16,63,2025-12-23 23:10:00,17,29.39
19532,467,6,224,2025-12-23 23:14:00,22,37.0
5390,145,150,78,2025-12-23 23:22:00,35,56.24
4414,309,105,93,2025-12-23 23:26:00,59,95.48
17496,49,225,31,2025-12-23 23:40:00,44,68.31
3696,393,227,102,2025-12-23 23:53:00,7,16.77
5029,253,11,164,2025-12-23 23:53:00,11,16.93
1587,110,212,128,2025-12-23 23:58:00,35,58.79
6787,441,47,139,2025-12-23 23:58:00,29,49.74
15804,339,177,161,2025-12-24 00:06:00,20,31.42
16383,43,6,35,2025-12-24 00:17:00,32,52.84
2259,220,74,197,2025-12-24 00:18:00,16,27.78
18120,45,238,39,2025-12-24 00:21:00,33,54.02
2444,20,37,219,2025-12-24 00:27:00,54,85.72
7741,478,79,2,2025-12-24 00:28:00,26,44.66
11237,151,96,150,2025-12-24 00:30:00,56,91.09
9516,248,144,181,2025-12-24 00:37:00,28,42.2
6655,354,72,153,2025-12-24 00:41:00,48,78.45
7796,440,57,86,2025-12-24 00:47:00,60,90.78
12898,77,181,216,2025-12-24 00:47:00,47,72.58
15866,45,184,50,2025-12-24 00:50:00,44,65.16
3767,299,118,205,2025-12-24 00:54:00,17,26.56
9667,352,112,18,2025-12-24 00:56:00,11,17.5
16957,2,36,25,2025-12-24 00:59:00,35,54.42
1219,242,204,178,2025-12-24 01:04:00,43,63.98
2159,493,120,110,2025-12-24 01:07:00,32,46.74
3664,402,157,33,2025-12-24 01:11:00,46,74.51
3295,284,79,185,2025-12-24 01:25:00,47,72.54
19454,472,200,130,2025-12-24 01:34:00,13,21.22
18973,87,50,258,2025-12-24 01:44:00,10,21.49
17026,86,191,46,2025-12-24 01:58:00,23,35.83
465,17,66,126,2025-12-24 01:58:00,23,36.24
13541,218,142,148,2025-12-24 02:08:00,59,89.64
10401,381,260,30,2025-12-24 02:13:00,27,43.76
12640,55,203,171,2025-12-24 02:28:00,33,53.61
3864,497,179,137,2025-12-24 02:31:00,24,40.42
12102,321,224,148,2025-12-24 02:32:00,43,67.97
18163,280,160,6,2025-12-24 02:52:00,31,51.74
14492,499,78,237,2025-12-24 03:06:00,34,53.87
6570,163,125,218,2025-12-24 03:08:00,57,88.29
17835,454,127,263,2025-12-24 03:13:00,39,64.14
14237,258,256,130,2025-12-24 03:35:00,24,39.4
19924,258,91,174,2025-12-24 03:36:00,29,47.96
17215,228,156,145,2025-12-24 03:43:00,54,87.54
8856,360,10,140,2025-12-24 03:49:00,59,90.09
3155,257,113,224,2025-12-24 04:15:00,23,41.58
19240,138,260,235,2025-12-24 04:21:00,48,74.52
13905,93,121,249,2025-12-24 04:43:00,40,63.96
12685,227,144,240,2025-12-24 04:43:00,51,78.63
13372,157,134,9,2025-12-24 04:56:00,38,59.96
10569,290,207,122,2025-12-24 04:57:00,8,15.01
6602,304,20,85,2025-12-24 04:58:00,46,71.32
12847,44,194,235,2025-12-24 05:01:00,8,16.55
11439,245,109,160,2025-12-24 05:06:00,16,25.24
8757,112,134,81,2025-12-24 05:21:00,34,54.41
14657,48,7,61,2025-12-24 05:32:00,43,66.81
11980,253,63,233,2025-12-24 05:46:00,33,54.7
14243,65,230,178,2025-12-24 05:52:00,31,49.12
903,417,164,60,2025-12-24 06:01:00,46,67.04
13042,483,79,13,2025-12-24 06:06:00,32,49.96
13368,243,257,232,2025-12-24 06:14:00,55,87.05
1819,395,51,139,2025-12-24 06:19:00,29,47.28
7876,19,215,206,2025-12-24 06:20:00,57,88.78
5624,364,204,46,2025-12-24 06:30:00,19,31.4
2203,281,247,193,2025-12-24 06:39:00,16,28.7
14928,93,172,200,2025-12-24 06:55:00,38,62.45
387,467,182,247,2025-12-24 07:03:00,47,71.34
14536,152,64,136,2025-12-24 07:10:00,42,64.7
6285,144,34,35,2025-12-24 07:16:00,44,63.9
19238,401,37,14,2025-12-24 07:17:00,49,80.15
13710,47,148,63,2025-12-24 07:25:00,9,14.91
12892,224,36,101,2025-12-24 07:44:00,25,39.72
11039,253,2,190,2025-12-24 07:56:00,54,0.0
15705,377,65,42,2025-12-24 07:59:00,11,18.66
7626,417,108,50,2025-12-24 08:00:00,15,24.54
7220,314,208,80,2025-12-24 08:04:00,11,19.28
15127,250,96,104,2025-12-24 08:04:00,13,22.98
18046,84,70,142,2025-12-24 08:12:00,37,60.86
3644,402,100,124,2025-12-24 08:13:00,54,87.09
11026,350,114,23,2025-12-24 08:24:00,27,42.64
2965,306,80,115,2025-12-24 08:26:00,40,64.43
4584,107,100,94,2025-12-24 08:29:00,17,28.92
7117,105,17,227,2025-12-24 08:30:00,34,52.7
785,45,91,65,2025-12-24 08:47:00,58,88.51
1300,184,255,21,2025-12-24 08:53:00,17,29.23
16714,134,91,216,2025-12-24 08:57:00,14,23.65
7046,388,135,61,2025-12-24 09:03:00,34,55.49
15792,167,29,24,2025-12-24 09:04:00,50,79.31
14451,83,78,134,2025-12-24 09:08:00,24,36.64
11196,165,146,223,2025-12-24 09:21:00,31,51.74
11465,184,57,263,2025-12-24 09:23:00,5,10.83
19406,205,106,34,2025-12-24 09:33:00,32,50.27
2730,14,155,37,2025-12-24 09:40:00,57,86.72
18378,340,172,194,2025-12-24 09:52:00,8,16.42
14466,1,207,206,2025-12-24 09:53:00,15,27.62
12184,409,189,1,2025-12-24 09:56:00,29,45.35
13699,234,240,180,2025-12-24 09:59:00,46,73.66
11348,485,50,122,2025-12-24 10:09:00,35,58.77
3102,11,183,86,2025-12-24 10:11:00,11,20.64
3725,440,195,122,2025-12-24 10:44:00,46,72.62
7911,447,206,25,2025-12-24 10:45:00,37,59.84
15206,482,73,256,2025-12-24 10:45:00,6,12.49
8217,345,181,248,2025-12-24 11:06:00,30,48.58
6506,278,16,216,2025-12-24 11:13:00,16,26.97
8728,347,76,192,2025-12-24 11:32:00,25,42.07
10644,394,84,108,2025-12-24 11:35:00,12,21.2
6134,324,229,61,2025-12-24 11:52:00,54,87.81
18345,417,151,232,2025-12-24 12:03:00,53,82.82
18167,365,15,136,2025-12-24 12:16:00,20,32.92
9044,156,155,186,2025-12-24 12:18:00,47,76.88
245,101,141,183,2025-12-24 12:23:00,20,30.98
1011,323,226,125,2025-12-24 12:24:00,49,76.04
19138,193,247,184,2025-12-24 12:39:00,27,45.03
2533,106,50,101,2025-12-24 12:41:00,41,63.79
1404,47,89,52,2025-12-24 12:42:00,18,31.41
3555,348,262,39,2025-12-24 12:49:00,28,45.75
7171,471,151,31,2025-12-24 13:05:00,9,19.84
6674,198,81,213,2025-12-24 13:11:00,52,80.27
8696,217,74,175,2025-12-24 13:14:00,34,54.97
6947,192,145,32,2025-12-24 13:16:00,27,46.62
17483,272,198,141,2025-12-24 13:22:00,40,63.92
10146,476,210,211,2025-12-24 13:25:00,29,45.12
9219,295,235,257,2025-12-24 13:48:00,49,77.99
19159,47,166,243,2025-12-24 13:51:00,52,82.6
1149,139,123,217,2025-12-24 14:06:00,47,71.36
15241,168,153,200,2025-12-24 14:06:00,12,18.99
17751,141,68,8,2025-12-24 14:06:00,57,87.05
8854,184,43,173,2025-12-24 14:15:00,36,58.59
3873,242,227,172,2025-12-24 14:30:00,21,34.57
14355,12,51,14,2025-12-24 14:39:00,28,44.36
11727,9,212,259,2025-12-24 15:07:00,9,17.04
12479,88,252,144,2025-12-24 15:21:00,56,86.46
7564,365,59,98,2025-12-24 15:36:00,41,66.99
5150,231,143,44,2025-12-24 15:39:00,21,0.0
11529,55,151,12,2025-12-24 15:58:00,49,76.83
15560,418,118,114,2025-12-24 16:02:00,45,71.33
6161,282,8,94,2025-12-24 16:06:00,38,60.8
12376,361,241,14,2025-12-24 16:13:00,40,64.23
12864,176,57,52,2025-12-24 16:13:00,7,11.83
5641,227,159,234,2025-12-24 16:14:00,20,31.13
17635,10,210,205,2025-12-24 16:14:00,11,20.04
8937,272,175,80,2025-12-24 16:23:00,53,84.92
4512,14,29,182,2025-12-24 16:26:00,14,20.13
15495,248,152,249,2025-12-24 16:46:00,41,64.34
14841,89,40,211,2025-12-24 16:55:00,9,16.83
5041,158,151,123,2025-12-24 16:56:00,28,45.52
15954,60,131,173,2025-12-24 17:05:00,60,88.99
10923,484,241,62,2025-12-24 17:06:00,56,92.35
9493,458,164,241,2025-12-24 17:13:00,46,71.11
4110,55,261,154,2025-12-24 17:16:00,32,50.91
1798,316,172,264,2025-12-24 17:23:00,31,51.91
7476,243,16,239,2025-12-24 17:33:00,53,82.23
4325,184,137,22,2025-12-24 17:34:00,39,63.2
5686,477,51,130,2025-12-24 17:38:00,28,44.85
5663,344,189,47,2025-12-24 17:45:00,36,54.19
17583,28,237,126,2025-12-24 17:51:00,50,78.02
5655,337,259,203,2025-12-24 17:53:00,28,47.39
17176,82,215,114,2025-12-24 18:02:00,54,83.55
15258,393,66,137,2025-12-24 18:03:00,21,40.37
10470,116,36,110,2025-12-24 18:20:00,49,78.22
5036,429,18,221,2025-12-24 18:22:00,8,15.76
5126,77,150,87,2025-12-24 18:26:00,36,59.28
2459,75,108,227,2025-12-24 18:28:00,59,90.91
9568,214,13,237,2025-12-24 18:35:00,54,84.42
13509,123,21,36,2025-12-24 18:38:00,46,74.36
3525,279,35,239,2025-12-24 18:39:00,35,51.67
8848,410,159,161,2025-12-24 18:40:00,7,13.13
7812,106,245,96,2025-12-24 18:40:00,18,27.19
3856,229,238,203,2025-12-24 18:41:00,33,47.76
1721,430,203,108,2025-12-24 18:47:00,8,15.99
16183,301,111,226,2025-12-24 18:59:00,39,61.92
1728,73,19,240,2025-12-24 19:03:00,27,43.73
1783,442,126,51,2025-12-24 19:17:00,39,63.73
1330,415,212,110,2025-12-24 19:19:00,23,36.68
10597,145,43,154,2025-12-24 19:26:00,56,90.47
12823,211,186,207,2025-12-24 19:31:00,49,73.66
19088,186,19,133,2025-12-24 19:38:00,19,28.81
4194,332,251,136,2025-12-24 19:38:00,5,15.19
10857,434,56,78,2025-12-24 19:46:00,16,29.24
16531,190,136,65,2025-12-24 19:50:00,7,10.9
7683,272,13,73,2025-12-24 19:58:00,49,74.57
19414,256,23,95,2025-12-24 19:59:00,12,21.46
16361,46,179,105,2025-12-24 20:00:00,8,17.1
19014,377,185,19,2025-12-24 20:02:00,24,39.51
19752,214,182,100,2025-12-24 20:07:00,38,59.68
11605,299,214,41,2025-12-24 20:14:00,8,14.16
4685,127,7,68,2025-12-24 20:15:00,6,10.45
5487,221,82,231,2025-12-24 20:18:00,55,85.99
4067,85,250,135,2025-12-24 20:21:00,47,72.96
6409,88,14,81,2025-12-24 20:26:00,37,60.29
4972,40,180,41,2025-12-24 20:29:00,15,27.75
17138,443,264,171,2025-12-24 20:29:00,27,45.32
8686,127,4,242,2025-12-24 20:32:00,7,15.87
4,60,139,37,2025-12-24 20:40:00,31,50.63
6873,27,199,226,2025-12-24 20:41:00,7,14.78
14003,242,263,123,2025-12-24 20:53:00,53,81.43
8309,453,155,40,2025-12-24 21:04:00,38,59.92
3587,298,225,66,2025-12-24 21:11:00,49,71.58
5192,386,239,200,2025-12-24 21:13:00,12,21.88
12239,415,59,166,2025-12-24 21:14:00,29,46.02
5509,67,222,190,2025-12-24 21:30:00,53,86.59
1866,78,21,37,2025-12-24 21:33:00,7,14.8
12112,58,136,21,2025-12-24 21:37:00,25,38.09
15466,108,27,179,2025-12-24 21:43:00,25,41.03
12983,431,250,49,2025-12-24 21:46:00,5,12.39
17298,151,62,243,2025-12-24 21:47:00,17,29.33
6364,214,115,59,2025-12-24 21:48:00,45,72.08
17511,327,166,55,2025-12-24 21:49:00,21,33.28
5946,465,110,108,2025-12-24 21:52:00,31,47.53
17491,193,240,154,2025-12-24 22:17:00,33,49.9
4649,477,124,212,2025-12-24 22:22:00,35,56.22
11398,355,172,152,2025-12-24 22:23:00,60,92.7
9365,453,42,29,2025-12-24 22:26:00,34,54.92
19026,491,244,11,2025-12-24 22:43:00,39,61.84
8559,270,265,110,2025-12-24 22:45:00,5,10.41
8534,118,238,124,2025-12-24 22:50:00,54,87.94
12032,492,60,59,2025-12-24 22:53:00,35,56.9
4644,430,13,249,2025-12-24 23:07:00,35,57.52
6217,376,26,217,2025-12-24 23:15:00,40,64.8
17370,437,45,53,2025-12-24 23:17:00,7,12.48
6057,74,72,184,2025-12-24 23:23:00,37,57.5
15047,361,50,67,2025-12-24 23:24:00,46,73.38
17121,61,216,244,2025-12-24 23:32:00,32,54.25
19170,101,61,102,2025-12-24 23:39:00,50,77.47
11066,260,174,121,2025-12-24 23:45:00,19,30.31
4653,461,194,166,2025-12-24 23:49:00,49,76.36
16633,56,60,183,2025-12-24 23:50:00,27,41.3
2012,353,136,220,2025-12-25 00:15:00,42,65.7
57,64,253,175,2025-12-25 00:17:00,30,46.54
16255,396,24,103,2025-12-25 00:18:00,40,59.8
17634,284,182,248,2025-12-25 00:20:00,8,21.58
10178,198,96,43,2025-12-25 00:35:00,42,67.49
6205,244,111,251,2025-12-25 00:36:00,44,68.58
9898,152,102,89,2025-12-25 00:42:00,50,79.36
18261,158,214,215,2025-12-25 01:09:00,24,42.51
17060,374,176,68,2025-12-25 01:25:00,28,44.31
8037,3,157,204,2025-12-25 01:31:00,46,72.2
12267,409,211,13,2025-12-25 01:31:00,14,25.61
14603,284,204,202,2025-12-25 01:35:00,19,31.62
19629,139,248,128,2025-12-25 01:37:00,34,57.56
12139,412,250,208,2025-12-25 01:45:00,16,26.95
11053,233,142,113,2025-12-25 01:46:00,60,91.22
4520,216,227,94,2025-12-25 01:51:00,6,14.54
5529,359,261,170,2025-12-25 02:02:00,53,83.56
7772,37,100,113,2025-12-25 02:09:00,38,62.42
6239,479,175,35,2025-12-25 02:15:00,22,37.89
14663,481,176,36,2025-12-25 02:17:00,56,88.12
17723,240,103,95,2025-12-25 02:27:00,14,25.43
15084,101,252,96,2025-12-25 02:42:00,45,70.29
19938,361,7,73,2025-12-25 02:58:00,27,47.15
14895,75,174,54,2025-12-25 03:02:00,10,15.85
2521,321,185,7,2025-12-25 03:06:00,25,42.1
17679,280,29,31,2025-12-25 03:06:00,26,38.8
11156,329,206,160,2025-12-25 03:08:00,49,71.93
13237,302,93,173,2025-12-25 03:12:00,35,54.33
17487,397,20,51,2025-12-25 03:12:00,12,24.07
10545,2,195,78,2025-12-25 03:26:00,25,42.33
9028,273,244,121,2025-12-25 03:34:00,15,27.16
14025,142,128,36,2025-12-25 03:40:00,19,36.41
4182,20,113,213,2025-12-25 03:45:00,21,35.65
13934,333,100,213,2025-12-25 04:07:00,17,24.2
2646,397,238,56,2025-12-25 04:10:00,19,23.72
2777,181,19,66,2025-12-25 04:10:00,18,31.78
4595,453,12,172,2025-12-25 04:10:00,43,67.58
4797,414,251,263,2025-12-25 04:13:00,24,35.72
3924,166,212,103,2025-12-25 04:30:00,22,37.38
15949,317,207,155,2025-12-25 04:33:00,41,64.54
12255,192,47,139,2025-12-25 04:36:00,14,19.99
18257,452,217,58,2025-12-25 04:54:00,54,82.29
1807,484,17,69,2025-12-25 04:56:00,7,10.92
13975,328,39,225,2025-12-25 05:07:00,42,67.25
19638,379,120,88,2025-12-25 05:07:00,49,76.21
17891,271,69,141,2025-12-25 05:15:00,29,46.27
18463,185,245,93,2025-12-25 05:21:00,50,80.2
12517,76,98,211,2025-12-25 05:28:00,9,17.66
604,95,77,50,2025-12-25 05:33:00,44,66.15
7224,129,79,254,2025-12-25 05:35:00,29,44.87
7396,256,89,125,2025-12-25 05:37:00,59,91.07
8943,63,159,111,2025-12-25 05:39:00,49,77.67
17174,35,64,95,2025-12-25 05:40:00,57,90.31
4425,229,164,103,2025-12-25 05:45:00,10,18.32
11394,358,116,264,2025-12-25 05:49:00,32,47.82
3733,328,144,2,2025-12-25 05:54:00,46,72.98
866,346,121,228,2025-12-25 05:56:00,51,79.79
19813,118,188,224,2025-12-25 05:57:00,14,23.55
17363,398,33,46,2025-12-25 06:00:00,19,31.39
17498,12,139,13,2025-12-25 06:01:00,43,66.47
17768,406,202,29,2025-12-25 06:02:00,27,41.94
17446,46,111,205,2025-12-25 06:03:00,30,47.87
5168,279,74,10,2025-12-25 06:07:00,55,85.32
18231,218,117,130,2025-12-25 06:17:00,10,19.3
9326,259,196,74,2025-12-25 06:18:00,56,83.94
17365,285,242,24,2025-12-25 06:23:00,14,22.38
6642,384,33,13,2025-12-25 06:27:00,26,40.25
2694,70,38,158,2025-12-25 06:27:00,52,82.49
15890,358,5,63,2025-12-25 06:37:00,38,59.27
17812,247,105,2,2025-12-25 06:50:00,55,88.24
12627,39,261,47,2025-12-25 06:55:00,48,72.11
18302,500,33,90,2025-12-25 07:17:00,40,59.88
10137,148,22,100,2025-12-25 07:26:00,27,45.14
7029,158,224,25,2025-12-25 07:39:00,24,37.86
1175,152,73,136,2025-12-25 07:39:00,25,37.91
6969,155,56,17,2025-12-25 07:49:00,29,47.58
2589,426,249,211,2025-12-25 07:50:00,46,71.27
19296,442,258,100,2025-12-25 07:57:00,28,44.38
3945,33,108,177,2025-12-25 08:08:00,50,75.54
6481,133,65,46,2025-12-25 08:09:00,58,88.57
161,219,50,48,2025-12-25 08:29:00,54,81.32
12737,348,137,65,2025-12-25 08:29:00,50,78.2
12098,273,153,152,2025-12-25 08:33:00,49,75.32
4469,324,205,1,2025-12-25 08:44:00,60,93.04
19867,379,227,23,2025-12-25 08:44:00,26,43.24
7783,80,97,23,2025-12-25 08:47:00,23,36.14
8374,305,121,160,2025-12-25 08:49:00,19,31.16
9801,290,178,219,2025-12-25 08:52:00,30,49.78
19109,79,193,256,2025-12-25 08:52:00,58,89.83
5349,450,252,170,2025-12-25 08:55:00,10,18.11
18130,18,80,206,2025-12-25 08:59:00,50,78.86
3580,93,104,167,2025-12-25 09:02:00,6,14.21
4093,186,204,16,2025-12-25 09:17:00,8,16.41
11463,101,143,179,2025-12-25 09:24:00,18,29.13
14078,239,21,145,2025-12-25 09:40:00,26,42.47
5631,327,66,151,2025-12-25 09:40:00,60,98.91
12707,137,171,103,2025-12-25 09:48:00,59,86.75
6547,40,72,183,2025-12-25 09:50:00,19,34.92
15131,177,60,72,2025-12-25 09:58:00,5,11.54
14446,469,115,18,2025-12-25 10:11:00,43,69.15
17154,405,252,13,2025-12-25 10:12:00,59,90.06
15448,264,80,176,2025-12-25 10:13:00,33,53.59
8080,230,253,164,2025-12-25 10:15:00,54,83.63
8699,424,196,137,2025-12-25 10:16:00,53,82.22
19392,398,50,56,2025-12-25 10:27:00,36,53.44
4841,380,164,168,2025-12-25 10:30:00,40,65.15
3758,411,180,37,2025-12-25 10:34:00,32,52.34
11233,278,45,92,2025-12-25 10:36:00,31,45.21
4517,462,65,232,2025-12-25 10:39:00,36,58.63
12322,323,10,140,2025-12-25 10:40:00,34,51.93
10864,112,262,22,2025-12-25 10:42:00,49,78.53
19445,317,181,253,2025-12-25 10:46:00,53,82.09
9308,3,40,53,2025-12-25 10:55:00,21,34.08
12325,250,49,205,2025-12-25 11:07:00,41,63.17
17817,381,138,113,2025-12-25 11:08:00,44,71.15
7072,362,42,149,2025-12-25 11:14:00,19,34.06
19591,62,121,251,2025-12-25 11:35:00,5,11.7
9831,428,75,220,2025-12-25 11:42:00,5,9.7
191,395,124,124,2025-12-25 12:07:00,49,74.85
14557,489,75,208,2025-12-25 12:09:00,33,54.7
8273,344,3,214,2025-12-25 12:16:00,36,57.78
14874,73,108,126,2025-12-25 12:17:00,44,67.75
17037,352,145,90,2025-12-25 12:17:00,19,31.49
4676,153,243,6,2025-12-25 12:24:00,41,65.86
16829,447,183,56,2025-12-25 12:35:00,22,32.35
17903,323,35,72,2025-12-25 12:56:00,34,53.41
14148,249,191,254,2025-12-25 12:56:00,43,66.42
10555,498,136,154,2025-12-25 13:18:00,29,44.06
7068,40,59,220,2025-12-25 13:21:00,53,83.7
14206,137,250,2,2025-12-25 13:22:00,33,51.99
227,90,63,235,2025-12-25 14:08:00,31,48.28
732,281,237,250,2025-12-25 14:09:00,55,86.41
17537,185,234,202,2025-12-25 14:17:00,5,11.68
2735,427,122,228,2025-12-25 14:20:00,8,16.26
16617,165,24,58,2025-12-25 14:32:00,19,31.49
11607,311,81,84,2025-12-25 14:47:00,42,68.18
970,34,245,98,2025-12-25 14:50:00,19,31.49
9449,482,246,24,2025-12-25 14:54:00,22,33.02
1360,230,250,238,2025-12-25 14:57:00,22,36.64
18042,124,219,124,2025-12-25 15:02:00,58,92.59
3089,111,117,42,2025-12-25 15:14:00,22,34.84
9993,320,194,101,2025-12-25 15:18:00,18,28.92
2677,202,105,170,2025-12-25 15:19:00,58,91.94
676,30,101,168,2025-12-25 15:23:00,54,85.61
13502,50,227,171,2025-12-25 15:24:00,8,20.25
5846,282,67,204,2025-12-25 16:15:00,14,21.53
7108,461,37,113,2025-12-25 16:28:00,35,55.53
2290,392,1,259,2025-12-25 16:37:00,17,30.83
10183,306,86,34,2025-12-25 16:46:00,50,78.65
6324,166,88,136,2025-12-25 16:56:00,35,54.74
12084,470,131,83,2025-12-25 17:01:00,39,61.97
12003,184,216,215,2025-12-25 17:04:00,50,79.07
13928,325,13,92,2025-12-25 17:05:00,18,29.88
18277,481,226,128,2025-12-25 17:05:00,11,20.21
9581,254,151,182,2025-12-25 17:09:00,40,54.92
18533,217,13,198,2025-12-25 17:10:00,11,18.41
14172,260,132,66,2025-12-25 17:14:00,21,38.12
12119,346,186,98,2025-12-25 17:21:00,16,29.1
18681,263,136,95,2025-12-25 17:29:00,29,47.09
713,50,217,207,2025-12-25 17:40:00,13,20.26
15658,370,6,31,2025-12-25 17:42:00,39,60.11
15104,295,251,61,2025-12-25 18:21:00,11,20.09
9147,181,77,207,2025-12-25 18:43:00,6,12.67
14516,471,233,34,2025-12-25 18:44:00,32,51.03
16075,492,252,188,2025-12-25 18:47:00,42,66.73
12929,231,157,219,2025-12-25 18:56:00,29,49.78
151,181,133,13,2025-12-25 19:08:00,60,91.09
17883,132,243,10,2025-12-25 19:23:00,39,61.15
515,199,255,14,2025-12-25 19:31:00,37,59.68
12031,342,250,130,2025-12-25 19:33:00,46,69.89
19015,293,172,179,2025-12-25 19:38:00,41,66.5
16223,182,1,58,2025-12-25 19:40:00,9,15.58
5556,290,92,100,2025-12-25 19:45:00,59,93.55
14698,299,253,7,2025-12-25 19:49:00,8,14.97
16045,258,227,99,2025-12-25 20:15:00,43,66.67
19763,167,56,157,2025-12-25 20:15:00,17,29.93
159,80,111,18,2025-12-25 20:34:00,60,94.7
912,237,236,246,2025-12-25 20:36:00,44,69.28
10749,415,44,54,2025-12-25 20:37:00,55,87.6
5357,117,86,258,2025-12-25 20:38:00,58,88.84
1045,78,138,21,2025-12-25 20:41:00,42,64.27
6456,108,261,164,2025-12-25 20:53:00,40,62.47
7062,377,68,16,2025-12-25 21:00:00,15,24.91
4779,402,13,74,2025-12-25 21:01:00,19,28.69
16659,245,83,216,2025-12-25 21:11:00,38,61.06
7615,345,135,175,2025-12-25 21:11:00,16,25.06
990,104,211,2,2025-12-25 21:14:00,56,87.98
19983,311,33,129,2025-12-25 21:19:00,54,85.42
18323,314,226,193,2025-12-25 21:33:00,25,39.51
12745,155,258,150,2025-12-25 21:36:00,18,26.95
19768,422,159,42,2025-12-25 21:45:00,40,61.04
14513,299,231,170,2025-12-25 21:47:00,22,43.11
2743,371,22,261,2025-12-25 21:51:00,44,70.88
9107,235,202,214,2025-12-25 21:57:00,45,70.54
17180,468,102,195,2025-12-25 22:05:00,35,56.99
14558,366,94,88,2025-12-25 22:05:00,26,40.73
8860,400,148,163,2025-12-25 22:07:00,26,39.73
8859,195,124,247,2025-12-25 22:21:00,30,47.02
13049,165,200,108,2025-12-25 22:23:00,36,57.23
7397,167,242,247,2025-12-25 22:34:00,9,14.49
3996,27,154,64,2025-12-25 23:00:00,53,81.52
17755,68,175,234,2025-12-25 23:08:00,60,93.23
9386,376,23,181,2025-12-25 23:13:00,21,34.15
8272,212,9,40,2025-12-25 23:26:00,58,93.8
17871,368,148,18,2025-12-25 23:35:00,28,48.2
6855,31,141,179,2025-12-25 23:37:00,44,74.48
9441,273,93,117,2025-12-25 23:41:00,22,35.05
9040,356,127,169,2025-12-25 23:46:00,11,19.17
5931,198,128,71,2025-12-25 23:48:00,53,83.58
14007,216,145,81,2025-12-25 23:58:00,52,82.77
12351,330,21,32,2025-12-26 00:07:00,17,27.62
10256,6,91,149,2025-12-26 00:26:00,58,88.61
7406,492,114,76,2025-12-26 00:27:00,47,71.93
6562,354,53,87,2025-12-26 00:37:00,58,88.98
15965,371,83,216,2025-12-26 00:40:00,52,80.82
11055,251,3,6,2025-12-26 00:44:00,21,38.46
14412,492,227,119,2025-12-26 00:52:00,22,36.55
17241,190,18,77,2025-12-26 00:59:00,48,76.03
16968,163,68,225,2025-12-26 01:02:00,35,57.2
17049,238,174,67,2025-12-26 01:17:00,58,89.39
14737,81,116,30,2025-12-26 01:18:00,27,38.97
12089,392,242,17,2025-12-26 01:37:00,19,31.49
16648,12,14,70,2025-12-26 01:52:00,11,20.78
4755,170,40,32,2025-12-26 02:05:00,24,38.82
15752,252,202,14,2025-12-26 02:10:00,19,29.1
7878,416,76,259,2025-12-26 02:15:00,23,34.12
9799,219,144,209,2025-12-26 02:17:00,12,21.75
11204,455,219,227,2025-12-26 02:29:00,24,0.0
5203,157,221,16,2025-12-26 02:35:00,44,70.0
2649,477,121,94,2025-12-26 02:38:00,24,35.94
4462,437,158,163,2025-12-26 02:49:00,21,31.1
6287,37,24,263,2025-12-26 02:49:00,43,67.96
3121,144,93,246,2025-12-26 02:50:00,35,58.06
13404,263,105,181,2025-12-26 02:52:00,60,95.73
5664,122,16,55,2025-12-26 02:59:00,24,40.41
9459,438,67,7,2025-12-26 03:04:00,8,14.23
14397,318,49,203,2025-12-26 03:19:00,43,69.32
11413,147,14,29,2025-12-26 03:19:00,40,61.68
10185,89,145,160,2025-12-26 03:30:00,33,54.44
19635,201,13,210,2025-12-26 03:33:00,20,30.01
4315,92,193,31,2025-12-26 03:38:00,38,62.72
15170,161,228,85,2025-12-26 03:39:00,37,56.03
16023,348,185,247,2025-12-26 03:43:00,16,26.81
6992,209,50,9,2025-12-26 03:49:00,47,73.16
19198,288,143,81,2025-12-26 03:56:00,18,28.79
12251,183,5,93,2025-12-26 03:57:00,7,13.42
18642,397,141,1,2025-12-26 03:59:00,56,82.92
6753,238,103,211,2025-12-26 04:05:00,10,17.88
1182,424,191,68,2025-12-26 04:10:00,24,38.33
18168,363,140,198,2025-12-26 04:16:00,44,71.04
9617,234,120,160,2025-12-26 04:19:00,30,48.93
17982,144,103,138,2025-12-26 04:24:00,11,20.41
16006,148,194,46,2025-12-26 04:28:00,15,27.24
16797,202,95,136,2025-12-26 04:39:00,59,92.55
495,2,46,98,2025-12-26 04:46:00,39,58.87
18357,58,248,120,2025-12-26 04:48:00,29,46.0
9034,126,121,177,2025-12-26 04:59:00,26,41.52
8861,25,159,184,2025-12-26 05:06:00,31,49.13
3194,38,116,78,2025-12-26 05:13:00,39,59.77
5717,157,229,196,2025-12-26 05:33:00,12,17.55
6802,488,73,145,2025-12-26 06:10:00,20,33.84
14161,308,11,151,2025-12-26 06:19:00,33,0.0
3673,158,7,225,2025-12-26 06:21:00,29,44.4
3260,295,79,149,2025-12-26 06:26:00,52,77.65
10773,236,244,89,2025-12-26 06:28:00,17,27.87
12981,66,131,253,2025-12-26 06:39:00,6,10.49
10144,269,251,197,2025-12-26 06:40:00,22,36.51
2999,328,240,58,2025-12-26 06:42:00,16,26.17
8402,187,47,127,2025-12-26 06:50:00,53,81.94
12492,438,71,196,2025-12-26 07:00:00,60,90.79
667,383,78,49,2025-12-26 07:08:00,41,66.21
12234,313,133,47,2025-12-26 07:10:00,9,17.78
7287,217,60,81,2025-12-26 07:12:00,46,71.73
13603,459,130,264,2025-12-26 07:13:00,59,90.95
3761,404,59,96,2025-12-26 07:19:00,54,86.84
6837,190,259,127,2025-12-26 07:23:00,49,78.11
14891,72,4,234,2025-12-26 07:23:00,22,36.7
153,323,232,126,2025-12-26 07:25:00,47,72.26
14825,109,123,32,2025-12-26 07:28:00,23,36.76
13529,307,50,22,2025-12-26 07:36:00,55,85.04
6553,111,227,185,2025-12-26 07:38:00,54,80.85
7506,143,205,251,2025-12-26 07:45:00,46,71.67
12437,452,9,60,2025-12-26 07:58:00,31,48.76
10064,372,49,14,2025-12-26 07:59:00,40,62.21
14479,27,182,264,2025-12-26 08:03:00,56,88.81
17506,93,238,191,2025-12-26 08:04:00,59,92.72
17610,94,84,138,2025-12-26 08:20:00,19,32.2
3364,198,85,248,2025-12-26 08:27:00,7,11.18
5021,260,19,162,2025-12-26 08:33:00,48,77.12
13349,365,195,188,2025-12-26 08:39:00,5,11.31
11764,441,71,74,2025-12-26 09:07:00,50,77.62
15262,494,67,129,2025-12-26 09:10:00,60,93.43
14063,299,115,119,2025-12-26 09:12:00,25,40.5
11770,171,26,182,2025-12-26 09:14:00,5,7.36
1117,136,130,113,2025-12-26 09:15:00,46,73.15
12851,133,162,234,2025-12-26 09:18:00,11,19.15
11750,131,90,199,2025-12-26 09:38:00,53,86.72
19568,231,167,156,2025-12-26 09:41:00,40,61.38
16679,166,29,76,2025-12-26 09:41:00,11,20.63
11142,418,33,133,2025-12-26 09:51:00,8,14.57
12247,196,214,165,2025-12-26 09:56:00,22,36.64
8422,176,114,2,2025-12-26 09:56:00,24,38.8
18268,246,181,142,2025-12-26 09:58:00,18,31.26
876,353,142,120,2025-12-26 10:00:00,43,68.49
14932,131,56,133,2025-12-26 10:01:00,19,32.3
9008,408,103,130,2025-12-26 10:05:00,45,73.31
13043,455,178,199,2025-12-26 10:06:00,33,53.6
8306,13,180,210,2025-12-26 10:08:00,8,13.41
5002,409,155,223,2025-12-26 10:16:00,52,81.46
16895,368,234,63,2025-12-26 10:17:00,18,31.71
19173,331,57,6,2025-12-26 10:20:00,44,68.74
14129,255,201,111,2025-12-26 10:24:00,41,63.89
12161,467,97,82,2025-12-26 10:27:00,55,85.2
3277,57,49,211,2025-12-26 10:30:00,13,22.8
17939,277,205,60,2025-12-26 10:35:00,20,36.4
5483,466,199,32,2025-12-26 10:40:00,51,79.97
8449,272,160,170,2025-12-26 10:48:00,49,78.96
11722,275,136,158,2025-12-26 10:53:00,25,41.72
64,183,90,89,2025-12-26 11:08:00,47,75.72
13740,65,57,204,2025-12-26 11:13:00,36,54.78
384,340,161,263,2025-12-26 11:13:00,47,77.16
11368,80,102,127,2025-12-26 11:16:00,25,42.18
7468,215,139,16,2025-12-26 11:19:00,55,88.41
17343,127,62,135,2025-12-26 11:20:00,57,88.91
7252,104,74,67,2025-12-26 11:35:00,27,45.24
10489,120,15,206,2025-12-26 11:39:00,25,35.78
16754,385,225,163,2025-12-26 11:50:00,59,90.33
10909,86,73,106,2025-12-26 11:51:00,35,52.88
9416,239,186,176,2025-12-26 11:55:00,59,89.64
11090,195,241,221,2025-12-26 12:01:00,9,19.42
1559,372,216,40,2025-12-26 12:11:00,23,37.84
19137,121,141,228,2025-12-26 12:14:00,57,85.05
9065,314,199,29,2025-12-26 12:21:00,51,79.97
15729,83,128,140,2025-12-26 12:29:00,44,69.19
5396,51,59,19,2025-12-26 12:37:00,26,42.29
5505,216,212,117,2025-12-26 12:50:00,36,54.81
17203,101,156,160,2025-12-26 13:08:00,34,54.44
13667,422,113,131,2025-12-26 13:15:00,36,55.39
2072,259,141,68,2025-12-26 13:17:00,33,50.91
5449,219,55,153,2025-12-26 13:21:00,15,22.49
1802,208,251,9,2025-12-26 13:29:00,5,11.09
19722,299,40,207,2025-12-26 13:30:00,8,15.73
10709,105,241,54,2025-12-26 13:37:00,44,69.01
103,417,252,174,2025-12-26 13:50:00,6,11.68
19858,352,174,32,2025-12-26 13:53:00,41,64.17
4811,420,131,228,2025-12-26 13:57:00,47,74.41
10849,309,88,228,2025-12-26 13:59:00,30,45.43
12321,420,181,127,2025-12-26 13:59:00,32,53.07
1884,433,129,65,2025-12-26 14:03:00,52,83.21
19998,226,125,110,2025-12-26 14:15:00,51,82.73
672,437,18,151,2025-12-26 14:15:00,30,46.57
16168,139,34,224,2025-12-26 14:16:00,32,52.07
5502,108,92,46,2025-12-26 14:19:00,16,26.92
4691,408,64,2,2025-12-26 14:27:00,56,86.48
12500,120,100,104,2025-12-26 14:33:00,52,80.53
6166,101,79,102,2025-12-26 14:48:00,58,92.61
11296,174,214,175,2025-12-26 14:50:00,46,69.69
4877,35,156,243,2025-12-26 14:55:00,36,59.1
16536,179,177,249,2025-12-26 15:04:00,14,23.42
13813,267,101,227,2025-12-26 15:08:00,55,83.8
15356,183,108,211,2025-12-26 15:39:00,32,54.87
13564,188,171,209,2025-12-26 15:50:00,35,52.81
6123,442,71,236,2025-12-26 15:56:00,46,67.76
854,419,34,230,2025-12-26 15:57:00,17,27.11
5415,408,109,239,2025-12-26 16:06:00,38,60.25
5644,287,85,222,2025-12-26 16:09:00,7,11.66
8799,486,125,48,2025-12-26 16:11:00,52,79.6
13273,151,175,127,2025-12-26 16:17:00,26,43.03
11554,301,185,26,2025-12-26 16:22:00,13,23.94
19115,252,172,177,2025-12-26 16:25:00,56,83.74
8226,58,167,194,2025-12-26 16:26:00,20,38.33
10397,65,9,61,2025-12-26 16:29:00,26,41.86
5568,482,227,82,2025-12-26 16:47:00,7,11.29
4474,204,177,160,2025-12-26 16:50:00,15,25.55
10794,380,11,211,2025-12-26 16:53:00,38,57.92
664,299,141,162,2025-12-26 16:54:00,44,70.05
5368,355,36,240,2025-12-26 16:57:00,39,61.48
5578,68,97,96,2025-12-26 17:04:00,30,47.84
12612,97,96,150,2025-12-26 17:11:00,15,27.0
17998,207,256,60,2025-12-26 17:18:00,55,86.33
2623,436,227,250,2025-12-26 17:20:00,33,53.39
11116,22,255,5,2025-12-26 17:26:00,57,90.66
16444,485,34,67,2025-12-26 17:29:00,10,15.8
15504,142,161,62,2025-12-26 17:39:00,11,19.44
8993,409,239,7,2025-12-26 17:40:00,35,56.25
18785,97,54,23,2025-12-26 17:45:00,23,37.24
16806,481,72,65,2025-12-26 17:46:00,35,58.62
13265,403,115,199,2025-12-26 17:47:00,20,32.1
1105,493,220,95,2025-12-26 18:08:00,34,54.12
15742,339,203,62,2025-12-26 18:08:00,5,8.74
18961,67,65,148,2025-12-26 18:10:00,26,42.53
2873,500,1,252,2025-12-26 18:11:00,58,92.71
3899,256,148,65,2025-12-26 18:15:00,19,30.99
10028,166,217,159,2025-12-26 18:23:00,20,32.62
18893,285,12,241,2025-12-26 18:26:00,43,67.61
10211,417,180,30,2025-12-26 18:28:00,34,52.66
18623,274,251,245,2025-12-26 18:30:00,28,45.89
14197,168,7,94,2025-12-26 18:42:00,60,92.77
14596,137,223,9,2025-12-26 18:43:00,44,66.37
9873,379,195,17,2025-12-26 18:49:00,56,90.57
13931,416,194,42,2025-12-26 18:51:00,25,38.8
2973,186,46,120,2025-12-26 18:55:00,29,46.11
899,475,151,208,2025-12-26 19:01:00,13,21.56
15357,289,69,162,2025-12-26 19:19:00,33,47.79
18105,241,51,118,2025-12-26 19:25:00,26,43.98
8851,277,58,121,2025-12-26 19:38:00,20,31.23
1570,110,80,29,2025-12-26 19:50:00,8,13.95
19276,394,4,168,2025-12-26 20:05:00,34,56.01
8948,334,246,115,2025-12-26 20:14:00,55,86.21
6611,328,162,69,2025-12-26 20:24:00,25,37.91
7738,215,181,32,2025-12-26 20:29:00,7,12.95
18364,405,148,125,2025-12-26 20:32:00,46,71.11
16122,119,60,225,2025-12-26 20:34:00,49,78.27
11314,235,217,50,2025-12-26 20:37:00,53,82.61
8521,420,226,18,2025-12-26 20:39:00,43,72.22
17125,40,54,253,2025-12-26 21:32:00,31,48.92
952,124,23,256,2025-12-26 21:39:00,18,29.22
10741,291,108,52,2025-12-26 21:48:00,6,13.72
14262,15,117,162,2025-12-26 21:56:00,54,86.46
8611,185,30,240,2025-12-26 21:57:00,24,39.64
19311,276,264,262,2025-12-26 21:59:00,40,62.89
668,274,38,21,2025-12-26 22:00:00,49,78.44
4956,211,157,166,2025-12-26 22:20:00,11,16.42
14652,166,156,263,2025-12-26 22:31:00,34,50.25
19877,186,154,11,2025-12-26 22:46:00,28,46.52
19778,123,168,195,2025-12-26 22:59:00,18,29.52
13229,219,81,37,2025-12-26 23:01:00,8,16.45
3254,194,189,159,2025-12-26 23:03:00,42,64.7
8733,458,9,188,2025-12-26 23:07:00,26,43.34
14881,82,119,80,2025-12-26 23:09:00,50,81.36
3492,28,109,222,2025-12-26 23:27:00,20,31.42
11419,432,10,192,2025-12-26 23:39:00,59,92.74
8710,55,159,53,2025-12-26 23:46:00,49,77.56
11243,375,240,168,2025-12-27 00:04:00,40,60.74
2257,434,187,186,2025-12-27 00:13:00,20,33.8
9826,114,164,58,2025-12-27 00:13:00,36,60.17
9822,52,260,37,2025-12-27 00:18:00,29,45.5
2500,487,187,211,2025-12-27 00:22:00,12,19.66
5291,212,199,175,2025-12-27 00:30:00,31,50.3
9156,85,143,259,2025-12-27 00:39:00,17,31.11
9302,315,198,221,2025-12-27 00:39:00,32,51.8
5830,200,23,46,2025-12-27 00:41:00,28,44.34
9627,388,252,224,2025-12-27 00:43:00,8,15.31
12450,370,17,127,2025-12-27 01:11:00,20,30.43
6241,21,121,78,2025-12-27 01:15:00,26,43.93
2828,17,136,103,2025-12-27 01:16:00,21,37.16
11561,84,170,200,2025-12-27 01:21:00,26,40.73
11867,455,134,21,2025-12-27 01:55:00,25,41.64
19714,5,213,124,2025-12-27 02:00:00,35,57.86
1687,271,227,44,2025-12-27 02:06:00,8,15.01
1667,6,233,235,2025-12-27 02:06:00,28,43.72
11782,282,81,171,2025-12-27 02:11:00,39,64.68
17455,462,135,153,2025-12-27 02:23:00,55,83.37
808,126,192,28,2025-12-27 02:33:00,5,10.4
13353,120,126,161,2025-12-27 02:49:00,49,78.6
3161,72,158,206,2025-12-27 02:50:00,39,59.97
11382,197,201,21,2025-12-27 02:56:00,44,71.63
5312,464,209,239,2025-12-27 03:00:00,32,51.62
14095,376,207,147,2025-12-27 03:03:00,19,30.67
17420,109,27,126,2025-12-27 03:11:00,15,27.56
8669,468,183,248,2025-12-27 03:12:00,59,87.89
14047,1,34,154,2025-12-27 03:18:00,8,15.59
7534,198,43,231,2025-12-27 03:21:00,58,91.83
7289,127,209,16,2025-12-27 03:22:00,23,39.87
10531,237,44,249,2025-12-27 03:35:00,38,63.02
4879,400,192,86,2025-12-27 03:45:00,26,39.09
3107,392,250,2,2025-12-27 03:46:00,40,64.7
17853,420,171,246,2025-12-27 03:50:00,7,12.85
7033,112,217,15,2025-12-27 04:00:00,34,55.59
180,452,92,13,2025-12-27 04:05:00,7,16.24
16134,366,146,43,2025-12-27 04:19:00,10,16.67
1130,475,12,143,2025-12-27 04:22:00,33,52.36
4398,435,248,161,2025-12-27 04:35:00,37,55.14
2693,318,190,45,2025-12-27 04:43:00,36,57.65
16063,139,200,251,2025-12-27 04:43:00,59,91.15
1535,145,138,220,2025-12-27 04:44:00,56,88.16
18935,435,149,137,2025-12-27 04:45:00,12,21.32
13642,423,238,24,2025-12-27 04:57:00,56,86.12
13282,64,56,189,2025-12-27 04:59:00,35,56.96
12917,107,177,144,2025-12-27 05:09:00,48,75.74
15818,463,45,245,2025-12-27 05:13:00,31,50.66
12604,182,131,176,2025-12-27 05:18:00,12,21.88
8300,101,263,28,2025-12-27 05:25:00,12,18.55
4543,499,215,242,2025-12-27 05:37:00,58,90.72
10407,323,148,27,2025-12-27 05:43:00,24,42.46
2457,348,111,100,2025-12-27 05:46:00,45,68.55
11627,39,14,100,2025-12-27 05:50:00,14,25.71
11277,132,116,86,2025-12-27 06:01:00,58,91.81
15387,114,188,192,2025-12-27 06:05:00,41,63.64
5826,103,157,203,2025-12-27 06:33:00,31,48.09
10887,205,232,190,2025-12-27 06:38:00,23,37.17
5649,65,68,71,2025-12-27 06:39:00,59,87.87
18632,87,3,112,2025-12-27 06:41:00,31,48.71
14658,486,171,65,2025-12-27 06:46:00,24,41.02
4884,188,227,11,2025-12-27 06:52:00,32,51.47
18420,451,52,88,2025-12-27 07:03:00,49,73.79
11615,342,179,84,2025-12-27 07:04:00,28,43.12
6122,36,7,201,2025-12-27 07:08:00,15,23.63
17305,257,108,21,2025-12-27 07:13:00,29,42.05
11673,60,48,82,2025-12-27 07:22:00,8,14.85
7178,136,204,93,2025-12-27 07:26:00,19,30.09
14745,35,117,130,2025-12-27 07:33:00,27,44.49
19839,296,174,106,2025-12-27 07:51:00,58,92.81
13061,481,129,255,2025-12-27 07:56:00,50,76.54
17406,420,139,35,2025-12-27 08:11:00,8,14.65
17387,297,20,141,2025-12-27 08:11:00,18,29.35
17178,83,139,106,2025-12-27 08:14:00,42,68.03
19619,338,45,113,2025-12-27 08:24:00,15,28.88
9511,254,109,104,2025-12-27 08:27:00,26,41.83
7502,343,58,53,2025-12-27 08:29:00,54,86.1
17927,162,103,166,2025-12-27 08:29:00,28,46.73
13665,393,126,92,2025-12-27 08:32:00,9,16.17
12476,83,72,126,2025-12-27 08:50:00,50,79.56
17556,472,9,246,2025-12-27 08:52:00,39,60.7
11879,43,124,109,2025-12-27 08:55:00,26,38.51
334,323,92,69,2025-12-27 09:06:00,34,56.13
9654,476,200,46,2025-12-27 09:07:00,41,63.3
10525,436,18,179,2025-12-27 09:16:00,25,40.2
17492,452,18,149,2025-12-27 09:21:00,39,64.34
1333,226,69,7,2025-12-27 09:23:00,54,86.96
12894,375,251,179,2025-12-27 09:48:00,6,9.71
8805,70,168,14,2025-12-27 09:57:00,39,62.13
4513,166,162,236,2025-12-27 09:59:00,42,66.5
7483,237,46,82,2025-12-27 10:12:00,5,10.58
9952,179,191,176,2025-12-27 10:29:00,44,71.61
17287,137,192,236,2025-12-27 10:39:00,16,29.88
8748,312,158,240,2025-12-27 10:46:00,40,69.1
2473,299,180,69,2025-12-27 10:47:00,44,68.17
12224,209,31,153,2025-12-27 11:00:00,49,77.75
827,220,129,91,2025-12-27 11:03:00,48,77.19
9833,327,49,41,2025-12-27 11:14:00,49,79.45
13321,108,3,87,2025-12-27 11:16:00,31,51.23
5923,156,236,121,2025-12-27 11:18:00,37,55.36
2420,274,186,208,2025-12-27 11:27:00,16,29.81
12802,430,116,155,2025-12-27 11:30:00,41,62.13
4572,50,258,253,2025-12-27 11:34:00,58,89.54
8679,328,193,14,2025-12-27 11:35:00,16,26.08
3969,112,83,134,2025-12-27 11:43:00,9,15.88
2509,173,255,225,2025-12-27 11:43:00,27,42.32
2497,499,140,114,2025-12-27 11:52:00,51,81.31
9897,499,86,108,2025-12-27 11:54:00,60,92.88
3601,383,114,151,2025-12-27 11:58:00,53,83.1
4542,434,4,92,2025-12-27 12:08:00,33,54.27
19654,402,13,79,2025-12-27 12:08:00,50,76.68
4482,498,104,109,2025-12-27 12:16:00,30,50.23
10153,362,3,120,2025-12-27 12:36:00,53,82.45
4860,31,157,178,2025-12-27 12:41:00,32,52.78
7313,206,260,215,2025-12-27 13:05:00,17,27.23
12602,77,101,67,2025-12-27 13:07:00,14,25.39
8708,233,6,115,2025-12-27 13:08:00,22,35.36
18906,381,74,144,2025-12-27 13:10:00,31,49.0
14356,272,86,148,2025-12-27 13:13:00,40,60.84
7274,244,38,222,2025-12-27 13:16:00,59,88.98
14715,64,138,244,2025-12-27 13:21:00,28,44.61
1476,73,187,157,2025-12-27 13:24:00,58,87.23
19984,420,66,230,2025-12-27 13:28:00,48,71.47
5954,65,12,173,2025-12-27 13:35:00,7,14.15
15087,5,70,38,2025-12-27 13:39:00,13,23.03
8582,495,100,79,2025-12-27 13:42:00,34,53.89
910,175,83,40,2025-12-27 13:46:00,10,17.29
18143,66,138,106,2025-12-27 13:52:00,31,49.25
17932,470,59,248,2025-12-27 13:59:00,44,70.28
7627,370,50,95,2025-12-27 14:04:00,35,55.78
16101,212,258,100,2025-12-27 14:06:00,48,75.75
11181,314,113,210,2025-12-27 14:08:00,47,73.36
17960,243,153,75,2025-12-27 14:09:00,17,28.57
15565,256,155,91,2025-12-27 14:10:00,13,19.06
17804,160,131,147,2025-12-27 14:24:00,8,15.75
14288,385,70,248,2025-12-27 14:29:00,25,40.39
1478,15,219,142,2025-12-27 14:39:00,32,48.93
12367,148,151,106,2025-12-27 14:55:00,22,35.25
114,392,228,26,2025-12-27 14:56:00,22,38.91
8829,145,245,132,2025-12-27 15:07:00,7,12.74
19045,224,70,70,2025-12-27 15:17:00,45,69.87
3073,287,114,124,2025-12-27 15:34:00,52,80.35
14076,37,99,88,2025-12-27 15:39:00,27,45.78
9651,345,81,216,2025-12-27 15:41:00,46,72.55
18451,221,5,209,2025-12-27 15:41:00,38,59.13
4267,277,264,229,2025-12-27 15:44:00,13,22.05
17876,101,74,80,2025-12-27 15:45:00,7,14.73
4876,24,10,12,2025-12-27 15:57:00,38,61.45
12804,326,259,16,2025-12-27 15:58:00,47,72.85
16437,286,163,61,2025-12-27 16:06:00,8,14.3
16250,256,207,150,2025-12-27 16:33:00,58,88.43
1227,319,55,210,2025-12-27 16:39:00,30,50.53
11712,453,199,225,2025-12-27 16:46:00,58,87.71
12229,83,134,118,2025-12-27 16:52:00,29,42.82
2706,208,188,261,2025-12-27 16:56:00,48,74.47
1846,241,220,20,2025-12-27 16:56:00,44,69.26
12009,403,82,11,2025-12-27 16:58:00,54,83.97
14862,424,167,193,2025-12-27 17:00:00,54,88.28
16554,428,9,8,2025-12-27 17:06:00,36,60.08
13383,90,60,22,2025-12-27 17:11:00,39,59.38
11938,246,265,245,2025-12-27 17:18:00,19,29.81
12344,336,76,116,2025-12-27 17:24:00,25,40.1
15845,342,198,87,2025-12-27 17:37:00,19,30.94
3998,184,117,137,2025-12-27 17:40:00,34,52.73
8984,489,246,40,2025-12-27 17:47:00,13,25.47
11953,32,8,7,2025-12-27 17:48:00,33,49.42
18582,29,20,261,2025-12-27 17:48:00,18,30.92
18053,197,58,66,2025-12-27 18:02:00,57,85.57
3298,200,72,223,2025-12-27 18:06:00,40,61.32
968,166,67,192,2025-12-27 18:14:00,36,59.75
11960,69,13,8,2025-12-27 18:14:00,13,22.83
2205,493,89,18,2025-12-27 18:43:00,43,67.7
6880,319,175,149,2025-12-27 18:44:00,6,8.92
13685,448,188,218,2025-12-27 18:50:00,9,14.84
6470,241,58,240,2025-12-27 18:54:00,25,38.73
14408,284,117,124,2025-12-27 18:57:00,57,89.04
5456,108,30,64,2025-12-27 18:58:00,13,21.75
11739,61,217,174,2025-12-27 19:07:00,15,25.96
19916,348,126,97,2025-12-27 19:09:00,46,68.97
17078,246,258,192,2025-12-27 19:15:00,23,37.27
11984,303,6,189,2025-12-27 19:42:00,56,84.75
9912,177,156,7,2025-12-27 20:15:00,42,65.14
2968,396,156,27,2025-12-27 20:27:00,14,24.68
3745,80,138,188,2025-12-27 20:28:00,7,15.04
10095,92,125,139,2025-12-27 20:28:00,48,74.93
13007,5,213,258,2025-12-27 20:43:00,11,19.72
15876,461,166,62,2025-12-27 20:50:00,35,56.34
6049,195,95,87,2025-12-27 20:52:00,56,87.47
7100,473,118,57,2025-12-27 21:09:00,40,63.18
12086,335,141,166,2025-12-27 21:19:00,42,66.3
16845,278,58,263,2025-12-27 21:20:00,53,83.39
9783,149,110,192,2025-12-27 21:24:00,27,42.71
2010,466,1,70,2025-12-27 21:32:00,40,59.27
1181,86,261,209,2025-12-27 21:32:00,32,52.56
7836,420,123,32,2025-12-27 21:39:00,29,47.53
17739,484,170,252,2025-12-27 21:45:00,12,0.0
9017,322,27,180,2025-12-27 21:46:00,47,74.45
8692,496,46,228,2025-12-27 21:56:00,15,22.54
14900,154,76,109,2025-12-27 22:01:00,49,76.72
12511,138,16,70,2025-12-27 22:01:00,9,15.82
18807,5,20,221,2025-12-27 22:05:00,6,16.25
8014,127,108,100,2025-12-27 22:12:00,38,63.16
7877,362,5,148,2025-12-27 23:00:00,9,13.56
2916,199,100,182,2025-12-27 23:06:00,43,63.79
18548,201,237,208,2025-12-27 23:07:00,20,35.29
18498,20,236,13,2025-12-27 23:26:00,18,29.46
16446,348,226,63,2025-12-27 23:46:00,56,85.76
10574,166,77,114,2025-12-27 23:48:00,43,69.41
6915,363,204,134,2025-12-27 23:50:00,28,41.11
17606,346,171,115,2025-12-27 23:53:00,32,51.44
11672,94,256,169,2025-12-27 23:54:00,44,69.3
12024,22,94,114,2025-12-27 23:55:00,29,48.8
18484,371,73,61,2025-12-28 00:00:00,37,55.0
5694,67,152,176,2025-12-28 00:01:00,23,37.06
6932,460,121,105,2025-12-28 00:03:00,33,53.07
15672,106,257,118,2025-12-28 00:05:00,21,35.39
8144,12,221,64,2025-12-28 00:32:00,31,52.11
13691,342,150,101,2025-12-28 00:37:00,21,30.49
9843,252,177,246,2025-12-28 00:37:00,35,54.44
1388,227,183,18,2025-12-28 00:42:00,29,46.15
1711,136,162,150,2025-12-28 00:46:00,35,58.67
10032,344,2,74,2025-12-28 00:57:00,39,58.41
2154,101,9,224,2025-12-28 01:02:00,55,85.1
639,263,255,91,2025-12-28 01:05:00,21,29.62
15880,453,142,129,2025-12-28 01:11:00,21,35.64
7979,103,255,167,2025-12-28 01:12:00,10,18.41
3180,358,177,262,2025-12-28 01:17:00,25,40.29
600,7,5,190,2025-12-28 01:27:00,16,27.61
13518,481,161,38,2025-12-28 01:55:00,36,59.07
18795,56,188,3,2025-12-28 02:04:00,57,89.42
5693,412,132,196,2025-12-28 02:14:00,38,61.23
15901,150,107,118,2025-12-28 02:46:00,13,26.69
5827,21,27,245,2025-12-28 02:47:00,55,86.41
19815,121,31,79,2025-12-28 02:56:00,41,68.19
16917,357,208,70,2025-12-28 03:04:00,40,60.47
17423,337,109,106,2025-12-28 03:11:00,12,16.74
17734,15,88,183,2025-12-28 03:12:00,17,29.63
10296,8,228,224,2025-12-28 03:21:00,18,33.95
13626,298,251,207,2025-12-28 03:29:00,6,11.43
18883,102,265,109,2025-12-28 03:38:00,33,53.86
11922,481,173,226,2025-12-28 03:44:00,47,71.56
10801,468,105,111,2025-12-28 03:53:00,31,49.88
4269,276,251,217,2025-12-28 03:54:00,6,11.3
7190,350,30,194,2025-12-28 03:55:00,30,48.79
3348,85,117,234,2025-12-28 04:25:00,48,74.17
5371,357,14,58,2025-12-28 04:28:00,25,40.03
19900,422,52,70,2025-12-28 04:30:00,58,88.26
6724,155,248,66,2025-12-28 04:32:00,36,55.7
8052,315,55,77,2025-12-28 04:48:00,18,29.01
18710,228,151,118,2025-12-28 05:16:00,11,20.43
5544,175,252,117,2025-12-28 05:20:00,32,48.47
942,393,27,6,2025-12-28 05:20:00,24,38.07
13022,304,250,142,2025-12-28 05:27:00,46,73.15
10513,35,41,221,2025-12-28 06:01:00,13,22.72
2220,30,102,179,2025-12-28 06:07:00,42,66.23
7664,348,124,48,2025-12-28 06:17:00,26,43.54
14625,21,183,196,2025-12-28 06:34:00,44,73.52
698,194,12,21,2025-12-28 06:51:00,53,80.9
12860,162,117,233,2025-12-28 06:57:00,17,25.52
19736,151,67,166,2025-12-28 07:05:00,39,60.47
12281,54,158,249,2025-12-28 07:17:00,44,68.95
8588,309,107,93,2025-12-28 07:36:00,59,89.44
2697,157,256,94,2025-12-28 07:37:00,41,62.64
19504,224,253,112,2025-12-28 07:40:00,30,49.03
7855,61,48,230,2025-12-28 07:51:00,27,41.07
983,483,240,17,2025-12-28 07:55:00,10,19.99
689,383,14,200,2025-12-28 08:03:00,19,31.36
7948,23,251,55,2025-12-28 08:13:00,38,58.7
9055,244,232,16,2025-12-28 08:18:00,49,79.78
17481,479,63,254,2025-12-28 08:27:00,37,60.85
13151,80,154,93,2025-12-28 08:38:00,40,58.96
4288,265,149,175,2025-12-28 08:51:00,8,15.8
15808,185,166,47,2025-12-28 08:57:00,43,70.52
10080,112,195,194,2025-12-28 09:03:00,33,51.81
16544,151,243,205,2025-12-28 09:13:00,43,68.04
16328,227,214,238,2025-12-28 09:15:00,41,63.05
957,448,142,252,2025-12-28 09:27:00,48,74.83
15189,343,23,39,2025-12-28 09:28:00,51,82.19
3956,228,45,169,2025-12-28 09:37:00,40,62.47
3355,2,108,8,2025-12-28 09:54:00,30,46.62
11902,226,49,146,2025-12-28 10:00:00,42,61.51
16141,318,8,89,2025-12-28 10:09:00,60,94.87
6944,433,84,177,2025-12-28 10:12:00,13,18.61
2918,136,114,110,2025-12-28 10:13:00,47,71.98
2260,431,252,241,2025-12-28 10:14:00,19,32.0
4048,401,77,32,2025-12-28 10:24:00,17,30.59
2308,366,17,193,2025-12-28 10:27:00,45,68.39
724,63,225,259,2025-12-28 10:29:00,48,73.76
3021,132,232,94,2025-12-28 10:42:00,46,70.88
3440,227,167,128,2025-12-28 10:47:00,6,9.73
2051,337,213,56,2025-12-28 11:05:00,41,66.39
1551,493,80,239,2025-12-28 11:18:00,6,12.91
13275,437,244,81,2025-12-28 11:19:00,42,62.86
5377,239,51,103,2025-12-28 11:25:00,20,32.31
10200,90,9,104,2025-12-28 11:30:00,43,65.4
18575,244,125,135,2025-12-28 11:33:00,42,67.12
3413,407,242,86,2025-12-28 11:33:00,46,69.14
11358,342,242,231,2025-12-28 11:35:00,49,75.28
14876,130,119,229,2025-12-28 11:36:00,50,75.33
8480,468,192,159,2025-12-28 11:49:00,29,46.35
10007,120,154,14,2025-12-28 12:09:00,29,50.22
14642,488,215,219,2025-12-28 12:09:00,46,74.57
11661,187,193,114,2025-12-28 12:14:00,18,28.22
8968,107,234,38,2025-12-28 12:15:00,52,78.08
19685,186,247,224,2025-12-28 12:24:00,54,86.14
13858,28,12,129,2025-12-28 12:27:00,8,18.86
16607,272,223,78,2025-12-28 12:31:00,44,68.35
7917,418,187,13,2025-12-28 12:51:00,24,42.02
17239,430,40,142,2025-12-28 12:52:00,26,41.39
6293,137,73,252,2025-12-28 13:00:00,5,8.49
14921,262,165,12,2025-12-28 13:04:00,8,18.7
14207,418,2,110,2025-12-28 13:13:00,13,20.63
18019,330,25,173,2025-12-28 13:15:00,33,52.86
900,189,67,251,2025-12-28 13:25:00,5,12.42
9629,386,52,18,2025-12-28 13:29:00,8,16.24
9238,220,142,27,2025-12-28 13:33:00,33,55.07
13916,272,230,221,2025-12-28 13:35:00,8,15.69
9906,275,265,130,2025-12-28 13:39:00,44,68.36
2673,433,38,187,2025-12-28 13:41:00,31,52.14
13456,322,7,16,2025-12-28 13:53:00,24,36.01
16880,267,233,223,2025-12-28 14:03:00,53,79.41
18568,153,157,145,2025-12-28 14:07:00,44,71.26
13652,153,109,244,2025-12-28 14:14:00,46,75.8
7335,15,190,197,2025-12-28 14:25:00,47,73.06
12879,428,205,175,2025-12-28 14:35:00,53,83.73
17073,65,13,8,2025-12-28 14:38:00,51,77.84
2970,414,69,190,2025-12-28 14:41:00,42,67.47
5104,154,75,6,2025-12-28 14:43:00,36,54.38
12284,386,235,255,2025-12-28 15:03:00,46,70.73
8051,23,249,62,2025-12-28 15:22:00,34,53.57
10944,422,27,223,2025-12-28 15:24:00,45,67.72
15219,465,122,6,2025-12-28 15:29:00,25,39.77
12107,41,22,88,2025-12-28 15:29:00,10,19.47
7394,466,27,64,2025-12-28 15:30:00,57,89.67
11442,45,4,106,2025-12-28 15:37:00,33,57.02
17292,450,195,15,2025-12-28 15:44:00,53,85.61
4785,391,14,242,2025-12-28 16:12:00,51,77.11
4767,221,84,79,2025-12-28 16:18:00,42,66.76
8360,384,160,228,2025-12-28 16:26:00,51,79.93
11016,26,10,35,2025-12-28 16:30:00,18,32.21
13437,153,154,50,2025-12-28 16:35:00,18,28.87
11493,2,127,216,2025-12-28 16:50:00,25,41.39
11505,181,89,119,2025-12-28 17:11:00,41,64.41
10253,238,221,33,2025-12-28 17:20:00,31,49.46
18947,253,159,243,2025-12-28 17:46:00,31,48.68
5323,95,260,251,2025-12-28 17:56:00,15,25.01
5680,31,71,153,2025-12-28 18:19:00,17,28.77
11645,157,241,224,2025-12-28 18:40:00,54,85.67
6972,183,82,222,2025-12-28 18:45:00,60,93.58
13263,105,70,118,2025-12-28 18:51:00,20,32.06
744,380,30,157,2025-12-28 18:51:00,41,62.52
10067,119,112,119,2025-12-28 19:01:00,34,54.13
5785,403,245,191,2025-12-28 19:03:00,36,59.12
1152,116,90,90,2025-12-28 19:04:00,52,83.31
14039,479,172,48,2025-12-28 19:08:00,25,39.6
13445,58,124,163,2025-12-28 19:12:00,17,29.16
249,48,174,202,2025-12-28 19:15:00,40,60.95
8361,148,112,78,2025-12-28 19:17:00,33,51.44
6505,55,172,23,2025-12-28 19:20:00,8,14.61
17595,232,228,252,2025-12-28 19:36:00,31,50.72
12287,109,263,170,2025-12-28 19:46:00,49,76.83
15002,393,257,138,2025-12-28 19:58:00,44,67.91
6482,247,137,150,2025-12-28 20:00:00,57,87.43
4619,181,51,73,2025-12-28 20:03:00,7,11.65
5196,464,108,40,2025-12-28 20:14:00,43,67.58
1612,170,24,249,2025-12-28 20:23:00,30,47.01
9872,365,118,264,2025-12-28 20:29:00,25,40.76
15710,70,99,63,2025-12-28 20:54:00,19,28.33
7729,296,206,176,2025-12-28 20:59:00,59,89.2
2179,179,4,46,2025-12-28 21:04:00,52,83.33
6474,12,22,203,2025-12-28 21:12:00,15,29.01
2561,27,251,78,2025-12-28 21:21:00,48,75.34
17485,113,92,38,2025-12-28 21:37:00,23,35.99
4212,425,122,30,2025-12-28 21:44:00,36,59.78
14002,334,119,70,2025-12-28 21:45:00,56,89.97
5900,321,180,184,2025-12-28 21:45:00,39,62.07
3520,155,138,173,2025-12-28 21:51:00,18,29.79
16244,199,93,131,2025-12-28 22:01:00,32,51.37
2714,185,146,231,2025-12-28 22:03:00,45,71.63
18073,122,219,248,2025-12-28 22:08:00,12,21.12
12672,256,265,75,2025-12-28 22:18:00,19,30.72
18172,351,154,88,2025-12-28 22:21:00,50,73.62
14103,422,122,253,2025-12-28 22:29:00,54,84.76
13504,187,54,79,2025-12-28 22:37:00,8,17.37
464,242,257,112,2025-12-28 22:40:00,10,18.41
11842,11,162,134,2025-12-28 22:43:00,37,60.8
17200,412,246,46,2025-12-28 22:51:00,40,65.11
2089,76,148,163,2025-12-28 23:01:00,19,35.18
19407,236,205,30,2025-12-28 23:02:00,36,58.91
1285,388,146,123,2025-12-28 23:08:00,21,35.51
19188,348,7,10,2025-12-28 23:14:00,36,57.25
7760,380,240,258,2025-12-28 23:27:00,21,34.78
5706,349,27,43,2025-12-28 23:28:00,18,26.91
12614,308,19,39,2025-12-29 00:01:00,37,60.27
18324,180,51,68,2025-12-29 00:05:00,12,15.92
9235,482,22,213,2025-12-29 00:06:00,26,39.18
6512,153,40,154,2025-12-29 00:10:00,21,36.66
4219,347,182,194,2025-12-29 00:10:00,30,48.57
18479,201,26,232,2025-12-29 00:21:00,43,67.51
6277,65,140,240,2025-12-29 00:28:00,44,74.37
582,405,84,135,2025-12-29 00:33:00,29,44.85
15259,275,97,25,2025-12-29 00:35:00,10,16.78
13497,190,44,234,2025-12-29 00:35:00,16,29.42
16279,344,237,220,2025-12-29 00:38:00,16,29.37
6006,385,186,154,2025-12-29 00:41:00,24,37.78
11608,399,243,239,2025-12-29 00:44:00,5,9.36
6514,96,59,196,2025-12-29 00:50:00,40,65.07
14664,291,154,25,2025-12-29 00:57:00,14,24.83
9207,156,67,201,2025-12-29 01:00:00,35,56.91
1304,195,59,252,2025-12-29 01:00:00,54,86.28
6843,55,79,253,2025-12-29 01:07:00,27,43.15
17478,210,101,170,2025-12-29 01:17:00,52,78.62
2016,147,60,141,2025-12-29 01:22:00,59,93.38
12106,341,43,203,2025-12-29 01:25:00,38,64.37
14911,195,257,226,2025-12-29 01:25:00,51,77.93
9509,458,228,94,2025-12-29 01:26:00,54,82.97
18746,127,26,45,2025-12-29 01:29:00,13,21.98
16671,120,99,118,2025-12-29 01:31:00,6,10.29
19527,166,213,192,2025-12-29 01:32:00,34,54.77
6417,476,147,103,2025-12-29 01:36:00,29,46.82
6875,27,232,95,2025-12-29 01:39:00,53,81.68
13463,34,255,70,2025-12-29 01:49:00,16,22.92
2848,317,18,123,2025-12-29 01:52:00,29,49.46
4355,250,170,150,2025-12-29 01:53:00,47,70.09
201,318,82,78,2025-12-29 01:53:00,9,17.95
7291,157,65,138,2025-12-29 02:15:00,56,83.74
3816,463,40,106,2025-12-29 02:16:00,40,62.33
6840,486,166,214,2025-12-29 02:29:00,50,79.34
4913,196,226,230,2025-12-29 02:32:00,13,25.71
4831,53,243,141,2025-12-29 02:33:00,31,49.12
1121,315,218,148,2025-12-29 02:47:00,58,90.95
9683,86,73,39,2025-12-29 02:52:00,36,53.66
2095,499,185,171,2025-12-29 02:53:00,13,23.06
5277,3,17,229,2025-12-29 02:53:00,38,58.68
18395,500,51,125,2025-12-29 02:55:00,45,71.74
15854,256,59,211,2025-12-29 03:10:00,40,63.34
8354,7,64,87,2025-12-29 03:14:00,19,31.74
4413,288,121,26,2025-12-29 03:20:00,30,47.4
9482,111,82,164,2025-12-29 03:31:00,59,92.03
15517,229,12,30,2025-12-29 03:32:00,60,91.1
11160,70,230,138,2025-12-29 03:39:00,9,18.43
302,182,161,16,2025-12-29 03:40:00,24,38.22
14552,202,231,126,2025-12-29 03:58:00,42,66.92
4144,159,264,201,2025-12-29 03:58:00,23,39.37
430,387,205,69,2025-12-29 04:01:00,5,13.05
12256,280,25,30,2025-12-29 04:09:00,8,16.74
17164,365,169,190,2025-12-29 04:13:00,13,23.69
19354,223,265,245,2025-12-29 04:16:00,46,70.87
19571,398,213,50,2025-12-29 04:20:00,23,33.33
14583,500,203,219,2025-12-29 04:20:00,10,15.49
2648,174,46,149,2025-12-29 04:41:00,10,19.89
5134,263,65,14,2025-12-29 04:42:00,57,87.66
19149,46,186,141,2025-12-29 04:51:00,39,63.79
17948,323,34,90,2025-12-29 04:52:00,41,66.3
16166,450,246,130,2025-12-29 05:10:00,58,89.5
13163,450,210,120,2025-12-29 05:15:00,7,16.05
10121,484,95,264,2025-12-29 05:32:00,14,24.48
814,141,180,263,2025-12-29 05:33:00,24,37.31
14541,219,184,190,2025-12-29 05:35:00,13,23.41
79,62,14,243,2025-12-29 05:39:00,31,50.62
4277,313,222,63,2025-12-29 05:40:00,41,60.04
15693,175,217,97,2025-12-29 05:42:00,30,47.64
13673,484,138,165,2025-12-29 05:43:00,22,33.05
225,214,231,87,2025-12-29 06:07:00,54,81.53
5551,57,228,233,2025-12-29 06:18:00,26,42.12
10431,19,257,240,2025-12-29 06:33:00,48,73.5
12426,129,93,239,2025-12-29 06:49:00,8,18.66
17539,66,214,6,2025-12-29 07:11:00,35,55.65
10269,222,50,152,2025-12-29 07:22:00,42,62.81
19836,238,34,215,2025-12-29 07:34:00,11,17.83
10246,296,94,121,2025-12-29 07:43:00,39,61.46
9964,157,23,99,2025-12-29 07:51:00,23,35.14
12158,464,178,114,2025-12-29 07:57:00,23,37.23
17089,65,167,92,2025-12-29 08:01:00,53,84.75
3019,247,4,258,2025-12-29 08:08:00,34,53.16
5063,307,59,26,2025-12-29 08:08:00,49,77.02
626,200,23,74,2025-12-29 08:16:00,40,63.06
13887,307,251,67,2025-12-29 08:30:00,23,38.48
13091,404,67,249,2025-12-29 08:38:00,15,27.66
5275,323,94,81,2025-12-29 08:39:00,30,48.7
358,458,29,249,2025-12-29 08:46:00,60,91.72
877,221,125,186,2025-12-29 08:49:00,13,24.1
7761,125,140,135,2025-12-29 08:50:00,44,67.22
18958,94,46,265,2025-12-29 08:51:00,27,46.22
10382,342,252,145,2025-12-29 08:53:00,41,67.7
18983,359,106,49,2025-12-29 09:00:00,39,63.87
7093,342,24,231,2025-12-29 09:06:00,46,69.55
10631,343,224,97,2025-12-29 09:07:00,31,51.47
7951,285,103,232,2025-12-29 09:10:00,59,88.87
7081,202,62,216,2025-12-29 09:11:00,32,51.75
3542,166,62,80,2025-12-29 09:12:00,59,91.86
13317,88,97,234,2025-12-29 09:13:00,18,31.93
13038,182,43,56,2025-12-29 09:14:00,38,60.67
12996,433,142,101,2025-12-29 09:15:00,37,58.11
8146,398,212,150,2025-12-29 09:16:00,16,26.64
17642,490,107,12,2025-12-29 09:28:00,12,22.43
419,310,260,224,2025-12-29 09:31:00,53,83.23
7380,143,205,236,2025-12-29 09:36:00,49,74.39
6214,64,34,80,2025-12-29 09:48:00,35,53.61
758,363,264,170,2025-12-29 10:01:00,13,25.32
10935,162,259,77,2025-12-29 10:02:00,55,84.45
1860,103,253,200,2025-12-29 10:09:00,48,75.57
11646,6,98,43,2025-12-29 10:10:00,12,19.71
12863,211,176,143,2025-12-29 10:12:00,19,28.45
3738,467,73,50,2025-12-29 10:13:00,12,17.25
11613,377,201,254,2025-12-29 10:14:00,21,36.94
4149,438,218,87,2025-12-29 10:19:00,10,16.63
18601,158,240,255,2025-12-29 10:26:00,52,79.66
15893,460,70,230,2025-12-29 10:46:00,42,66.37
19625,209,89,164,2025-12-29 10:49:00,23,35.38
7646,444,108,159,2025-12-29 10:54:00,14,22.01
4003,134,125,101,2025-12-29 11:02:00,36,58.71
2523,226,226,6,2025-12-29 11:06:00,35,56.24
5097,355,132,100,2025-12-29 11:17:00,54,86.14
1801,180,207,3,2025-12-29 11:18:00,51,81.51
18538,384,31,130,2025-12-29 11:43:00,46,71.71
9374,283,256,94,2025-12-29 11:45:00,27,45.36
1462,396,122,136,2025-12-29 11:46:00,12,22.65
18729,60,113,146,2025-12-29 12:03:00,24,36.39
3677,470,44,213,2025-12-29 12:09:00,53,82.78
8389,257,120,253,2025-12-29 12:11:00,30,47.34
18306,208,247,123,2025-12-29 12:30:00,58,91.01
15329,48,29,101,2025-12-29 12:35:00,23,37.13
2908,372,30,53,2025-12-29 12:39:00,12,23.04
17548,242,60,9,2025-12-29 12:44:00,49,76.22
756,180,257,167,2025-12-29 12:44:00,6,13.28
10325,54,99,17,2025-12-29 12:55:00,9,14.04
4687,234,147,21,2025-12-29 12:57:00,31,50.45
5635,398,177,201,2025-12-29 13:10:00,38,60.33
15420,439,73,216,2025-12-29 13:11:00,57,87.92
9943,452,163,148,2025-12-29 13:18:00,52,81.34
15701,153,167,105,2025-12-29 13:27:00,15,22.0
15745,94,183,158,2025-12-29 13:32:00,24,40.22
13939,176,152,232,2025-12-29 13:32:00,19,31.29
15383,470,24,208,2025-12-29 13:35:00,50,79.47
10221,324,161,214,2025-12-29 13:40:00,41,64.94
19827,455,255,216,2025-12-29 13:46:00,15,24.43
6835,133,38,211,2025-12-29 13:49:00,7,11.21
17290,329,164,104,2025-12-29 14:02:00,34,52.02
12749,172,170,55,2025-12-29 14:02:00,53,82.86
10917,295,193,90,2025-12-29 14:07:00,6,9.76
17736,262,218,89,2025-12-29 14:07:00,20,33.46
18927,249,200,2,2025-12-29 14:12:00,22,38.39
7518,216,126,47,2025-12-29 14:19:00,52,83.03
18312,187,24,207,2025-12-29 14:24:00,60,92.25
7,41,228,68,2025-12-29 14:29:00,42,63.83
17624,15,170,93,2025-12-29 14:45:00,47,75.24
1709,82,125,263,2025-12-29 14:46:00,26,41.17
17796,247,20,125,2025-12-29 14:47:00,36,58.36
1823,335,263,132,2025-12-29 15:04:00,47,71.94
790,217,236,57,2025-12-29 15:14:00,17,30.4
13192,456,182,96,2025-12-29 15:21:00,37,57.83
516,249,151,176,2025-12-29 15:26:00,10,17.22
13008,240,104,104,2025-12-29 15:45:00,54,81.95
1417,70,237,250,2025-12-29 15:54:00,40,61.1
6047,51,100,68,2025-12-29 16:23:00,22,37.22
18106,134,134,22,2025-12-29 16:24:00,53,78.36
12540,369,230,74,2025-12-29 16:24:00,46,72.01
4310,190,155,142,2025-12-29 16:35:00,19,35.0
19604,49,264,260,2025-12-29 16:38:00,43,69.61
5231,169,249,39,2025-12-29 16:39:00,11,21.2
18329,226,257,1,2025-12-29 16:42:00,13,18.52
19528,478,68,67,2025-12-29 16:43:00,35,58.18
17912,151,221,210,2025-12-29 16:46:00,50,79.31
13688,388,19,265,2025-12-29 16:48:00,5,10.56
13052,308,90,121,2025-12-29 16:52:00,47,77.68
2484,243,177,230,2025-12-29 16:56:00,55,86.92
8253,490,65,198,2025-12-29 17:14:00,30,46.09
7010,320,262,13,2025-12-29 17:19:00,27,44.93
7499,495,188,127,2025-12-29 17:24:00,45,69.14
2502,417,144,22,2025-12-29 17:26:00,53,81.9
8784,295,117,21,2025-12-29 17:28:00,47,70.78
17473,138,115,92,2025-12-29 17:38:00,6,9.33
9980,295,74,144,2025-12-29 17:39:00,43,63.84
320,230,223,81,2025-12-29 17:40:00,5,8.26
16810,454,212,76,2025-12-29 17:46:00,35,56.62
10690,281,264,199,2025-12-29 17:57:00,24,40.59
7379,432,211,41,2025-12-29 17:59:00,22,40.86
16723,441,265,14,2025-12-29 18:12:00,25,42.91
7194,208,204,177,2025-12-29 18:13:00,44,67.88
12268,37,73,216,2025-12-29 18:19:00,33,50.62
4049,194,198,67,2025-12-29 18:28:00,53,82.09
5143,316,192,210,2025-12-29 18:29:00,55,84.96
6965,244,217,108,2025-12-29 18:40:00,29,45.79
1979,201,58,114,2025-12-29 18:41:00,50,81.08
10960,461,170,254,2025-12-29 18:55:00,31,48.59
15274,239,257,72,2025-12-29 18:56:00,36,58.34
3439,116,244,101,2025-12-29 19:04:00,14,24.77
400,16,147,177,2025-12-29 19:07:00,59,89.72
12915,7,160,257,2025-12-29 19:07:00,12,17.15
156,483,69,2,2025-12-29 19:09:00,11,17.72
2146,209,152,170,2025-12-29 19:17:00,58,90.31
5802,194,8,35,2025-12-29 19:20:00,13,21.11
12526,130,180,215,2025-12-29 19:34:00,9,16.4
7471,481,117,20,2025-12-29 19:34:00,57,86.14
3903,451,3,155,2025-12-29 19:37:00,55,84.97
8883,68,138,179,2025-12-29 19:41:00,18,30.99
12610,28,153,105,2025-12-29 19:46:00,37,58.99
14160,300,224,259,2025-12-29 19:56:00,33,50.77
1070,118,93,36,2025-12-29 20:02:00,56,84.3
13695,298,90,69,2025-12-29 20:03:00,24,41.79
10583,8,226,242,2025-12-29 20:05:00,26,38.06
16044,61,168,17,2025-12-29 20:09:00,10,18.88
3421,491,68,157,2025-12-29 20:11:00,19,31.97
8340,493,216,105,2025-12-29 20:12:00,43,68.8
4237,23,37,78,2025-12-29 20:13:00,15,22.5
1091,218,228,38,2025-12-29 20:21:00,18,28.11
4803,18,133,95,2025-12-29 20:23:00,28,42.7
7807,157,92,263,2025-12-29 20:32:00,40,64.7
5714,169,257,77,2025-12-29 20:32:00,48,76.92
18989,67,15,204,2025-12-29 20:37:00,32,51.47
5685,142,136,235,2025-12-29 20:45:00,43,70.09
1992,128,255,46,2025-12-29 20:45:00,11,18.17
7391,404,247,37,2025-12-29 21:07:00,33,51.07
19432,360,98,158,2025-12-29 21:07:00,15,21.16
5193,193,32,202,2025-12-29 21:09:00,26,38.72
19273,306,116,202,2025-12-29 21:13:00,44,70.56
6673,368,248,237,2025-12-29 21:17:00,11,20.77
12595,287,258,220,2025-12-29 21:33:00,37,63.52
9217,248,69,234,2025-12-29 21:37:00,56,87.34
18470,466,175,196,2025-12-29 21:37:00,49,78.96
11085,318,226,170,2025-12-29 21:46:00,37,56.19
5060,370,99,247,2025-12-29 21:56:00,33,52.07
6812,419,247,258,2025-12-29 21:57:00,51,78.87
9377,289,119,47,2025-12-29 22:00:00,45,68.57
12454,302,173,80,2025-12-29 22:21:00,49,73.89
18460,495,200,265,2025-12-29 22:49:00,29,45.04
1634,128,84,241,2025-12-29 22:59:00,33,53.58
1277,303,201,110,2025-12-29 23:00:00,54,85.02
12774,104,134,179,2025-12-29 23:02:00,49,77.48
14602,237,58,29,2025-12-29 23:07:00,50,76.01
17258,215,24,6,2025-12-29 23:10:00,29,46.95
11025,462,132,224,2025-12-29 23:21:00,8,14.18
9893,362,61,228,2025-12-29 23:30:00,43,65.66
1971,495,17,219,2025-12-29 23:31:00,29,47.21
4711,76,188,64,2025-12-29 23:36:00,40,65.22
12241,494,186,158,2025-12-29 23:41:00,7,12.61
15734,497,255,251,2025-12-30 00:01:00,27,45.22
3941,274,152,63,2025-12-30 00:20:00,43,66.43
16972,21,109,122,2025-12-30 00:26:00,37,56.16
7337,294,100,199,2025-12-30 00:29:00,22,36.59
8716,372,35,200,2025-12-30 00:33:00,35,60.64
19365,197,102,180,2025-12-30 00:38:00,43,70.59
12330,439,203,216,2025-12-30 00:38:00,26,39.49
15987,17,67,114,2025-12-30 00:48:00,27,44.13
6418,105,55,133,2025-12-30 00:49:00,44,68.11
9820,207,69,126,2025-12-30 00:51:00,13,18.34
571,399,163,251,2025-12-30 00:57:00,8,17.71
18757,260,141,91,2025-12-30 00:59:00,39,57.25
13331,192,189,146,2025-12-30 01:04:00,10,18.65
19723,482,210,239,2025-12-30 01:14:00,57,88.16
5848,142,230,240,2025-12-30 01:15:00,23,37.94
2050,94,147,228,2025-12-30 01:20:00,51,78.28
14460,64,177,224,2025-12-30 01:23:00,49,77.13
5679,359,86,185,2025-12-30 01:26:00,20,35.78
10066,182,74,99,2025-12-30 01:31:00,17,27.33
5761,390,38,46,2025-12-30 01:35:00,55,91.64
8589,337,200,128,2025-12-30 01:49:00,46,71.73
16332,63,42,224,2025-12-30 01:59:00,14,25.98
9784,89,91,71,2025-12-30 02:09:00,7,13.92
5987,435,156,13,2025-12-30 02:13:00,58,88.98
7576,348,49,178,2025-12-30 02:15:00,57,87.03
10458,263,5,151,2025-12-30 02:29:00,54,85.02
1676,132,84,265,2025-12-30 02:35:00,32,50.71
8707,280,240,21,2025-12-30 02:36:00,10,19.49
9141,313,230,244,2025-12-30 02:37:00,21,37.64
10126,97,162,164,2025-12-30 02:41:00,54,82.76
11475,362,202,58,2025-12-30 02:44:00,45,70.86
13907,275,41,96,2025-12-30 02:49:00,55,84.6
16777,409,34,85,2025-12-30 02:57:00,27,40.18
17676,90,164,113,2025-12-30 03:09:00,35,59.7
4703,336,220,215,2025-12-30 03:20:00,14,25.02
18585,464,119,114,2025-12-30 03:24:00,49,75.27
15971,226,191,181,2025-12-30 03:30:00,5,10.86
13881,158,58,188,2025-12-30 03:36:00,39,62.49
2745,351,240,6,2025-12-30 03:37:00,45,70.71
13230,273,160,202,2025-12-30 03:38:00,30,42.47
13140,129,46,263,2025-12-30 03:44:00,27,45.35
19076,397,138,163,2025-12-30 03:47:00,52,79.47
8307,252,110,208,2025-12-30 03:52:00,57,86.62
7883,483,114,67,2025-12-30 03:53:00,31,49.71
2913,204,31,79,2025-12-30 03:57:00,60,95.37
2083,63,233,192,2025-12-30 04:01:00,13,21.74
7025,324,94,215,2025-12-30 04:02:00,46,73.33
9160,452,36,234,2025-12-30 04:04:00,22,34.95
10087,475,147,144,2025-12-30 04:05:00,58,89.77
3597,209,258,4,2025-12-30 04:17:00,13,23.6
4005,165,54,105,2025-12-30 04:20:00,23,40.01
319,160,60,56,2025-12-30 04:31:00,48,70.45
12133,213,105,88,2025-12-30 04:36:00,59,91.42
14628,32,83,94,2025-12-30 04:45:00,50,76.55
471,49,256,97,2025-12-30 04:53:00,47,72.28
17212,474,234,22,2025-12-30 04:55:00,40,62.31
5339,85,50,134,2025-12-30 05:05:00,23,38.62
4296,436,238,207,2025-12-30 05:08:00,24,39.62
8219,423,264,128,2025-12-30 05:15:00,30,50.03
985,93,219,243,2025-12-30 05:24:00,33,55.35
2545,84,157,117,2025-12-30 05:29:00,26,45.52
2102,410,218,240,2025-12-30 05:42:00,17,25.07
11890,78,257,62,2025-12-30 05:48:00,40,63.44
9341,479,140,37,2025-12-30 05:51:00,28,38.9
19555,95,212,101,2025-12-30 06:03:00,54,85.06
2357,422,86,40,2025-12-30 06:21:00,49,78.45
23,448,253,224,2025-12-30 06:38:00,58,87.38
6176,157,67,61,2025-12-30 06:43:00,60,91.74
5791,451,231,208,2025-12-30 06:49:00,38,57.35
60,378,84,53,2025-12-30 06:51:00,17,23.03
3105,331,96,108,2025-12-30 07:11:00,49,76.18
7985,261,35,227,2025-12-30 07:13:00,25,41.64
16348,423,134,30,2025-12-30 07:18:00,46,70.19
17562,57,24,173,2025-12-30 07:19:00,13,24.45
9263,153,9,14,2025-12-30 07:24:00,15,26.31
13989,385,223,55,2025-12-30 07:26:00,52,79.97
3228,265,69,14,2025-12-30 07:32:00,22,37.21
8303,158,65,236,2025-12-30 07:43:00,58,92.11
9719,153,38,147,2025-12-30 07:48:00,51,79.04
2370,320,167,245,2025-12-30 08:10:00,43,67.94
6286,164,180,48,2025-12-30 08:24:00,8,12.76
5608,208,145,148,2025-12-30 08:26:00,22,35.88
9499,256,143,68,2025-12-30 08:26:00,24,35.9
5085,480,184,18,2025-12-30 08:34:00,52,82.2
16710,204,218,97,2025-12-30 08:38:00,6,12.27
1908,285,43,153,2025-12-30 08:42:00,42,68.23
2622,7,99,56,2025-12-30 08:50:00,9,18.17
1504,83,238,77,2025-12-30 08:51:00,19,32.93
8567,265,239,126,2025-12-30 08:55:00,28,45.88
18531,303,48,246,2025-12-30 08:56:00,10,17.86
72,398,50,170,2025-12-30 08:58:00,12,21.7
14209,316,46,187,2025-12-30 09:04:00,29,44.34
9016,75,26,42,2025-12-30 09:05:00,25,41.31
10261,474,107,108,2025-12-30 09:06:00,57,86.62
4270,224,38,226,2025-12-30 09:14:00,33,52.22
4887,494,127,26,2025-12-30 09:15:00,16,27.87
19398,129,222,177,2025-12-30 09:21:00,16,29.48
17683,384,145,108,2025-12-30 09:24:00,50,76.94
9433,456,105,9,2025-12-30 09:28:00,51,77.55
5891,399,82,48,2025-12-30 09:36:00,48,74.53
480,149,113,130,2025-12-30 09:36:00,11,16.78
16344,464,165,4,2025-12-30 09:42:00,27,37.3
10691,160,36,49,2025-12-30 09:44:00,38,60.02
18413,41,265,114,2025-12-30 09:47:00,45,74.63
9922,54,63,50,2025-12-30 09:48:00,56,85.42
11074,308,188,216,2025-12-30 09:53:00,60,90.65
5917,108,53,192,2025-12-30 09:53:00,46,72.1
273,409,89,73,2025-12-30 10:00:00,10,19.52
15622,490,217,122,2025-12-30 10:08:00,59,95.23
6549,113,49,230,2025-12-30 10:20:00,12,17.9
859,87,109,161,2025-12-30 10:21:00,35,51.91
12559,172,7,56,2025-12-30 10:22:00,14,24.68
17540,429,242,16,2025-12-30 10:45:00,56,87.18
7022,33,111,262,2025-12-30 10:49:00,50,78.01
19505,117,80,109,2025-12-30 10:49:00,6,8.94
10156,30,216,170,2025-12-30 10:55:00,19,31.16
4555,227,127,187,2025-12-30 10:57:00,29,47.79
8025,269,129,90,2025-12-30 10:58:00,58,89.35
4563,19,145,75,2025-12-30 11:01:00,51,79.66
7429,288,177,214,2025-12-30 11:04:00,40,64.34
10286,444,101,223,2025-12-30 11:10:00,36,60.34
7673,434,49,225,2025-12-30 11:16:00,49,73.55
4585,375,88,238,2025-12-30 11:17:00,47,75.15
6094,483,254,192,2025-12-30 11:19:00,10,18.69
4308,289,219,172,2025-12-30 11:20:00,36,58.5
9200,147,109,114,2025-12-30 11:23:00,44,72.07
2632,490,121,84,2025-12-30 11:23:00,31,49.0
15053,83,53,65,2025-12-30 11:27:00,9,17.63
18695,120,164,248,2025-12-30 11:27:00,29,44.24
36,167,221,233,2025-12-30 11:31:00,37,58.56
7162,82,168,75,2025-12-30 11:35:00,30,47.58
11473,412,209,166,2025-12-30 11:55:00,37,53.89
14547,475,112,171,2025-12-30 11:56:00,49,77.19
1666,465,3,78,2025-12-30 12:03:00,25,40.51
2585,417,262,88,2025-12-30 12:03:00,56,88.38
7706,435,156,126,2025-12-30 12:04:00,48,79.66
12362,225,147,248,2025-12-30 12:14:00,25,40.0
1453,383,231,67,2025-12-30 12:20:00,47,71.94
8670,305,261,153,2025-12-30 12:20:00,46,73.31
1005,195,8,187,2025-12-30 12:21:00,25,39.98
10054,159,60,74,2025-12-30 12:34:00,34,52.43
1086,104,264,99,2025-12-30 12:36:00,19,33.49
3892,313,204,49,2025-12-30 12:38:00,6,11.82
8487,140,190,114,2025-12-30 12:45:00,23,37.83
16623,475,11,78,2025-12-30 12:46:00,34,53.99
3297,196,36,218,2025-12-30 12:54:00,32,52.19
12,356,64,156,2025-12-30 13:01:00,10,19.4
4346,86,25,29,2025-12-30 13:07:00,56,85.94
13701,117,117,162,2025-12-30 13:12:00,8,17.25
10926,453,16,53,2025-12-30 13:22:00,35,54.84
16743,375,254,19,2025-12-30 13:30:00,32,47.42
511,181,246,152,2025-12-30 13:33:00,7,13.76
5162,427,178,190,2025-12-30 13:35:00,20,30.29
9407,467,61,7,2025-12-30 13:37:00,40,67.49
9394,430,118,202,2025-12-30 13:40:00,27,42.91
7887,110,23,133,2025-12-30 13:42:00,53,80.89
6359,361,181,59,2025-12-30 13:43:00,23,35.67
7242,52,116,176,2025-12-30 13:43:00,56,84.45
19134,85,265,103,2025-12-30 13:47:00,10,18.76
4731,470,165,135,2025-12-30 13:49:00,60,89.84
19783,259,148,112,2025-12-30 13:53:00,54,86.93
19851,304,29,107,2025-12-30 14:07:00,47,71.76
13048,194,36,247,2025-12-30 14:09:00,39,63.53
14548,290,138,15,2025-12-30 14:25:00,46,73.32
18211,70,76,141,2025-12-30 14:47:00,46,71.94
9588,431,33,154,2025-12-30 14:53:00,35,51.61
1241,486,18,222,2025-12-30 14:54:00,19,34.38
11068,429,39,146,2025-12-30 15:07:00,32,51.32
4252,96,111,144,2025-12-30 15:08:00,16,24.55
7044,409,198,67,2025-12-30 15:11:00,24,34.5
14400,15,52,154,2025-12-30 15:30:00,22,37.02
1482,83,27,38,2025-12-30 15:37:00,60,93.37
13988,290,199,227,2025-12-30 15:39:00,8,14.62
10234,210,258,195,2025-12-30 15:40:00,59,91.83
17327,167,214,152,2025-12-30 15:42:00,47,75.94
16602,320,134,106,2025-12-30 15:44:00,38,59.43
11742,166,50,131,2025-12-30 15:48:00,48,80.13
7423,292,99,6,2025-12-30 15:55:00,32,48.32
145,290,106,32,2025-12-30 16:04:00,47,74.36
4128,9,27,227,2025-12-30 16:13:00,55,86.38
5728,309,90,37,2025-12-30 16:16:00,48,75.24
9901,353,132,180,2025-12-30 16:18:00,52,80.3
8278,132,56,248,2025-12-30 16:19:00,13,23.6
5181,395,185,214,2025-12-30 16:19:00,54,80.57
17531,59,100,80,2025-12-30 16:22:00,42,66.67
8242,38,18,213,2025-12-30 16:24:00,36,60.6
7737,491,15,224,2025-12-30 16:37:00,49,76.53
5414,100,262,72,2025-12-30 16:51:00,15,24.43
15633,46,112,61,2025-12-30 17:01:00,28,42.93
17607,101,197,118,2025-12-30 17:04:00,29,45.83
2355,434,195,133,2025-12-30 17:21:00,33,55.12
11379,302,243,234,2025-12-30 17:27:00,36,60.15
18362,414,175,185,2025-12-30 17:30:00,43,70.52
3375,91,19,103,2025-12-30 17:33:00,15,28.44
4781,488,203,259,2025-12-30 17:38:00,46,75.84
19085,133,167,17,2025-12-30 17:43:00,49,76.08
15981,66,103,72,2025-12-30 17:45:00,31,47.67
1956,141,67,124,2025-12-30 18:00:00,55,86.86
13002,273,86,64,2025-12-30 18:05:00,31,50.12
423,259,256,232,2025-12-30 18:06:00,16,26.45
9938,252,214,75,2025-12-30 18:11:00,34,57.86
2366,93,23,180,2025-12-30 18:23:00,27,42.55
2143,276,34,28,2025-12-30 18:26:00,49,74.78
16944,248,64,14,2025-12-30 18:44:00,46,68.98
16538,142,148,18,2025-12-30 19:02:00,19,30.04
16420,271,184,82,2025-12-30 19:15:00,55,82.24
7764,17,130,234,2025-12-30 19:22:00,28,44.73
15305,53,88,124,2025-12-30 19:36:00,39,60.33
14672,405,136,87,2025-12-30 19:59:00,60,90.44
3163,208,68,169,2025-12-30 20:01:00,36,55.29
788,174,20,187,2025-12-30 20:03:00,43,64.13
6026,246,134,82,2025-12-30 20:06:00,11,19.21
15249,424,254,195,2025-12-30 20:12:00,29,46.29
15997,154,162,75,2025-12-30 20:15:00,5,5.77
16619,238,97,144,2025-12-30 20:19:00,5,10.92
16108,190,108,156,2025-12-30 20:27:00,30,44.79
18128,389,169,101,2025-12-30 20:43:00,11,23.9
8540,262,91,48,2025-12-30 20:44:00,59,93.61
14655,421,125,10,2025-12-30 20:48:00,7,11.48
18490,51,145,3,2025-12-30 20:52:00,55,84.52
844,371,197,216,2025-12-30 21:07:00,32,52.89
8912,321,130,151,2025-12-30 21:10:00,37,60.65
5361,137,114,10,2025-12-30 21:27:00,24,35.69
6499,116,159,141,2025-12-30 21:34:00,58,88.45
9261,176,139,220,2025-12-30 21:49:00,31,50.77
8949,100,135,85,2025-12-30 21:52:00,39,62.72
9745,454,215,253,2025-12-30 22:04:00,23,40.3
19710,239,88,216,2025-12-30 22:11:00,34,51.36
18296,94,90,108,2025-12-30 22:13:00,33,55.06
12369,373,112,253,2025-12-30 22:16:00,13,22.46
17512,199,191,240,2025-12-30 22:17:00,42,62.01
13301,281,66,219,2025-12-30 22:27:00,20,33.15
1416,54,246,25,2025-12-30 22:29:00,48,73.96
12447,365,241,72,2025-12-30 22:37:00,25,41.01
14015,92,241,18,2025-12-30 22:44:00,51,76.9
13361,148,175,258,2025-12-30 22:48:00,14,19.04
11006,194,162,190,2025-12-30 22:54:00,41,66.44
8783,442,97,121,2025-12-30 22:58:00,12,17.08
8955,278,176,261,2025-12-30 22:59:00,40,63.7
17677,30,187,39,2025-12-30 23:05:00,47,70.43
15859,244,256,251,2025-12-30 23:19:00,24,38.87
9618,130,214,99,2025-12-30 23:28:00,50,80.98
19679,186,116,107,2025-12-30 23:30:00,46,73.02
18005,265,52,37,2025-12-30 23:55:00,34,57.1
12924,9,150,55,2025-12-31 00:23:00,14,23.66
13550,371,4,19,2025-12-31 00:25:00,52,82.66
11433,198,74,118,2025-12-31 00:25:00,48,73.06
10329,232,175,245,2025-12-31 00:30:00,8,13.37
3729,165,231,19,2025-12-31 00:42:00,50,79.91
10065,53,49,184,2025-12-31 00:47:00,36,59.21
3715,20,257,33,2025-12-31 00:49:00,30,47.16
14948,308,187,120,2025-12-31 00:57:00,26,35.22
3806,55,11,146,2025-12-31 01:37:00,23,41.05
16093,171,207,132,2025-12-31 01:37:00,6,6.68
995,437,22,173,2025-12-31 01:39:00,43,67.59
7048,184,166,184,2025-12-31 01:46:00,52,79.77
10970,396,2,66,2025-12-31 01:55:00,40,63.09
17571,76,108,191,2025-12-31 02:04:00,46,71.29
1214,185,177,109,2025-12-31 02:24:00,35,55.79
6870,91,44,97,2025-12-31 02:43:00,31,49.82
4627,1,102,67,2025-12-31 02:44:00,18,30.98
13093,26,217,247,2025-12-31 02:44:00,49,76.4
10494,41,189,30,2025-12-31 02:48:00,9,13.76
2525,354,120,116,2025-12-31 03:12:00,15,25.39
1635,400,136,32,2025-12-31 03:13:00,33,50.49
17261,161,73,190,2025-12-31 03:14:00,53,79.2
9472,432,86,53,2025-12-31 03:17:00,27,47.55
4964,23,229,51,2025-12-31 03:22:00,25,40.07
11456,462,15,44,2025-12-31 03:26:00,59,89.37
3849,447,193,222,2025-12-31 03:28:00,39,57.02
9642,200,30,245,2025-12-31 03:35:00,58,92.32
11254,378,173,230,2025-12-31 03:38:00,43,70.08
16687,116,217,89,2025-12-31 03:53:00,49,74.13
2684,1,210,180,2025-12-31 04:00:00,8,19.38
5167,391,39,188,2025-12-31 04:01:00,50,77.37
14130,242,11,165,2025-12-31 04:07:00,39,61.45
6544,54,97,54,2025-12-31 04:14:00,13,23.69
725,224,126,256,2025-12-31 04:21:00,55,86.76
1690,102,128,222,2025-12-31 04:41:00,35,58.49
2285,100,125,34,2025-12-31 04:43:00,52,79.56
11881,39,237,32,2025-12-31 04:47:00,29,44.94
6208,431,253,240,2025-12-31 04:59:00,19,30.56
13001,481,228,236,2025-12-31 05:04:00,32,54.27
18845,253,71,207,2025-12-31 05:12:00,53,79.89
4024,93,168,83,2025-12-31 05:12:00,32,50.04
14018,40,147,173,2025-12-31 05:24:00,37,59.26
15471,293,58,242,2025-12-31 05:30:00,22,31.62
17534,48,109,42,2025-12-31 05:39:00,58,86.61
4700,409,244,167,2025-12-31 05:44:00,27,45.59
4427,417,57,157,2025-12-31 05:49:00,31,49.45
1216,375,234,235,2025-12-31 05:54:00,26,41.08
10777,347,231,39,2025-12-31 06:01:00,55,81.9
17569,270,10,35,2025-12-31 06:02:00,48,72.75
8094,250,135,194,2025-12-31 06:11:00,49,76.04
16015,269,42,248,2025-12-31 06:19:00,52,82.42
1132,99,197,149,2025-12-31 06:21:00,30,48.21
168,108,184,254,2025-12-31 06:30:00,31,50.56
1238,76,200,207,2025-12-31 06:40:00,47,75.98
12074,8,129,214,2025-12-31 06:51:00,51,76.83
17791,356,246,256,2025-12-31 06:55:00,28,44.57
14749,48,50,198,2025-12-31 06:58:00,40,59.5
11614,70,172,170,2025-12-31 07:00:00,56,89.42
1853,144,229,5,2025-12-31 07:02:00,39,58.67
1372,128,21,217,2025-12-31 07:03:00,18,29.2
2759,219,56,117,2025-12-31 07:06:00,38,57.92
19319,420,8,111,2025-12-31 07:09:00,41,63.46
5047,88,84,155,2025-12-31 07:11:00,42,65.55
15499,50,134,92,2025-12-31 07:20:00,58,89.05
7314,241,120,232,2025-12-31 07:24:00,45,70.91
11610,267,208,179,2025-12-31 07:39:00,51,76.3
3038,79,90,19,2025-12-31 08:17:00,57,87.24
19382,246,203,132,2025-12-31 08:34:00,26,41.27
11566,60,139,193,2025-12-31 08:36:00,33,52.98
13614,358,82,88,2025-12-31 08:38:00,44,72.3
14132,397,24,18,2025-12-31 08:39:00,17,26.5
4796,325,78,150,2025-12-31 08:44:00,12,20.79
17213,95,32,19,2025-12-31 08:44:00,55,88.81
992,383,199,56,2025-12-31 09:04:00,22,34.57
14824,27,53,138,2025-12-31 09:13:00,60,94.43
13457,191,21,22,2025-12-31 09:15:00,55,89.02
17444,439,100,204,2025-12-31 09:18:00,17,29.98
14678,256,12,87,2025-12-31 09:42:00,53,81.96
13346,423,170,144,2025-12-31 09:49:00,58,88.5
4235,232,167,148,2025-12-31 09:50:00,36,59.38
13315,75,72,2,2025-12-31 09:53:00,22,36.01
11553,121,175,232,2025-12-31 09:53:00,15,26.75
10930,199,143,250,2025-12-31 10:32:00,29,45.67
15623,436,154,53,2025-12-31 10:33:00,43,62.96
909,346,173,183,2025-12-31 10:37:00,22,38.25
19179,500,139,227,2025-12-31 10:45:00,7,12.22
3300,374,78,23,2025-12-31 10:46:00,29,46.63
15230,243,188,238,2025-12-31 10:49:00,12,20.06
4485,487,166,194,2025-12-31 10:56:00,41,64.85
12974,106,96,195,2025-12-31 11:00:00,44,67.19
14299,157,82,25,2025-12-31 11:02:00,25,41.54
6705,273,221,119,2025-12-31 11:04:00,23,37.44
19643,14,235,134,2025-12-31 11:36:00,19,31.62
5204,290,99,164,2025-12-31 11:44:00,59,93.26
17991,370,252,89,2025-12-31 11:48:00,33,50.32
10476,247,11,163,2025-12-31 12:02:00,60,90.76
6714,201,3,67,2025-12-31 12:14:00,47,74.7
1651,223,141,57,2025-12-31 12:42:00,30,46.6
2160,315,72,230,2025-12-31 12:42:00,39,64.29
1741,121,77,240,2025-12-31 12:49:00,55,85.89
10441,96,50,172,2025-12-31 12:51:00,11,23.23
12420,420,240,13,2025-12-31 13:03:00,58,89.6
560,398,63,240,2025-12-31 13:16:00,32,50.9
11250,499,91,87,2025-12-31 13:44:00,7,13.91
5065,50,186,111,2025-12-31 13:51:00,35,57.02
10837,213,241,57,2025-12-31 13:56:00,32,52.19
11559,466,5,75,2025-12-31 14:01:00,38,61.17
7949,458,244,175,2025-12-31 14:28:00,11,18.14
4455,163,175,105,2025-12-31 14:35:00,40,65.37
12576,477,224,250,2025-12-31 14:46:00,33,53.17
8827,431,94,166,2025-12-31 14:59:00,11,20.24
9915,93,222,66,2025-12-31 15:07:00,19,30.89
15175,174,225,213,2025-12-31 15:11:00,53,85.29
9681,451,105,253,2025-12-31 15:27:00,13,22.19
4739,210,187,8,2025-12-31 15:37:00,32,49.47
13894,18,265,78,2025-12-31 15:47:00,14,22.16
16526,303,67,100,2025-12-31 15:51:00,13,22.24
18066,78,51,26,2025-12-31 15:52:00,36,59.65
13787,457,178,160,2025-12-31 15:54:00,54,82.46
4157,316,60,53,2025-12-31 15:58:00,43,65.14
19094,281,159,27,2025-12-31 16:02:00,52,81.28
2803,250,44,4,2025-12-31 16:02:00,50,77.77
16315,253,212,80,2025-12-31 16:04:00,17,27.59
12978,384,106,109,2025-12-31 16:06:00,24,40.49
18195,26,104,126,2025-12-31 16:28:00,10,23.38
14839,477,160,146,2025-12-31 16:32:00,59,91.11
15166,341,153,206,2025-12-31 16:35:00,15,24.54
7366,14,207,149,2025-12-31 16:46:00,6,13.31
10824,33,162,87,2025-12-31 17:01:00,41,62.54
19796,439,88,112,2025-12-31 17:06:00,14,25.79
9738,88,114,9,2025-12-31 17:19:00,16,28.43
18383,64,202,54,2025-12-31 17:34:00,31,48.1
5598,372,263,204,2025-12-31 17:49:00,42,63.81
1835,244,258,42,2025-12-31 17:52:00,59,92.52
15301,352,143,100,2025-12-31 18:07:00,38,58.69
15543,127,24,221,2025-12-31 18:10:00,32,52.53
7433,56,262,53,2025-12-31 18:11:00,40,58.67
10637,193,140,117,2025-12-31 18:12:00,28,41.64
18574,47,60,258,2025-12-31 18:13:00,26,41.52
17268,159,202,158,2025-12-31 18:16:00,41,65.83
12440,411,145,228,2025-12-31 18:21:00,16,26.0
6163,265,239,11,2025-12-31 18:30:00,34,55.12
13266,210,31,28,2025-12-31 18:35:00,45,68.1
9237,14,257,111,2025-12-31 18:36:00,41,64.32
7418,481,222,200,2025-12-31 18:51:00,59,89.84
15283,500,187,108,2025-12-31 18:58:00,29,46.57
4172,85,94,17,2025-12-31 19:19:00,8,16.92
16933,357,200,233,2025-12-31 19:21:00,35,56.93
19818,178,178,264,2025-12-31 19:28:00,11,21.25
16490,32,24,154,2025-12-31 19:33:00,23,41.61
8933,343,3,178,2025-12-31 19:37:00,20,35.31
15788,189,217,116,2025-12-31 19:41:00,52,80.4
12721,387,108,85,2025-12-31 19:42:00,31,49.99
1659,313,176,243,2025-12-31 19:56:00,33,53.48
3662,325,188,177,2025-12-31 19:57:00,14,22.18
12853,262,86,102,2025-12-31 20:12:00,49,77.66
18440,99,223,35,2025-12-31 20:16:00,30,48.75
17819,484,162,166,2025-12-31 20:19:00,16,26.64
10061,41,200,172,2025-12-31 20:22:00,43,68.72
10122,479,115,250,2025-12-31 20:27:00,10,16.6
3144,302,93,242,2025-12-31 20:30:00,12,22.31
166,30,208,205,2025-12-31 20:34:00,38,60.91
12072,365,79,122,2025-12-31 21:14:00,56,86.59
17773,123,148,168,2025-12-31 21:19:00,49,74.36
3598,392,141,96,2025-12-31 21:22:00,60,93.53
3831,117,156,167,2025-12-31 21:44:00,53,82.9
14027,210,153,192,2025-12-31 22:04:00,13,22.08
13707,292,223,231,2025-12-31 22:05:00,13,23.27
10287,327,70,78,2025-12-31 22:15:00,25,43.51
18072,393,219,100,2025-12-31 22:26:00,48,77.48
17332,231,198,136,2025-12-31 22:26:00,21,33.94
2194,294,206,217,2025-12-31 22:34:00,12,21.66
13706,71,42,187,2025-12-31 22:38:00,22,35.09
7300,368,196,93,2025-12-31 22:40:00,6,14.48
4921,99,235,249,2025-12-31 22:47:00,23,37.95
6773,263,86,24,2025-12-31 22:59:00,29,46.14
8972,145,100,28,2025-12-31 23:07:00,57,81.7
5407,144,82,113,2025-12-31 23:20:00,6,9.6
17522,253,52,101,2025-12-31 23:53:00,19,30.11
9927,235,32,134,2025-12-31 23:53:00,59,90.88
3294,119,24,210,2026-01-01 00:14:00,9,21.0
19602,397,63,66,2026-01-01 00:24:00,50,81.92
13876,338,10,115,2026-01-01 00:28:00,11,21.99
18636,452,43,10,2026-01-01 00:29:00,60,90.86
11962,492,192,203,2026-01-01 00:35:00,33,53.84
17409,354,191,256,2026-01-01 00:46:00,10,15.48
17119,244,168,74,2026-01-01 00:46:00,31,47.99
1872,35,74,115,2026-01-01 00:47:00,19,32.76
7923,110,104,195,2026-01-01 00:47:00,23,38.2
11034,481,232,12,2026-01-01 01:05:00,59,92.57
8387,60,206,66,2026-01-01 01:06:00,34,53.94
14588,182,28,158,2026-01-01 01:16:00,28,45.56
16720,92,50,23,2026-01-01 01:26:00,31,47.15
18224,354,11,70,2026-01-01 01:31:00,21,32.29
13072,161,59,165,2026-01-01 01:32:00,56,84.5
9526,83,93,77,2026-01-01 01:42:00,19,33.26
19356,407,93,214,2026-01-01 01:47:00,17,24.31
15852,88,40,125,2026-01-01 02:02:00,15,26.01
13836,336,65,50,2026-01-01 02:21:00,28,45.58
17730,28,149,180,2026-01-01 02:22:00,18,31.3
11621,210,161,54,2026-01-01 02:28:00,27,41.94
19221,41,138,71,2026-01-01 02:38:00,51,81.25
9924,71,138,251,2026-01-01 02:48:00,31,49.41
19694,460,72,145,2026-01-01 02:51:00,26,45.1
14570,364,145,188,2026-01-01 02:56:00,31,47.7
9443,478,5,6,2026-01-01 02:59:00,24,36.92
12779,19,253,39,2026-01-01 03:03:00,19,31.83
10512,331,7,174,2026-01-01 03:13:00,38,60.2
7699,265,261,261,2026-01-01 03:32:00,40,59.27
1700,455,157,178,2026-01-01 03:41:00,55,84.86
5756,209,262,61,2026-01-01 03:42:00,49,71.85
8093,397,33,182,2026-01-01 03:49:00,42,65.53
7434,403,23,152,2026-01-01 04:11:00,57,87.69
5076,477,27,183,2026-01-01 04:14:00,39,61.77
8558,434,68,189,2026-01-01 04:15:00,40,59.48
18587,384,171,13,2026-01-01 04:22:00,29,46.9
14438,270,142,138,2026-01-01 04:27:00,18,28.99
3768,115,24,163,2026-01-01 04:28:00,25,39.24
18863,212,195,73,2026-01-01 04:30:00,5,9.41
1646,206,237,125,2026-01-01 04:34:00,31,53.15
525,453,231,171,2026-01-01 04:39:00,36,62.01
3608,320,117,89,2026-01-01 04:44:00,8,14.07
14158,406,223,135,2026-01-01 04:53:00,5,10.37
254,54,89,170,2026-01-01 04:53:00,49,75.29
16308,182,238,39,2026-01-01 05:04:00,49,75.87
14411,369,121,104,2026-01-01 05:06:00,53,84.52
15393,404,257,203,2026-01-01 05:07:00,40,60.97
12501,99,237,145,2026-01-01 05:17:00,40,66.17
897,499,106,113,2026-01-01 05:22:00,53,81.49
595,320,32,89,2026-01-01 05:36:00,18,33.02
15310,172,121,14,2026-01-01 05:47:00,39,59.46
552,15,79,172,2026-01-01 05:54:00,10,22.46
15079,269,265,49,2026-01-01 05:55:00,25,45.43
8874,424,242,205,2026-01-01 05:58:00,13,21.5
18749,23,208,7,2026-01-01 06:00:00,16,24.98
3910,42,120,68,2026-01-01 06:01:00,13,22.5
18290,373,26,55,2026-01-01 06:04:00,40,61.39
9462,487,188,129,2026-01-01 06:11:00,51,76.73
8591,232,25,129,2026-01-01 06:12:00,44,69.06
6,106,45,167,2026-01-01 06:23:00,50,80.07
2029,403,40,214,2026-01-01 06:24:00,29,47.17
12036,11,131,223,2026-01-01 06:47:00,51,0.0
8852,66,173,24,2026-01-01 06:56:00,42,66.03
1712,349,166,253,2026-01-01 07:25:00,38,63.02
5538,175,132,77,2026-01-01 07:32:00,53,79.77
14340,263,79,40,2026-01-01 07:36:00,55,85.64
17753,40,14,56,2026-01-01 07:41:00,25,40.65
4493,398,9,38,2026-01-01 07:47:00,12,20.82
4622,349,193,146,2026-01-01 07:56:00,24,38.9
5328,379,150,97,2026-01-01 08:14:00,29,47.14
3380,408,176,49,2026-01-01 08:24:00,5,11.86
348,371,180,118,2026-01-01 08:28:00,23,37.54
5446,36,27,52,2026-01-01 08:39:00,26,44.85
18123,128,72,8,2026-01-01 08:45:00,34,56.93
16228,424,208,132,2026-01-01 08:58:00,27,42.63
6849,73,56,102,2026-01-01 09:00:00,35,53.99
19100,285,62,218,2026-01-01 09:01:00,16,27.71
2326,402,223,102,2026-01-01 09:04:00,51,79.69
15877,162,35,57,2026-01-01 09:19:00,46,72.07
8483,382,183,130,2026-01-01 09:29:00,57,86.87
16925,396,69,115,2026-01-01 09:50:00,43,69.18
12357,481,33,166,2026-01-01 09:57:00,10,19.56
18770,130,69,164,2026-01-01 09:57:00,9,15.07
10818,124,238,207,2026-01-01 10:02:00,16,26.59
15114,190,178,56,2026-01-01 10:03:00,31,47.61
6909,319,207,233,2026-01-01 10:04:00,16,29.82
16824,370,116,88,2026-01-01 10:05:00,41,66.3
8257,441,186,239,2026-01-01 10:08:00,57,90.73
8973,132,45,124,2026-01-01 10:08:00,39,60.48
19312,465,128,78,2026-01-01 10:18:00,38,61.18
9470,32,131,27,2026-01-01 10:23:00,28,45.22
7120,117,173,106,2026-01-01 10:28:00,18,27.76
3259,320,208,210,2026-01-01 10:34:00,6,11.57
19711,117,185,227,2026-01-01 10:36:00,25,39.83
1118,346,1,97,2026-01-01 10:40:00,18,27.1
564,274,153,11,2026-01-01 10:42:00,34,53.35
14278,26,5,183,2026-01-01 10:46:00,10,21.32
9158,479,171,58,2026-01-01 10:59:00,56,88.49
10971,387,153,159,2026-01-01 11:00:00,14,21.0
7047,367,52,103,2026-01-01 11:04:00,51,75.68
4436,302,183,88,2026-01-01 11:04:00,8,17.15
10116,246,171,42,2026-01-01 11:04:00,11,19.34
11311,298,126,200,2026-01-01 11:07:00,29,46.39
16574,148,178,28,2026-01-01 11:23:00,48,75.13
9284,489,73,56,2026-01-01 11:24:00,28,44.96
3165,483,59,111,2026-01-01 11:25:00,26,40.45
12370,51,13,207,2026-01-01 11:25:00,14,21.31
9787,167,265,191,2026-01-01 11:49:00,34,52.31
7521,30,114,214,2026-01-01 12:10:00,57,91.77
3225,303,252,175,2026-01-01 12:24:00,25,42.84
333,69,151,159,2026-01-01 12:30:00,26,42.25
15475,243,80,134,2026-01-01 12:30:00,25,44.21
4176,293,95,253,2026-01-01 12:44:00,12,19.23
11966,175,72,214,2026-01-01 12:45:00,22,35.98
613,20,54,197,2026-01-01 12:48:00,47,72.75
19180,140,210,31,2026-01-01 13:02:00,47,75.06
2200,206,96,190,2026-01-01 13:09:00,26,43.36
6491,64,191,72,2026-01-01 13:10:00,22,31.07
4057,254,69,174,2026-01-01 13:24:00,8,15.7
122,161,70,241,2026-01-01 13:24:00,29,47.92
2995,313,72,4,2026-01-01 13:25:00,27,45.63
4618,218,146,220,2026-01-01 13:25:00,6,10.79
10449,371,5,152,2026-01-01 13:31:00,48,72.66
1510,46,256,46,2026-01-01 13:38:00,57,88.43
1811,47,240,153,2026-01-01 13:44:00,51,77.45
11218,278,86,138,2026-01-01 13:46:00,54,85.62
13419,307,49,210,2026-01-01 13:47:00,49,76.23
18391,159,23,37,2026-01-01 13:48:00,53,86.17
8003,447,239,35,2026-01-01 13:49:00,59,90.63
9087,383,188,112,2026-01-01 13:56:00,5,7.7
17856,105,222,155,2026-01-01 13:57:00,50,75.62
4227,340,197,7,2026-01-01 13:57:00,43,66.72
19067,259,131,98,2026-01-01 14:09:00,10,16.33
1198,88,251,218,2026-01-01 14:09:00,31,48.82
4027,294,227,50,2026-01-01 14:12:00,58,85.98
16296,285,164,7,2026-01-01 14:30:00,5,11.97
15218,381,221,243,2026-01-01 14:46:00,38,60.58
14503,324,240,88,2026-01-01 14:47:00,18,29.34
15464,47,38,259,2026-01-01 14:51:00,17,29.94
9146,200,137,264,2026-01-01 14:51:00,47,72.9
16696,126,256,146,2026-01-01 14:52:00,31,51.5
12242,341,175,152,2026-01-01 14:53:00,25,41.3
12085,173,113,216,2026-01-01 14:57:00,49,77.71
12292,488,39,95,2026-01-01 14:57:00,59,95.61
3535,380,70,22,2026-01-01 15:04:00,15,23.88
17885,285,171,227,2026-01-01 15:07:00,6,12.8
3740,15,57,226,2026-01-01 15:17:00,37,58.88
7580,66,37,29,2026-01-01 15:25:00,34,55.26
7714,422,49,112,2026-01-01 15:38:00,27,42.57
1702,199,155,165,2026-01-01 15:53:00,25,42.54
6011,65,137,151,2026-01-01 15:53:00,28,43.72
752,185,263,1,2026-01-01 15:55:00,6,10.14
12586,229,51,84,2026-01-01 16:03:00,7,12.55
11464,298,112,128,2026-01-01 16:06:00,7,12.06
4883,36,28,230,2026-01-01 16:12:00,51,81.63
5227,446,174,230,2026-01-01 16:14:00,49,77.59
19055,132,175,212,2026-01-01 16:17:00,53,81.34
7548,292,238,248,2026-01-01 16:22:00,23,36.5
14640,315,129,65,2026-01-01 16:26:00,6,9.37
13269,335,6,3,2026-01-01 16:34:00,31,48.77
14925,66,258,72,2026-01-01 16:35:00,23,36.58
5594,199,57,40,2026-01-01 16:36:00,29,47.19
7232,500,229,45,2026-01-01 16:50:00,47,75.54
6526,332,71,252,2026-01-01 16:53:00,13,23.76
17245,374,230,247,2026-01-01 16:54:00,21,33.4
1697,277,46,96,2026-01-01 17:03:00,16,28.65
5426,205,72,57,2026-01-01 17:05:00,40,65.33
1449,132,54,242,2026-01-01 17:20:00,36,59.41
11128,226,164,155,2026-01-01 17:22:00,32,51.03
1877,161,98,138,2026-01-01 17:28:00,37,59.06
3426,111,3,202,2026-01-01 17:36:00,50,79.01
3173,172,24,40,2026-01-01 17:41:00,38,61.12
17507,374,58,40,2026-01-01 17:44:00,30,48.55
10907,3,90,170,2026-01-01 17:47:00,48,75.79
13220,491,151,164,2026-01-01 17:47:00,16,28.4
18468,120,56,213,2026-01-01 17:58:00,14,18.25
13977,422,147,186,2026-01-01 17:59:00,43,66.97
12732,397,13,54,2026-01-01 18:04:00,27,48.73
1437,382,11,135,2026-01-01 18:07:00,60,93.84
15227,142,197,192,2026-01-01 18:08:00,25,40.1
14106,264,24,258,2026-01-01 18:09:00,35,56.63
7206,101,174,243,2026-01-01 18:18:00,26,41.47
15610,286,100,31,2026-01-01 18:19:00,26,41.54
11415,381,144,146,2026-01-01 18:29:00,22,37.01
12527,34,96,125,2026-01-01 18:31:00,53,80.16
18246,309,24,162,2026-01-01 18:32:00,14,23.31
7301,324,136,8,2026-01-01 18:52:00,57,86.68
4891,478,181,174,2026-01-01 19:04:00,32,54.41
596,316,13,4,2026-01-01 19:06:00,58,88.22
17546,26,96,52,2026-01-01 19:09:00,46,73.06
13806,181,249,172,2026-01-01 19:14:00,19,30.39
3735,373,228,190,2026-01-01 19:25:00,46,70.24
9004,40,150,198,2026-01-01 19:27:00,8,13.84
11155,473,75,255,2026-01-01 19:39:00,60,92.1
8676,323,167,162,2026-01-01 19:58:00,31,51.09
506,76,16,94,2026-01-01 20:09:00,54,84.19
351,350,211,197,2026-01-01 20:17:00,37,61.12
5832,401,122,200,2026-01-01 20:26:00,24,34.86
1351,127,233,44,2026-01-01 20:29:00,54,83.85
5151,204,84,57,2026-01-01 20:36:00,34,53.94
12373,438,141,111,2026-01-01 20:38:00,54,81.11
16737,356,45,31,2026-01-01 20:52:00,48,76.55
6892,130,190,105,2026-01-01 20:56:00,56,83.72
4430,378,206,26,2026-01-01 21:03:00,29,50.07
16886,323,48,129,2026-01-01 21:16:00,49,79.61
4631,378,14,237,2026-01-01 21:24:00,27,44.74
1964,246,187,148,2026-01-01 21:29:00,13,20.44
805,296,210,23,2026-01-01 21:31:00,10,18.83
7660,21,86,83,2026-01-01 21:34:00,11,19.06
18931,201,261,78,2026-01-01 21:41:00,59,90.16
6720,467,76,128,2026-01-01 21:51:00,20,33.68
4459,219,114,238,2026-01-01 22:00:00,48,77.19
15582,468,157,222,2026-01-01 22:18:00,26,45.49
1150,390,196,124,2026-01-01 22:20:00,30,49.97
9184,469,28,34,2026-01-01 22:28:00,6,16.29
18402,280,83,211,2026-01-01 22:30:00,58,90.84
9716,198,25,225,2026-01-01 22:34:00,41,63.45
3129,193,29,259,2026-01-01 22:42:00,13,18.54
4667,40,249,56,2026-01-01 23:01:00,49,73.83
7454,373,65,44,2026-01-01 23:01:00,21,34.37
2610,478,61,234,2026-01-01 23:11:00,40,64.53
10752,167,165,211,2026-01-01 23:19:00,40,61.93
11305,376,88,243,2026-01-01 23:30:00,34,57.58
18187,309,24,216,2026-01-01 23:31:00,42,66.16
278,459,87,145,2026-01-01 23:44:00,56,90.48
11981,195,249,61,2026-01-01 23:46:00,30,49.89
17551,285,152,249,2026-01-01 23:56:00,24,39.79
7903,130,6,241,2026-01-02 00:06:00,53,83.94
8844,136,134,50,2026-01-02 00:14:00,6,13.95
15810,152,36,259,2026-01-02 00:21:00,38,60.24
4225,57,131,262,2026-01-02 00:23:00,59,93.17
13468,178,218,35,2026-01-02 00:25:00,36,59.28
14907,193,49,55,2026-01-02 00:28:00,11,18.41
19951,352,235,124,2026-01-02 00:33:00,54,82.82
4168,167,86,232,2026-01-02 00:44:00,41,63.64
11291,350,128,188,2026-01-02 00:45:00,27,43.57
1059,180,27,115,2026-01-02 01:04:00,32,51.55
9948,154,181,145,2026-01-02 01:10:00,58,89.4
5256,262,113,152,2026-01-02 01:43:00,55,86.81
11247,403,250,167,2026-01-02 01:44:00,25,41.15
14922,352,168,29,2026-01-02 01:45:00,31,47.5
18384,315,140,47,2026-01-02 02:04:00,25,41.53
14019,487,246,169,2026-01-02 02:10:00,10,17.57
497,467,102,117,2026-01-02 02:11:00,12,21.12
1325,140,46,165,2026-01-02 02:18:00,7,11.81
11286,142,162,221,2026-01-02 02:21:00,60,95.09
14133,431,136,157,2026-01-02 02:22:00,29,45.12
18995,407,97,144,2026-01-02 02:22:00,59,91.02
17459,312,233,112,2026-01-02 02:24:00,45,72.74
594,289,81,225,2026-01-02 02:33:00,53,84.48
13772,14,6,254,2026-01-02 02:41:00,28,42.99
19072,71,168,96,2026-01-02 02:50:00,47,70.7
6152,410,182,74,2026-01-02 03:05:00,29,46.51
18422,491,38,58,2026-01-02 03:07:00,28,46.81
2321,26,96,59,2026-01-02 03:24:00,18,32.23
16823,25,15,156,2026-01-02 03:26:00,8,15.3
19553,497,25,224,2026-01-02 03:29:00,32,52.11
11720,73,39,215,2026-01-02 03:43:00,41,66.93
578,112,128,96,2026-01-02 03:47:00,33,54.28
11733,437,205,50,2026-01-02 03:48:00,12,22.55
15319,326,217,43,2026-01-02 03:51:00,22,41.34
7417,149,104,228,2026-01-02 03:54:00,16,28.35
10685,199,111,68,2026-01-02 03:55:00,34,54.55
14101,159,256,259,2026-01-02 03:58:00,41,60.45
783,205,8,8,2026-01-02 04:03:00,53,79.19
5734,146,1,129,2026-01-02 04:03:00,25,38.52
2662,234,113,224,2026-01-02 04:08:00,11,19.88
3613,64,46,157,2026-01-02 04:15:00,26,37.32
10654,130,144,141,2026-01-02 04:17:00,53,80.51
1555,450,263,39,2026-01-02 04:19:00,34,57.63
9680,409,134,115,2026-01-02 04:49:00,11,19.81
4864,58,15,180,2026-01-02 04:59:00,12,20.32
16042,472,58,34,2026-01-02 05:00:00,12,18.41
1522,480,107,113,2026-01-02 05:01:00,34,55.19
974,11,32,4,2026-01-02 05:03:00,23,38.33
9206,276,89,18,2026-01-02 05:03:00,58,92.58
6058,100,51,174,2026-01-02 05:22:00,7,12.64
18489,163,34,125,2026-01-02 05:37:00,14,24.0
17738,316,76,234,2026-01-02 06:00:00,15,25.44
15522,394,246,138,2026-01-02 06:04:00,35,56.14
5668,325,49,90,2026-01-02 06:21:00,55,81.69
7174,7,148,221,2026-01-02 06:25:00,49,78.4
15239,38,15,215,2026-01-02 06:26:00,58,88.45
19808,53,8,236,2026-01-02 06:42:00,29,45.78
5010,445,219,82,2026-01-02 06:48:00,15,21.29
10563,21,180,142,2026-01-02 06:52:00,18,22.74
3657,89,20,192,2026-01-02 07:16:00,18,28.26
3095,216,121,27,2026-01-02 07:26:00,35,55.45
8672,168,170,150,2026-01-02 07:29:00,44,69.66
5133,482,159,6,2026-01-02 07:31:00,29,47.39
6425,202,254,248,2026-01-02 07:33:00,30,44.79
4179,111,114,24,2026-01-02 07:36:00,28,45.11
9685,255,89,170,2026-01-02 07:39:00,23,36.13
1382,226,193,176,2026-01-02 07:48:00,44,67.12
6046,317,100,247,2026-01-02 07:51:00,59,93.83
9396,132,130,164,2026-01-02 07:56:00,52,80.11
19035,98,256,184,2026-01-02 07:57:00,31,54.23
15530,94,196,50,2026-01-02 08:00:00,22,32.57
8083,251,250,167,2026-01-02 08:08:00,51,80.48
16738,419,3,224,2026-01-02 08:09:00,55,84.25
2253,206,245,150,2026-01-02 08:25:00,19,32.76
3049,63,5,233,2026-01-02 08:33:00,17,28.25
395,96,149,206,2026-01-02 08:50:00,5,10.75
18813,244,3,247,2026-01-02 08:53:00,47,74.06
5651,481,72,98,2026-01-02 09:02:00,58,92.71
2984,164,69,31,2026-01-02 09:09:00,56,84.64
8983,372,226,265,2026-01-02 09:14:00,48,72.78
18755,63,185,251,2026-01-02 09:17:00,20,33.49
16961,55,147,153,2026-01-02 09:21:00,46,76.43
7271,294,106,138,2026-01-02 09:28:00,57,91.19
14685,439,256,11,2026-01-02 09:28:00,24,38.65
14559,341,159,163,2026-01-02 09:35:00,27,42.39
18401,461,50,155,2026-01-02 09:35:00,36,0.0
630,251,167,66,2026-01-02 09:41:00,30,47.51
4862,155,220,215,2026-01-02 09:42:00,22,37.17
10696,181,97,122,2026-01-02 09:45:00,14,23.61
1418,344,185,97,2026-01-02 09:57:00,30,46.53
8577,313,121,136,2026-01-02 09:57:00,27,44.94
10333,332,48,100,2026-01-02 10:15:00,43,65.58
5587,483,190,144,2026-01-02 10:15:00,19,30.92
1546,70,210,184,2026-01-02 10:16:00,26,40.28
10888,448,30,89,2026-01-02 10:32:00,34,53.84
13544,170,218,133,2026-01-02 10:33:00,48,73.85
793,4,111,176,2026-01-02 10:40:00,22,31.95
2926,5,194,104,2026-01-02 10:42:00,24,34.35
751,495,120,63,2026-01-02 10:44:00,30,47.69
19030,24,248,153,2026-01-02 10:44:00,48,73.63
792,57,255,119,2026-01-02 10:45:00,14,25.85
6382,316,180,230,2026-01-02 10:54:00,28,43.27
14702,101,56,121,2026-01-02 11:12:00,14,24.23
11004,243,62,138,2026-01-02 11:16:00,5,9.92
1938,273,249,110,2026-01-02 11:19:00,58,89.63
18162,52,132,30,2026-01-02 11:28:00,54,81.79
12703,145,93,64,2026-01-02 11:39:00,23,38.41
8110,148,124,7,2026-01-02 11:44:00,46,70.32
13910,472,195,226,2026-01-02 11:48:00,59,90.52
12323,72,110,165,2026-01-02 11:53:00,27,42.79
13471,393,60,31,2026-01-02 11:59:00,14,27.85
8704,323,206,69,2026-01-02 12:02:00,27,45.41
14191,197,199,29,2026-01-02 12:06:00,53,84.8
10523,411,191,258,2026-01-02 12:12:00,22,35.31
6247,169,117,69,2026-01-02 12:13:00,57,90.64
2309,63,225,104,2026-01-02 12:20:00,7,12.76
15108,18,24,61,2026-01-02 12:21:00,41,68.5
5676,46,54,71,2026-01-02 12:25:00,25,40.59
10808,327,256,56,2026-01-02 12:31:00,49,76.69
10532,232,132,115,2026-01-02 12:33:00,6,18.49
16393,249,216,184,2026-01-02 12:35:00,43,69.62
1766,168,49,237,2026-01-02 12:39:00,32,50.4
17070,256,59,141,2026-01-02 12:43:00,58,89.6
9348,6,120,105,2026-01-02 12:46:00,19,32.85
15518,221,81,118,2026-01-02 12:49:00,50,77.13
8683,219,94,255,2026-01-02 12:50:00,17,27.59
2813,408,28,248,2026-01-02 13:17:00,21,33.83
19422,185,219,4,2026-01-02 13:22:00,50,80.08
12173,384,68,80,2026-01-02 13:23:00,22,33.03
16487,318,185,52,2026-01-02 13:23:00,43,69.6
16155,377,68,81,2026-01-02 13:30:00,39,63.22
4393,326,221,135,2026-01-02 13:37:00,24,40.32
1595,489,194,245,2026-01-02 13:46:00,37,57.83
19959,233,192,28,2026-01-02 13:49:00,39,61.04
10997,1,109,143,2026-01-02 13:50:00,13,19.8
4091,235,64,62,2026-01-02 14:08:00,29,48.85
5148,352,147,173,2026-01-02 14:09:00,17,29.24
19391,69,84,249,2026-01-02 14:09:00,41,64.03
14305,265,183,106,2026-01-02 14:21:00,51,79.41
18942,470,218,146,2026-01-02 14:22:00,35,56.94
3586,234,159,48,2026-01-02 14:30:00,17,27.84
14550,499,258,112,2026-01-02 14:30:00,6,11.69
18950,354,74,199,2026-01-02 14:42:00,59,92.67
3844,24,250,251,2026-01-02 14:45:00,8,16.8
13915,42,265,169,2026-01-02 14:52:00,18,28.76
1044,470,210,2,2026-01-02 14:54:00,31,49.2
18177,113,128,209,2026-01-02 14:56:00,40,62.52
11330,81,158,70,2026-01-02 15:11:00,13,24.56
15947,272,110,117,2026-01-02 15:15:00,53,81.25
5874,217,21,117,2026-01-02 15:23:00,20,37.36
17620,245,121,21,2026-01-02 15:29:00,9,15.83
13322,378,178,155,2026-01-02 15:37:00,52,76.71
12771,74,54,171,2026-01-02 15:42:00,9,16.55
8605,200,115,119,2026-01-02 15:43:00,41,64.46
7782,44,191,102,2026-01-02 15:49:00,28,46.72
14782,112,172,51,2026-01-02 15:55:00,18,29.37
9445,214,7,198,2026-01-02 15:55:00,36,56.79
15546,450,89,236,2026-01-02 15:58:00,9,19.27
15204,487,226,227,2026-01-02 16:09:00,20,33.5
9270,238,119,78,2026-01-02 16:18:00,41,65.78
19734,76,229,85,2026-01-02 16:19:00,17,29.3
5842,120,208,244,2026-01-02 16:30:00,12,19.49
4327,202,184,146,2026-01-02 16:33:00,10,18.07
4771,52,98,97,2026-01-02 16:35:00,38,61.91
13809,267,144,179,2026-01-02 16:37:00,29,43.09
12925,431,11,23,2026-01-02 16:42:00,57,85.34
11249,201,154,250,2026-01-02 16:47:00,43,63.59
11622,459,239,93,2026-01-02 17:00:00,35,54.36
11280,297,161,59,2026-01-02 17:04:00,57,89.56
8245,95,195,23,2026-01-02 17:06:00,50,81.72
17593,288,123,236,2026-01-02 17:30:00,38,61.69
14523,189,204,100,2026-01-02 17:47:00,56,84.59
1359,361,253,89,2026-01-02 17:48:00,50,79.36
9223,489,222,116,2026-01-02 18:04:00,48,70.71
764,85,155,61,2026-01-02 18:10:00,16,25.55
15250,18,19,68,2026-01-02 18:21:00,26,42.0
1426,466,131,98,2026-01-02 18:34:00,45,67.87
10469,394,71,63,2026-01-02 18:37:00,12,16.86
4668,53,149,165,2026-01-02 18:41:00,18,28.19
543,406,61,226,2026-01-02 18:53:00,10,17.17
16335,486,28,29,2026-01-02 18:59:00,11,17.83
894,494,106,65,2026-01-02 19:07:00,52,78.92
3227,294,209,141,2026-01-02 19:13:00,15,25.47
13556,364,164,13,2026-01-02 19:19:00,28,41.07
15325,345,30,146,2026-01-02 19:21:00,36,59.28
12122,386,259,209,2026-01-02 19:24:00,25,43.62
19703,309,174,197,2026-01-02 19:54:00,60,94.69
13191,345,236,19,2026-01-02 19:57:00,30,48.73
4491,150,232,136,2026-01-02 20:02:00,46,71.02
19675,489,244,48,2026-01-02 20:04:00,37,58.83
17438,92,92,187,2026-01-02 20:11:00,56,85.06
5768,308,206,100,2026-01-02 20:13:00,42,68.0
11315,88,248,51,2026-01-02 20:23:00,16,26.74
7256,241,22,72,2026-01-02 20:26:00,24,39.65
17519,48,178,251,2026-01-02 20:28:00,47,74.51
12342,384,113,93,2026-01-02 20:42:00,24,37.82
2492,293,39,87,2026-01-02 20:50:00,9,16.13
5898,433,227,216,2026-01-02 20:52:00,25,36.65
13852,177,129,26,2026-01-02 21:01:00,49,77.09
15938,378,261,159,2026-01-02 21:05:00,59,94.3
19705,164,258,126,2026-01-02 21:05:00,52,81.45
1062,274,247,218,2026-01-02 21:05:00,52,80.9
4680,304,133,81,2026-01-02 21:16:00,14,23.11
19577,400,3,182,2026-01-02 21:17:00,37,54.83
8138,21,224,20,2026-01-02 21:24:00,44,66.47
7504,222,1,126,2026-01-02 21:37:00,60,0.0
939,159,89,208,2026-01-02 22:03:00,5,5.87
11830,444,13,9,2026-01-02 22:09:00,30,46.48
13955,336,1,160,2026-01-02 22:09:00,30,46.32
13243,478,95,129,2026-01-02 22:11:00,50,77.66
19623,253,55,65,2026-01-02 22:12:00,5,16.34
10719,172,37,229,2026-01-02 22:15:00,13,23.09
5374,344,47,214,2026-01-02 22:30:00,14,19.23
6901,400,148,203,2026-01-02 22:31:00,22,34.04
16188,97,123,207,2026-01-02 22:38:00,50,82.35
10578,395,92,142,2026-01-02 22:41:00,58,89.08
8583,144,79,166,2026-01-02 22:44:00,43,66.71
13486,325,78,247,2026-01-02 22:57:00,35,53.99
16690,351,36,208,2026-01-02 23:01:00,15,0.0
16082,181,74,35,2026-01-02 23:04:00,25,44.46
14882,395,116,130,2026-01-02 23:06:00,19,32.44
7443,43,132,127,2026-01-02 23:19:00,16,30.16
426,8,124,162,2026-01-02 23:24:00,39,60.77
1842,256,11,51,2026-01-02 23:42:00,44,69.63
2408,271,86,204,2026-01-02 23:48:00,52,81.87
627,143,203,212,2026-01-02 23:49:00,36,55.15
4910,196,255,98,2026-01-02 23:49:00,33,55.93
15457,103,263,49,2026-01-03 00:06:00,20,34.43
11119,467,134,183,2026-01-03 00:22:00,45,69.9
3710,422,151,228,2026-01-03 00:31:00,5,13.92
6089,12,254,75,2026-01-03 00:47:00,55,87.94
7003,278,99,108,2026-01-03 00:50:00,31,53.94
19203,281,2,146,2026-01-03 00:51:00,24,36.97
1804,91,223,143,2026-01-03 01:03:00,20,33.37
5363,295,192,250,2026-01-03 01:08:00,8,18.66
1624,141,73,167,2026-01-03 01:11:00,50,77.29
7811,111,178,158,2026-01-03 01:19:00,43,67.98
9143,115,42,171,2026-01-03 01:22:00,54,84.85
3973,258,96,105,2026-01-03 01:30:00,43,68.83
3565,111,130,126,2026-01-03 01:37:00,17,28.82
12385,284,161,187,2026-01-03 01:40:00,11,19.46
2335,102,66,158,2026-01-03 01:46:00,14,22.94
9729,208,49,181,2026-01-03 01:47:00,28,45.75
14985,387,183,178,2026-01-03 01:55:00,7,10.46
3770,28,60,17,2026-01-03 01:59:00,58,89.65
15970,164,150,156,2026-01-03 02:00:00,9,21.11
160,163,12,25,2026-01-03 02:08:00,49,76.64
17163,394,185,154,2026-01-03 02:19:00,46,71.38
15500,43,234,231,2026-01-03 02:39:00,57,89.82
13417,480,207,6,2026-01-03 02:40:00,38,58.74
8586,203,264,78,2026-01-03 02:43:00,10,16.38
11912,57,175,2,2026-01-03 02:50:00,51,78.39
2101,447,29,185,2026-01-03 02:56:00,47,71.14
2131,381,176,18,2026-01-03 03:02:00,32,51.92
10373,399,45,152,2026-01-03 03:06:00,56,89.69
18280,305,202,164,2026-01-03 03:08:00,35,54.42
2830,22,92,134,2026-01-03 03:10:00,59,91.45
6660,244,100,70,2026-01-03 03:14:00,48,76.4
7794,312,27,40,2026-01-03 03:14:00,43,66.37
16013,183,4,97,2026-01-03 03:18:00,6,11.5
19928,380,242,21,2026-01-03 03:38:00,21,34.42
4881,75,88,260,2026-01-03 03:38:00,31,49.71
16549,305,69,49,2026-01-03 03:39:00,47,76.61
11129,131,132,265,2026-01-03 03:54:00,40,61.2
1874,337,233,146,2026-01-03 03:59:00,13,23.47
19000,172,85,145,2026-01-03 04:04:00,42,68.46
14512,54,261,183,2026-01-03 04:07:00,55,83.49
8823,77,226,160,2026-01-03 04:08:00,32,52.55
9504,290,227,82,2026-01-03 04:19:00,17,27.62
19881,435,158,176,2026-01-03 04:20:00,50,82.67
4342,173,237,39,2026-01-03 04:26:00,40,65.94
4928,27,232,203,2026-01-03 04:27:00,36,55.48
9383,230,144,93,2026-01-03 04:28:00,20,33.86
16651,371,176,194,2026-01-03 04:31:00,41,67.84
3266,469,129,160,2026-01-03 04:39:00,22,34.99
18476,371,121,60,2026-01-03 04:54:00,52,81.59
4988,81,63,125,2026-01-03 04:56:00,57,86.88
7051,96,45,26,2026-01-03 05:10:00,23,36.65
13215,5,213,81,2026-01-03 05:13:00,50,78.15
1765,200,14,45,2026-01-03 05:17:00,26,37.36
9428,473,23,120,2026-01-03 05:29:00,22,40.63
4211,327,256,66,2026-01-03 05:45:00,33,48.81
15182,104,265,51,2026-01-03 05:48:00,24,37.33
4990,18,1,40,2026-01-03 05:49:00,53,81.19
7826,103,10,91,2026-01-03 05:52:00,5,15.89
17221,355,43,14,2026-01-03 05:54:00,40,62.2
9975,441,221,55,2026-01-03 05:57:00,35,59.51
14852,459,141,24,2026-01-03 05:58:00,36,59.03
5754,393,25,179,2026-01-03 06:30:00,17,33.37
17461,400,244,180,2026-01-03 06:31:00,14,23.41
5659,461,91,185,2026-01-03 06:37:00,25,39.64
4010,109,60,73,2026-01-03 06:50:00,54,81.78
5660,203,181,75,2026-01-03 06:56:00,55,85.83
16061,471,70,236,2026-01-03 07:02:00,32,51.57
12259,471,127,104,2026-01-03 07:05:00,59,90.84
12445,54,145,148,2026-01-03 07:06:00,56,87.21
18565,355,147,57,2026-01-03 07:12:00,13,20.18
19261,294,71,259,2026-01-03 07:16:00,25,42.41
3516,397,81,19,2026-01-03 07:23:00,34,57.5
1446,273,218,126,2026-01-03 07:55:00,9,15.69
1963,99,221,146,2026-01-03 08:03:00,23,35.58
18174,411,26,141,2026-01-03 08:06:00,10,18.49
18861,133,192,259,2026-01-03 08:07:00,52,79.5
5683,379,248,180,2026-01-03 08:10:00,50,77.11
9471,291,225,17,2026-01-03 08:32:00,23,35.58
4087,424,142,209,2026-01-03 08:34:00,13,22.89
8638,235,153,263,2026-01-03 08:37:00,42,66.34
15652,50,22,148,2026-01-03 08:52:00,27,42.17
12891,261,194,54,2026-01-03 08:58:00,41,62.91
3494,286,4,213,2026-01-03 09:01:00,29,43.7
7437,278,203,15,2026-01-03 09:04:00,11,23.23
11272,405,38,237,2026-01-03 09:12:00,23,37.59
6867,492,227,97,2026-01-03 09:13:00,57,91.25
19843,459,231,85,2026-01-03 09:20:00,47,72.39
4969,370,185,28,2026-01-03 09:27:00,28,42.92
9037,196,145,234,2026-01-03 09:30:00,59,92.21
10615,267,84,69,2026-01-03 09:35:00,22,37.53
15145,225,12,239,2026-01-03 09:42:00,10,16.52
9772,98,206,120,2026-01-03 09:54:00,18,27.62
2844,366,240,147,2026-01-03 10:03:00,27,45.41
8178,275,44,118,2026-01-03 10:15:00,23,35.84
15237,362,247,160,2026-01-03 10:24:00,21,36.11
12688,322,97,74,2026-01-03 10:25:00,9,17.01
8096,49,137,5,2026-01-03 10:35:00,50,80.09
16365,2,166,230,2026-01-03 10:38:00,40,67.64
14901,281,26,166,2026-01-03 10:39:00,22,37.96
17149,147,81,9,2026-01-03 10:40:00,52,79.38
1242,114,224,160,2026-01-03 10:45:00,59,92.72
10228,393,136,236,2026-01-03 11:09:00,49,75.71
12378,343,147,154,2026-01-03 11:21:00,6,13.33
10591,438,205,4,2026-01-03 11:22:00,50,78.7
6831,185,199,155,2026-01-03 11:29:00,33,53.75
16309,471,35,103,2026-01-03 11:32:00,9,14.33
18965,204,186,27,2026-01-03 11:40:00,37,61.24
13760,205,70,161,2026-01-03 11:45:00,24,39.36
11999,485,130,176,2026-01-03 11:45:00,58,90.59
634,435,254,74,2026-01-03 11:47:00,23,38.55
4077,365,73,241,2026-01-03 11:53:00,39,60.74
10428,449,169,93,2026-01-03 11:58:00,27,42.38
4757,328,94,162,2026-01-03 11:59:00,45,69.73
8632,151,258,252,2026-01-03 12:07:00,34,52.69
16783,138,264,171,2026-01-03 12:16:00,54,82.52
312,56,116,264,2026-01-03 12:16:00,12,18.38
4222,469,40,213,2026-01-03 12:16:00,14,21.88
19345,359,8,38,2026-01-03 12:18:00,37,59.36
8964,430,108,62,2026-01-03 12:32:00,10,22.34
8384,364,99,242,2026-01-03 12:35:00,15,25.74
6070,234,193,47,2026-01-03 12:36:00,11,16.6
5307,488,212,158,2026-01-03 12:57:00,56,88.5
7109,205,157,50,2026-01-03 13:01:00,10,17.6
19508,424,170,141,2026-01-03 13:06:00,31,47.29
15865,434,158,113,2026-01-03 13:16:00,50,79.37
242,109,181,109,2026-01-03 13:20:00,38,60.57
11812,89,145,30,2026-01-03 13:23:00,16,28.38
16949,303,156,148,2026-01-03 13:31:00,9,13.88
15959,223,46,188,2026-01-03 13:32:00,37,57.78
695,171,242,25,2026-01-03 13:38:00,56,88.38
4115,84,102,122,2026-01-03 13:41:00,15,23.88
13364,403,240,77,2026-01-03 13:48:00,35,51.96
14930,288,23,113,2026-01-03 13:54:00,52,77.4
17687,277,57,60,2026-01-03 13:54:00,35,56.27
12883,380,100,224,2026-01-03 13:58:00,12,17.7
17988,479,212,219,2026-01-03 13:59:00,13,21.94
12419,142,200,98,2026-01-03 14:03:00,42,71.56
12295,164,102,40,2026-01-03 14:06:00,19,31.26
7079,148,148,242,2026-01-03 14:08:00,22,33.92
2588,262,50,158,2026-01-03 14:10:00,12,24.28
16212,432,87,247,2026-01-03 14:16:00,53,79.23
5737,27,239,213,2026-01-03 14:18:00,15,22.15
12556,364,52,241,2026-01-03 14:18:00,16,24.24
16584,473,2,22,2026-01-03 14:18:00,55,85.58
433,324,15,146,2026-01-03 14:24:00,19,33.76
12475,308,183,37,2026-01-03 14:32:00,8,14.74
1161,19,240,193,2026-01-03 14:38:00,30,49.98
4175,260,120,12,2026-01-03 14:43:00,9,14.36
583,394,78,63,2026-01-03 14:43:00,47,74.96
823,116,218,98,2026-01-03 15:05:00,33,55.76
4470,219,124,138,2026-01-03 15:13:00,41,64.01
14491,229,17,163,2026-01-03 15:14:00,29,46.56
7225,329,242,8,2026-01-03 15:18:00,35,54.27
10561,412,124,219,2026-01-03 15:20:00,24,41.2
13477,354,195,261,2026-01-03 15:20:00,34,55.24
7838,135,224,154,2026-01-03 15:25:00,7,17.29
7792,299,123,51,2026-01-03 15:30:00,15,26.36
19680,406,152,134,2026-01-03 15:46:00,35,52.81
17361,111,44,37,2026-01-03 15:49:00,22,36.16
18338,320,59,55,2026-01-03 15:58:00,6,12.91
12518,178,214,250,2026-01-03 16:06:00,19,27.68
5991,342,143,18,2026-01-03 16:12:00,44,67.88
11126,2,56,230,2026-01-03 16:12:00,38,63.31
1508,459,156,101,2026-01-03 16:28:00,57,84.84
16910,33,167,9,2026-01-03 16:41:00,51,78.71
5561,313,146,203,2026-01-03 16:43:00,22,34.13
12869,194,177,254,2026-01-03 16:52:00,18,29.26
17274,430,70,251,2026-01-03 16:57:00,29,44.49
9919,321,3,172,2026-01-03 16:58:00,60,93.26
12040,241,125,210,2026-01-03 17:01:00,34,53.79
4264,98,86,191,2026-01-03 17:06:00,13,24.78
1849,393,3,12,2026-01-03 17:24:00,54,81.38
11941,175,207,27,2026-01-03 17:32:00,42,68.06
8378,475,76,209,2026-01-03 17:33:00,56,87.62
16185,112,201,208,2026-01-03 17:37:00,59,91.81
8795,270,164,168,2026-01-03 17:39:00,19,30.59
8804,263,61,25,2026-01-03 17:41:00,13,22.23
5607,22,58,234,2026-01-03 17:43:00,19,30.95
19554,23,186,9,2026-01-03 17:53:00,32,50.75
1349,456,235,207,2026-01-03 18:01:00,60,92.49
3936,488,38,56,2026-01-03 18:08:00,25,38.69
10811,199,27,72,2026-01-03 18:09:00,27,44.57
4102,101,7,144,2026-01-03 18:09:00,22,35.04
17265,155,232,240,2026-01-03 18:13:00,26,41.11
16788,330,233,106,2026-01-03 18:19:00,49,75.1
2261,391,209,215,2026-01-03 18:21:00,23,36.71
397,428,137,90,2026-01-03 18:22:00,58,88.74
851,61,146,215,2026-01-03 18:25:00,42,63.72
10834,109,197,233,2026-01-03 18:26:00,53,85.18
8617,400,126,32,2026-01-03 18:30:00,26,33.69
10190,132,125,2,2026-01-03 18:33:00,5,9.93
11474,103,169,260,2026-01-03 18:39:00,44,67.14
4217,289,237,136,2026-01-03 18:45:00,46,71.57
14987,370,16,134,2026-01-03 18:49:00,42,61.15
42,306,262,48,2026-01-03 18:50:00,38,57.1
18065,430,81,21,2026-01-03 18:51:00,58,89.56
10244,262,169,123,2026-01-03 18:51:00,44,70.31
13506,356,124,135,2026-01-03 18:52:00,58,89.07
18783,80,261,167,2026-01-03 18:59:00,37,56.31
19546,172,240,226,2026-01-03 18:59:00,42,67.29
73,462,220,199,2026-01-03 19:02:00,15,24.21
16426,216,84,156,2026-01-03 19:04:00,35,56.09
566,309,243,259,2026-01-03 19:07:00,49,74.85
527,458,60,76,2026-01-03 19:12:00,31,47.09
15257,79,53,149,2026-01-03 19:14:00,33,53.72
14138,362,64,225,2026-01-03 19:14:00,24,37.68
17964,242,28,204,2026-01-03 19:19:00,12,21.64
16441,135,226,168,2026-01-03 19:31:00,39,58.04
3416,440,237,184,2026-01-03 19:32:00,8,15.25
16073,424,189,1,2026-01-03 19:32:00,40,61.53
4360,254,65,53,2026-01-03 19:34:00,56,86.66
11427,452,178,262,2026-01-03 19:38:00,27,40.54
5868,360,79,56,2026-01-03 19:46:00,33,52.67
71,387,133,189,2026-01-03 20:05:00,10,17.26
7345,182,33,206,2026-01-03 20:08:00,12,17.89
5515,69,30,162,2026-01-03 20:12:00,10,20.6
7269,374,200,104,2026-01-03 20:13:00,28,48.23
15075,239,255,244,2026-01-03 20:39:00,23,37.89
6495,323,25,7,2026-01-03 20:59:00,24,38.84
2703,316,5,118,2026-01-03 21:02:00,49,77.29
9920,318,96,162,2026-01-03 21:19:00,16,0.0
13952,372,203,222,2026-01-03 21:23:00,56,85.26
16573,470,32,229,2026-01-03 21:35:00,20,34.13
14743,415,91,207,2026-01-03 21:38:00,18,30.04
4295,261,109,39,2026-01-03 21:44:00,32,48.44
13096,452,239,254,2026-01-03 21:47:00,54,83.07
7005,170,126,25,2026-01-03 21:47:00,57,89.22
4442,269,75,161,2026-01-03 22:01:00,8,14.27
18546,258,166,221,2026-01-03 22:01:00,43,66.46
8775,333,264,95,2026-01-03 22:05:00,30,50.2
10134,394,105,256,2026-01-03 22:08:00,55,88.19
3200,250,165,64,2026-01-03 22:14:00,34,55.57
19644,197,179,15,2026-01-03 22:20:00,15,27.45
8065,70,36,203,2026-01-03 22:26:00,26,42.05
7821,225,167,151,2026-01-03 22:44:00,46,73.79
18216,168,40,152,2026-01-03 22:44:00,7,13.7
12866,253,131,82,2026-01-03 22:51:00,58,90.74
1269,393,94,158,2026-01-03 22:54:00,10,17.53
16132,112,232,67,2026-01-03 23:01:00,54,82.31
12546,495,212,213,2026-01-03 23:09:00,26,40.65
10085,168,256,151,2026-01-03 23:14:00,53,85.19
11679,223,74,162,2026-01-03 23:18:00,44,67.6
5815,252,180,111,2026-01-03 23:43:00,28,43.42
1989,420,209,31,2026-01-03 23:44:00,34,53.23
9078,274,158,174,2026-01-03 23:44:00,50,78.34
3256,125,258,49,2026-01-03 23:52:00,52,82.69
14571,474,165,162,2026-01-04 00:04:00,26,43.35
13720,477,252,92,2026-01-04 00:17:00,38,60.47
18427,171,181,203,2026-01-04 00:19:00,44,68.8
14561,343,248,163,2026-01-04 00:30:00,7,13.6
7435,288,26,78,2026-01-04 00:31:00,5,12.06
17288,313,139,265,2026-01-04 00:39:00,25,42.14
13339,195,54,197,2026-01-04 00:44:00,23,39.21
6518,103,8,11,2026-01-04 00:46:00,52,82.16
7632,494,258,132,2026-01-04 00:55:00,18,36.15
2209,213,237,96,2026-01-04 01:03:00,9,19.15
16189,287,45,75,2026-01-04 01:05:00,12,18.84
8258,178,162,44,2026-01-04 01:15:00,31,50.72
18056,84,27,16,2026-01-04 01:24:00,18,29.13
16181,252,29,157,2026-01-04 01:24:00,30,52.35
8319,208,97,4,2026-01-04 01:29:00,33,54.48
4490,249,82,242,2026-01-04 01:34:00,5,12.81
4939,401,14,247,2026-01-04 01:35:00,56,87.03
14071,78,151,115,2026-01-04 01:50:00,10,19.74
1262,165,86,175,2026-01-04 01:51:00,28,45.98
19491,330,157,73,2026-01-04 01:53:00,18,31.85
9867,13,196,140,2026-01-04 01:54:00,55,87.07
16516,146,161,170,2026-01-04 01:56:00,10,15.29
2775,299,136,29,2026-01-04 02:01:00,58,88.74
16252,317,64,90,2026-01-04 02:03:00,25,41.67
7918,313,244,202,2026-01-04 02:03:00,47,74.66
17353,99,180,161,2026-01-04 02:07:00,11,18.72
8756,490,151,81,2026-01-04 02:07:00,41,65.95
5670,199,136,247,2026-01-04 02:08:00,54,83.9
10694,186,9,21,2026-01-04 02:09:00,18,29.69
3822,236,1,137,2026-01-04 02:15:00,15,26.67
9984,451,180,155,2026-01-04 02:24:00,7,16.79
6589,101,31,10,2026-01-04 02:27:00,41,65.12
11248,228,228,190,2026-01-04 02:33:00,52,78.43
3394,446,117,134,2026-01-04 02:47:00,54,83.6
19719,117,113,54,2026-01-04 02:49:00,41,64.51
15638,321,215,94,2026-01-04 02:54:00,22,33.39
5966,439,246,135,2026-01-04 03:02:00,18,28.83
1355,132,61,162,2026-01-04 03:04:00,15,25.07
9622,147,139,74,2026-01-04 03:14:00,27,44.37
17772,90,189,147,2026-01-04 03:24:00,40,61.06
7263,83,257,97,2026-01-04 03:24:00,6,12.69
13558,83,19,37,2026-01-04 03:25:00,38,60.26
12405,294,139,102,2026-01-04 03:29:00,43,66.5
8473,426,194,84,2026-01-04 03:45:00,45,71.99
13242,11,15,265,2026-01-04 03:56:00,39,59.01
19002,296,152,123,2026-01-04 04:02:00,59,91.08
16246,357,183,246,2026-01-04 04:06:00,31,51.3
14887,135,69,158,2026-01-04 04:29:00,45,67.96
2187,167,168,175,2026-01-04 04:34:00,19,32.39
2979,167,224,11,2026-01-04 04:40:00,20,33.31
15271,305,146,51,2026-01-04 04:47:00,58,91.67
14630,357,222,210,2026-01-04 04:54:00,35,53.94
5938,336,87,110,2026-01-04 04:56:00,35,55.04
5592,23,158,230,2026-01-04 05:00:00,41,62.77
12191,112,47,256,2026-01-04 05:01:00,52,78.98
4558,71,179,75,2026-01-04 05:19:00,58,88.24
3088,126,218,178,2026-01-04 05:24:00,60,91.45
18905,463,263,92,2026-01-04 05:44:00,46,73.95
18767,206,76,139,2026-01-04 05:45:00,55,82.18
19123,185,253,143,2026-01-04 05:48:00,28,47.34
4935,403,170,230,2026-01-04 05:49:00,15,30.52
7613,388,123,258,2026-01-04 05:57:00,7,14.09
3848,45,66,113,2026-01-04 06:04:00,46,73.2
7770,499,80,89,2026-01-04 06:06:00,12,20.29
4652,370,61,74,2026-01-04 06:08:00,26,35.74
2405,249,195,97,2026-01-04 06:09:00,27,41.24
9753,9,128,211,2026-01-04 06:09:00,7,13.71
7593,197,258,153,2026-01-04 06:16:00,25,40.36
19893,196,107,251,2026-01-04 06:27:00,23,36.36
11641,4,235,51,2026-01-04 06:29:00,40,63.6
3393,71,157,195,2026-01-04 06:30:00,32,51.42
13703,383,66,122,2026-01-04 06:42:00,42,68.31
1937,360,163,106,2026-01-04 06:55:00,59,90.6
4120,425,213,107,2026-01-04 06:58:00,45,70.22
6149,1,107,31,2026-01-04 07:04:00,14,24.48
15830,322,200,154,2026-01-04 07:16:00,46,73.86
8557,370,150,48,2026-01-04 07:36:00,31,53.99
14167,112,130,249,2026-01-04 07:38:00,29,50.04
7829,6,76,264,2026-01-04 07:45:00,33,52.12
15769,19,83,95,2026-01-04 07:47:00,10,18.99
18243,410,81,114,2026-01-04 07:53:00,54,84.16
18075,381,249,182,2026-01-04 07:55:00,5,11.2
14347,257,225,196,2026-01-04 08:20:00,39,64.35
12236,394,25,150,2026-01-04 08:25:00,11,18.97
9574,122,74,212,2026-01-04 08:25:00,55,82.68
12733,128,139,199,2026-01-04 08:35:00,40,63.62
14701,95,172,178,2026-01-04 08:42:00,39,61.82
10052,29,64,111,2026-01-04 08:46:00,24,37.06
19050,486,221,96,2026-01-04 09:18:00,11,20.32
2434,25,52,104,2026-01-04 09:18:00,33,53.22
5025,35,27,145,2026-01-04 09:34:00,5,11.97
17322,77,241,139,2026-01-04 09:57:00,35,55.82
7961,218,65,50,2026-01-04 10:00:00,22,38.64
13118,266,16,264,2026-01-04 10:05:00,6,12.44
1100,5,242,263,2026-01-04 10:22:00,53,82.63
10094,212,31,194,2026-01-04 10:38:00,51,74.56
10395,226,197,22,2026-01-04 10:39:00,30,45.88
5876,293,70,125,2026-01-04 10:42:00,16,24.54
8377,293,260,30,2026-01-04 10:42:00,36,57.85
599,368,85,14,2026-01-04 10:46:00,12,23.59
7227,143,136,36,2026-01-04 10:55:00,32,49.53
14732,451,226,252,2026-01-04 10:58:00,55,83.81
5674,363,256,25,2026-01-04 11:07:00,41,64.47
3468,182,125,263,2026-01-04 11:13:00,54,83.3
19,338,205,59,2026-01-04 11:36:00,19,29.18
454,402,184,209,2026-01-04 11:52:00,11,22.14
5014,64,210,201,2026-01-04 11:59:00,25,42.46
5889,398,49,105,2026-01-04 12:02:00,33,52.83
9294,438,131,232,2026-01-04 12:02:00,49,76.62
14590,13,242,138,2026-01-04 12:10:00,53,83.07
13204,103,57,183,2026-01-04 12:15:00,9,19.11
19559,392,210,155,2026-01-04 12:32:00,28,41.94
1260,320,89,36,2026-01-04 12:36:00,47,73.84
16941,219,163,112,2026-01-04 12:51:00,53,83.26
8537,245,162,160,2026-01-04 12:52:00,60,90.15
16083,212,42,222,2026-01-04 12:53:00,20,31.17
1377,100,155,106,2026-01-04 13:02:00,31,48.66
10388,79,251,230,2026-01-04 13:21:00,15,27.86
4160,380,214,92,2026-01-04 13:27:00,30,46.28
4623,135,215,71,2026-01-04 13:41:00,51,80.49
12237,469,140,3,2026-01-04 14:03:00,48,74.01
19049,182,38,183,2026-01-04 14:09:00,17,24.75
17638,130,117,96,2026-01-04 14:11:00,45,71.92
17147,5,140,8,2026-01-04 14:21:00,16,27.04
14700,107,87,92,2026-01-04 14:22:00,25,39.51
112,421,161,66,2026-01-04 14:25:00,13,21.37
18400,208,218,186,2026-01-04 14:26:00,7,12.89
12724,172,99,123,2026-01-04 14:29:00,20,29.97
11550,480,35,34,2026-01-04 14:31:00,19,29.78
2470,392,144,38,2026-01-04 14:38:00,6,14.01
13069,308,248,139,2026-01-04 14:39:00,51,78.93
19442,242,217,181,2026-01-04 14:59:00,41,67.12
15359,80,9,36,2026-01-04 15:08:00,22,35.84
5033,56,58,257,2026-01-04 15:12:00,19,33.03
18439,346,159,207,2026-01-04 15:14:00,9,14.68
9664,43,211,165,2026-01-04 15:27:00,51,80.34
6546,472,121,11,2026-01-04 15:29:00,6,10.83
7806,323,241,224,2026-01-04 15:29:00,37,60.14
3419,265,35,99,2026-01-04 15:34:00,33,50.97
18320,77,39,262,2026-01-04 15:38:00,50,75.78
13296,114,2,44,2026-01-04 15:42:00,30,50.23
5466,220,109,222,2026-01-04 15:45:00,32,50.0
15011,33,246,214,2026-01-04 15:52:00,7,12.2
8285,236,136,64,2026-01-04 15:53:00,31,52.88
11869,399,216,217,2026-01-04 15:56:00,47,74.62
19059,229,47,63,2026-01-04 15:56:00,48,73.13
13545,180,186,56,2026-01-04 15:59:00,51,78.57
5108,145,182,214,2026-01-04 16:05:00,19,30.95
7147,384,113,43,2026-01-04 16:08:00,6,9.54
12890,401,238,239,2026-01-04 16:11:00,33,50.17
17582,85,229,86,2026-01-04 16:11:00,26,45.11
4527,26,170,105,2026-01-04 16:11:00,35,54.38
11093,382,263,131,2026-01-04 16:12:00,59,90.72
18870,327,15,238,2026-01-04 16:19:00,48,77.87
18282,9,126,85,2026-01-04 16:32:00,53,82.51
12845,4,118,9,2026-01-04 16:33:00,42,67.64
852,187,92,210,2026-01-04 16:37:00,20,33.06
9306,365,108,114,2026-01-04 16:39:00,18,29.74
6986,156,238,191,2026-01-04 16:40:00,9,20.11
16595,94,79,157,2026-01-04 16:46:00,53,81.68
6601,72,73,247,2026-01-04 17:01:00,55,86.32
18513,39,243,216,2026-01-04 17:12:00,51,80.48
2751,200,72,193,2026-01-04 17:17:00,28,46.77
16522,249,74,34,2026-01-04 17:18:00,14,26.82
1054,253,66,48,2026-01-04 17:19:00,25,40.93
10854,249,145,250,2026-01-04 17:26:00,54,83.83
9097,168,247,56,2026-01-04 17:30:00,47,73.17
15978,347,181,87,2026-01-04 17:31:00,43,68.76
4335,450,125,173,2026-01-04 17:54:00,59,91.08
632,432,213,38,2026-01-04 18:03:00,17,23.74
18080,385,114,107,2026-01-04 18:06:00,13,25.06
6250,234,105,220,2026-01-04 18:09:00,11,20.12
3803,12,80,221,2026-01-04 18:15:00,32,48.75
4707,49,12,8,2026-01-04 18:26:00,9,17.22
18917,202,161,132,2026-01-04 18:33:00,20,31.75
3841,107,227,74,2026-01-04 18:40:00,43,71.08
14084,339,246,193,2026-01-04 18:41:00,15,25.99
19999,11,85,187,2026-01-04 18:46:00,26,44.37
18043,2,120,61,2026-01-04 18:54:00,30,48.15
19503,420,143,175,2026-01-04 19:07:00,39,59.34
13092,144,233,33,2026-01-04 19:07:00,45,67.93
568,237,87,92,2026-01-04 19:23:00,18,32.49
9,386,183,87,2026-01-04 19:27:00,12,19.7
19728,335,203,111,2026-01-04 19:31:00,58,89.22
19277,175,177,4,2026-01-04 19:44:00,28,48.75
12412,500,119,22,2026-01-04 19:48:00,35,56.37
1235,89,129,31,2026-01-04 19:50:00,56,88.36
12710,281,156,24,2026-01-04 20:01:00,49,79.6
2547,14,259,218,2026-01-04 20:16:00,19,31.26
12626,166,214,130,2026-01-04 20:32:00,55,86.31
9693,172,117,265,2026-01-04 20:34:00,17,31.35
10594,175,41,134,2026-01-04 20:44:00,11,17.02
13930,468,37,140,2026-01-04 20:47:00,47,72.44
7276,477,139,33,2026-01-04 20:51:00,42,66.55
7676,45,161,234,2026-01-04 20:52:00,16,27.34
10712,289,227,103,2026-01-04 20:54:00,26,41.39
15083,45,15,149,2026-01-04 21:09:00,48,76.03
14669,145,11,169,2026-01-04 21:18:00,14,22.25
5546,350,162,213,2026-01-04 21:18:00,13,23.01
6608,121,141,160,2026-01-04 21:21:00,25,41.68
9003,406,251,32,2026-01-04 21:29:00,13,22.74
9970,142,123,131,2026-01-04 21:47:00,42,64.68
19586,460,81,132,2026-01-04 21:57:00,31,52.26
11537,331,182,3,2026-01-04 21:58:00,58,88.72
10352,278,18,46,2026-01-04 22:04:00,22,35.19
17831,471,175,217,2026-01-04 22:08:00,26,42.71
15118,214,250,176,2026-01-04 22:14:00,10,17.74
15871,73,101,93,2026-01-04 22:24:00,27,45.93
14196,417,12,90,2026-01-04 22:28:00,48,76.3
11713,254,167,256,2026-01-04 22:28:00,50,79.34
3044,41,221,165,2026-01-04 22:29:00,30,49.81
2018,57,91,168,2026-01-04 22:30:00,57,91.83
1154,173,186,241,2026-01-04 22:47:00,56,91.78
14531,457,203,78,2026-01-04 22:47:00,50,78.88
9550,296,240,76,2026-01-04 22:57:00,56,88.83
17643,253,56,88,2026-01-04 23:01:00,29,46.0
14250,266,47,228,2026-01-04 23:03:00,22,35.19
6311,352,235,241,2026-01-04 23:28:00,43,68.85
2570,352,49,19,2026-01-04 23:29:00,15,28.61
11157,273,192,132,2026-01-04 23:30:00,48,74.42
3987,486,186,6,2026-01-04 23:34:00,46,70.47
11954,181,199,221,2026-01-04 23:36:00,45,70.95
10554,152,80,19,2026-01-04 23:38:00,16,24.12
17573,89,23,44,2026-01-05 00:03:00,39,60.87
15795,257,29,215,2026-01-05 00:12:00,17,28.18
12560,197,196,144,2026-01-05 00:14:00,18,29.66
5508,332,218,156,2026-01-05 00:22:00,6,11.89
14522,419,240,249,2026-01-05 00:26:00,51,80.13
11936,218,54,112,2026-01-05 00:40:00,56,88.53
5027,434,94,234,2026-01-05 00:44:00,42,68.75
3942,416,94,88,2026-01-05 00:53:00,24,39.27
9708,428,217,159,2026-01-05 00:57:00,14,23.6
7348,177,174,72,2026-01-05 01:04:00,46,70.2
14916,200,42,85,2026-01-05 01:16:00,30,47.83
17866,143,109,60,2026-01-05 01:30:00,20,36.31
2792,201,197,121,2026-01-05 01:34:00,58,89.44
12506,273,45,36,2026-01-05 01:40:00,42,65.25
4540,399,97,197,2026-01-05 01:47:00,55,87.73
3160,287,205,221,2026-01-05 01:47:00,31,50.5
15484,321,134,205,2026-01-05 01:48:00,41,62.13
8132,189,182,167,2026-01-05 02:15:00,8,16.64
19939,207,84,5,2026-01-05 02:18:00,18,29.28
12641,102,194,223,2026-01-05 02:21:00,18,32.41
1810,274,224,106,2026-01-05 02:21:00,25,44.38
5422,234,10,138,2026-01-05 02:27:00,52,82.09
5421,342,199,17,2026-01-05 02:29:00,10,19.07
14149,498,189,190,2026-01-05 02:33:00,18,29.62
10231,115,52,170,2026-01-05 02:36:00,30,48.24
6984,384,8,67,2026-01-05 02:36:00,40,61.72
15485,318,115,71,2026-01-05 02:40:00,23,36.5
794,72,61,71,2026-01-05 02:50:00,42,65.78
14551,258,197,119,2026-01-05 02:52:00,25,41.72
15203,407,99,193,2026-01-05 02:55:00,29,46.1
7292,336,186,152,2026-01-05 02:57:00,15,25.6
11346,41,150,193,2026-01-05 03:02:00,51,78.63
17393,225,118,28,2026-01-05 03:02:00,36,56.81
11100,242,149,41,2026-01-05 03:08:00,33,53.94
4980,477,253,212,2026-01-05 03:13:00,38,58.33
6348,224,248,127,2026-01-05 03:14:00,8,15.13
5329,288,227,122,2026-01-05 03:36:00,40,62.69
7039,410,94,262,2026-01-05 03:37:00,9,13.23
1648,53,223,139,2026-01-05 03:45:00,23,36.75
7972,76,216,116,2026-01-05 03:53:00,24,38.34
12587,453,211,246,2026-01-05 03:56:00,59,89.75
14181,392,208,256,2026-01-05 04:01:00,18,33.52
5093,400,116,78,2026-01-05 04:05:00,36,56.49
5738,423,225,172,2026-01-05 04:09:00,18,30.93
14879,257,241,130,2026-01-05 04:18:00,32,49.52
14420,246,101,149,2026-01-05 04:20:00,51,77.41
6331,165,234,92,2026-01-05 04:24:00,41,64.06
18771,458,112,36,2026-01-05 04:32:00,42,69.37
15700,147,231,175,2026-01-05 04:38:00,35,55.63
7670,238,44,176,2026-01-05 04:40:00,20,34.41
3457,112,155,67,2026-01-05 04:40:00,52,84.72
16598,301,121,232,2026-01-05 04:52:00,37,62.18
6088,376,66,129,2026-01-05 05:10:00,12,20.15
1629,142,164,247,2026-01-05 05:12:00,48,72.3
8102,6,109,239,2026-01-05 05:17:00,42,68.5
16718,282,246,253,2026-01-05 05:24:00,33,53.97
5341,356,71,121,2026-01-05 05:29:00,16,26.28
332,50,99,88,2026-01-05 05:45:00,23,38.26
768,313,149,61,2026-01-05 05:46:00,46,66.02
12364,371,35,88,2026-01-05 05:49:00,15,26.82
228,486,44,76,2026-01-05 05:54:00,53,86.77
646,44,96,62,2026-01-05 06:02:00,15,25.24
3407,271,52,192,2026-01-05 06:06:00,16,29.87
12470,269,71,66,2026-01-05 06:12:00,39,59.26
13032,72,89,10,2026-01-05 06:17:00,12,20.3
80,392,158,174,2026-01-05 06:32:00,13,20.66
9452,195,102,223,2026-01-05 06:36:00,53,82.19
12486,471,140,108,2026-01-05 06:42:00,45,71.21
9166,314,82,85,2026-01-05 06:51:00,30,52.3
31,247,134,230,2026-01-05 07:03:00,55,89.45
5409,443,222,113,2026-01-05 07:15:00,24,36.83
6292,466,16,50,2026-01-05 07:16:00,37,60.11
541,383,216,77,2026-01-05 07:21:00,58,90.56
7677,365,43,151,2026-01-05 07:26:00,22,36.4
9182,424,147,159,2026-01-05 07:26:00,57,88.61
2088,168,65,44,2026-01-05 07:40:00,16,25.06
10367,205,27,139,2026-01-05 07:46:00,7,11.78
9124,364,169,246,2026-01-05 07:47:00,27,47.19
10109,486,63,78,2026-01-05 07:49:00,50,77.83
6515,415,39,238,2026-01-05 07:56:00,9,17.34
19575,102,179,41,2026-01-05 08:03:00,15,25.18
896,135,191,194,2026-01-05 08:10:00,38,58.59
4213,163,34,235,2026-01-05 08:13:00,34,52.59
16930,439,92,42,2026-01-05 08:14:00,33,53.03
10764,56,144,78,2026-01-05 08:18:00,30,50.38
17122,397,148,35,2026-01-05 08:25:00,50,76.02
10564,6,41,41,2026-01-05 08:39:00,21,34.29
6756,460,195,176,2026-01-05 08:40:00,39,60.14
6964,402,52,142,2026-01-05 08:42:00,23,34.55
17369,108,241,146,2026-01-05 08:50:00,12,20.56
7002,114,49,248,2026-01-05 09:05:00,13,20.51
4688,473,60,1,2026-01-05 09:15:00,23,36.11
5722,429,241,231,2026-01-05 09:17:00,31,48.08
16466,124,79,112,2026-01-05 09:18:00,59,87.79
1037,321,107,200,2026-01-05 09:27:00,48,73.09
18588,150,147,7,2026-01-05 09:34:00,42,65.96
17674,153,92,7,2026-01-05 09:48:00,49,76.05
17347,213,135,44,2026-01-05 09:48:00,19,30.8
1187,4,210,76,2026-01-05 10:01:00,37,56.63
8720,490,194,10,2026-01-05 10:02:00,18,29.95
4749,461,150,49,2026-01-05 10:27:00,47,71.66
2952,294,210,145,2026-01-05 10:28:00,38,63.95
10704,127,54,118,2026-01-05 10:39:00,7,12.48
8887,393,120,244,2026-01-05 10:41:00,20,33.18
3834,86,203,189,2026-01-05 10:57:00,55,86.52
7378,323,55,235,2026-01-05 10:59:00,47,71.13
18054,172,177,37,2026-01-05 11:07:00,43,65.12
16512,148,91,51,2026-01-05 11:14:00,44,68.86
18351,455,206,108,2026-01-05 11:15:00,46,74.69
2508,298,100,22,2026-01-05 11:23:00,45,71.47
15679,406,74,43,2026-01-05 11:30:00,43,66.47
6697,51,88,204,2026-01-05 11:43:00,38,56.84
3964,378,54,94,2026-01-05 11:44:00,59,87.03
19919,244,257,169,2026-01-05 11:53:00,21,34.78
19111,290,220,155,2026-01-05 11:57:00,32,51.94
14357,387,193,8,2026-01-05 11:57:00,30,50.15
7871,405,132,188,2026-01-05 12:04:00,57,88.9
19215,374,82,256,2026-01-05 12:10:00,8,12.41
6360,23,111,240,2026-01-05 12:13:00,16,26.22
16362,490,75,259,2026-01-05 12:15:00,51,80.08
17846,324,11,172,2026-01-05 12:19:00,10,12.98
9108,132,239,231,2026-01-05 12:21:00,30,47.09
10220,35,34,49,2026-01-05 12:23:00,53,84.01
2790,163,114,215,2026-01-05 12:29:00,51,77.55
14494,189,144,201,2026-01-05 12:43:00,12,19.02
9149,362,34,22,2026-01-05 12:50:00,39,59.25
10158,94,185,233,2026-01-05 12:52:00,46,71.54
7995,77,167,207,2026-01-05 13:04:00,8,13.96
16888,118,60,218,2026-01-05 13:11:00,19,31.74
200,397,244,183,2026-01-05 13:14:00,35,52.83
13414,107,150,142,2026-01-05 13:18:00,33,50.72
5838,495,17,35,2026-01-05 13:23:00,46,72.07
1668,76,218,244,2026-01-05 13:25:00,24,36.82
2275,77,4,178,2026-01-05 13:35:00,11,19.8
16157,282,66,264,2026-01-05 13:47:00,39,63.06
17190,113,95,53,2026-01-05 13:54:00,25,44.23
1796,380,179,85,2026-01-05 13:55:00,56,89.06
12908,249,8,89,2026-01-05 14:10:00,50,77.73
3780,301,150,211,2026-01-05 14:15:00,33,51.45
13234,152,198,258,2026-01-05 14:15:00,51,80.56
9881,346,126,101,2026-01-05 14:32:00,19,27.55
11847,9,194,149,2026-01-05 14:32:00,17,24.73
5472,10,154,46,2026-01-05 14:34:00,17,28.24
7484,188,129,261,2026-01-05 14:42:00,44,68.73
12669,199,165,76,2026-01-05 14:43:00,47,75.59
17842,174,145,255,2026-01-05 15:12:00,9,16.8
11724,425,122,174,2026-01-05 15:14:00,59,92.24
18467,293,49,52,2026-01-05 15:18:00,18,31.46
16940,278,225,164,2026-01-05 15:20:00,5,7.99
19776,25,177,261,2026-01-05 15:22:00,43,67.3
11271,173,133,64,2026-01-05 15:30:00,43,64.65
16945,151,215,66,2026-01-05 15:31:00,46,72.99
9307,52,236,46,2026-01-05 15:31:00,50,79.92
4382,246,237,167,2026-01-05 15:46:00,49,72.81
10628,89,105,205,2026-01-05 15:50:00,47,72.17
1614,132,3,200,2026-01-05 16:03:00,39,62.01
12041,437,48,224,2026-01-05 16:07:00,45,68.3
17340,280,55,34,2026-01-05 16:12:00,46,70.46
17868,260,263,187,2026-01-05 16:15:00,22,32.0
19033,436,50,24,2026-01-05 16:22:00,21,36.57
14287,303,82,212,2026-01-05 16:40:00,19,31.12
4078,203,210,32,2026-01-05 16:57:00,30,47.58
2489,277,40,112,2026-01-05 16:58:00,42,67.5
14994,282,68,205,2026-01-05 17:21:00,40,59.68
8048,338,37,109,2026-01-05 17:29:00,6,8.26
17860,384,157,184,2026-01-05 17:30:00,56,91.47
11620,285,23,154,2026-01-05 17:46:00,43,64.73
7219,66,107,244,2026-01-05 17:55:00,29,47.13
372,416,127,193,2026-01-05 17:57:00,59,90.88
3763,152,39,91,2026-01-05 18:05:00,58,90.93
6841,252,85,250,2026-01-05 18:08:00,47,73.14
19562,437,52,152,2026-01-05 18:08:00,58,88.45
19146,450,149,159,2026-01-05 18:11:00,11,20.4
1788,327,140,167,2026-01-05 18:19:00,59,90.88
16562,67,208,38,2026-01-05 18:36:00,40,64.3
17458,217,106,160,2026-01-05 18:44:00,27,44.73
10972,83,127,118,2026-01-05 19:00:00,60,92.86
6731,211,123,30,2026-01-05 19:16:00,12,21.4
3561,472,261,159,2026-01-05 19:24:00,55,86.16
8198,384,151,44,2026-01-05 19:26:00,37,58.28
9072,303,45,61,2026-01-05 19:32:00,21,33.92
3526,63,56,200,2026-01-05 19:38:00,20,34.56
5301,171,142,156,2026-01-05 19:44:00,50,82.09
7939,453,111,259,2026-01-05 20:09:00,28,44.96
1779,71,113,246,2026-01-05 20:11:00,41,62.68
13944,474,17,91,2026-01-05 20:23:00,40,63.52
7154,383,149,5,2026-01-05 20:31:00,51,78.91
11501,437,92,229,2026-01-05 21:03:00,20,34.15
15772,242,104,87,2026-01-05 21:06:00,51,77.19
6242,440,120,28,2026-01-05 21:10:00,47,71.95
18919,29,251,135,2026-01-05 21:24:00,56,86.05
6836,314,140,202,2026-01-05 21:25:00,18,31.42
6078,429,229,214,2026-01-05 21:44:00,18,33.89
3096,202,43,253,2026-01-05 21:44:00,11,17.57
771,54,103,207,2026-01-05 21:56:00,11,22.01
5528,68,190,76,2026-01-05 21:59:00,21,37.01
13808,472,125,179,2026-01-05 21:59:00,30,50.12
9923,421,48,178,2026-01-05 22:01:00,26,45.66
2122,402,221,51,2026-01-05 22:16:00,38,61.85
4331,97,217,47,2026-01-05 22:16:00,48,74.93
15363,45,92,215,2026-01-05 22:24:00,38,59.7
10160,382,170,174,2026-01-05 22:26:00,13,22.42
13003,263,170,207,2026-01-05 22:32:00,45,67.51
16927,11,49,83,2026-01-05 22:40:00,20,33.12
19092,7,24,219,2026-01-05 22:43:00,26,42.01
6959,94,109,124,2026-01-05 22:56:00,53,81.14
3898,395,263,112,2026-01-05 23:02:00,49,77.03
10877,499,1,57,2026-01-05 23:03:00,52,83.59
5251,76,181,113,2026-01-05 23:12:00,26,42.92
12944,203,195,6,2026-01-05 23:21:00,42,66.25
15629,318,95,175,2026-01-05 23:30:00,30,49.44
14128,27,64,148,2026-01-05 23:58:00,57,90.27
18321,322,209,152,2026-01-06 00:01:00,12,21.75
5290,345,158,206,2026-01-06 00:04:00,30,42.78
16979,166,169,127,2026-01-06 00:18:00,53,84.7
8280,202,139,39,2026-01-06 00:18:00,60,93.18
17390,271,45,73,2026-01-06 00:30:00,49,76.73
13791,421,134,30,2026-01-06 00:37:00,45,68.64
1027,365,79,155,2026-01-06 00:43:00,30,48.49
19389,391,136,256,2026-01-06 00:47:00,27,43.63
5401,20,130,207,2026-01-06 01:01:00,10,19.31
9075,103,204,30,2026-01-06 01:19:00,29,44.3
7319,412,52,137,2026-01-06 01:40:00,44,66.78
1828,434,38,131,2026-01-06 01:45:00,30,46.21
55,368,130,105,2026-01-06 01:46:00,15,24.27
4328,36,210,83,2026-01-06 01:55:00,54,84.03
828,47,120,161,2026-01-06 01:57:00,46,71.27
11958,228,182,63,2026-01-06 02:00:00,27,48.02
11198,429,192,149,2026-01-06 02:15:00,15,25.89
15493,358,136,125,2026-01-06 02:24:00,53,83.34
14334,326,157,115,2026-01-06 02:26:00,56,88.36
8969,463,209,36,2026-01-06 02:31:00,47,71.92
9711,327,83,105,2026-01-06 02:33:00,11,18.96
1665,260,47,141,2026-01-06 02:42:00,36,56.34
18160,97,250,12,2026-01-06 02:44:00,27,43.87
13347,144,262,54,2026-01-06 02:49:00,17,25.67
19031,450,176,221,2026-01-06 02:49:00,37,59.49
7639,255,153,111,2026-01-06 02:56:00,12,20.67
8950,253,55,237,2026-01-06 02:58:00,55,84.94
19863,79,243,71,2026-01-06 03:02:00,6,11.77
5703,55,144,49,2026-01-06 03:03:00,24,38.99
19628,392,224,127,2026-01-06 03:09:00,9,16.09
908,228,98,128,2026-01-06 03:23:00,25,41.39
18297,150,169,211,2026-01-06 03:32:00,58,88.52
14820,481,31,172,2026-01-06 03:40:00,50,78.77
3077,467,262,224,2026-01-06 03:43:00,21,36.06
17693,324,66,46,2026-01-06 04:09:00,13,22.22
959,407,34,218,2026-01-06 04:16:00,27,41.85
13755,109,60,121,2026-01-06 04:18:00,33,52.67
4130,91,41,182,2026-01-06 04:21:00,39,60.13
18726,195,18,12,2026-01-06 04:26:00,22,37.28
16907,374,231,133,2026-01-06 04:46:00,51,81.57
9547,429,24,206,2026-01-06 04:46:00,44,68.72
18719,223,85,77,2026-01-06 04:51:00,39,62.32
15169,217,31,253,2026-01-06 04:55:00,31,48.9
18975,45,219,219,2026-01-06 05:01:00,7,12.76
19482,390,237,124,2026-01-06 05:03:00,16,25.22
18248,166,166,180,2026-01-06 05:05:00,14,27.87
14200,279,70,164,2026-01-06 05:11:00,17,28.0
11161,147,39,239,2026-01-06 05:19:00,41,67.07
6898,156,88,130,2026-01-06 05:29:00,23,36.9
4885,5,91,265,2026-01-06 05:41:00,43,70.94
7272,69,6,124,2026-01-06 05:54:00,33,51.54
15183,280,58,112,2026-01-06 05:59:00,12,20.27
7974,252,181,50,2026-01-06 06:07:00,48,72.58
16931,445,233,212,2026-01-06 06:13:00,59,91.87
19333,237,113,146,2026-01-06 06:22:00,17,31.52
15089,228,59,99,2026-01-06 06:30:00,12,25.28
19290,349,82,216,2026-01-06 06:34:00,34,54.97
19022,482,243,196,2026-01-06 06:51:00,60,95.22
16511,369,44,183,2026-01-06 07:01:00,13,20.89
11091,320,99,257,2026-01-06 07:30:00,32,50.42
19975,205,133,201,2026-01-06 07:51:00,25,41.59
12564,310,70,36,2026-01-06 08:08:00,46,68.92
1718,483,46,27,2026-01-06 08:17:00,23,39.47
18010,138,106,183,2026-01-06 08:35:00,43,65.62
5243,80,152,104,2026-01-06 08:39:00,35,59.69
17232,349,32,97,2026-01-06 08:40:00,31,49.98
15933,376,225,22,2026-01-06 08:43:00,46,72.65
11950,274,10,88,2026-01-06 08:48:00,22,33.52
16506,177,122,144,2026-01-06 08:50:00,39,60.75
487,340,176,115,2026-01-06 08:54:00,22,35.88
7076,139,20,32,2026-01-06 08:58:00,21,31.41
15777,55,167,105,2026-01-06 09:31:00,14,24.55
10448,39,204,142,2026-01-06 09:38:00,29,48.55
16081,273,34,158,2026-01-06 09:42:00,55,86.73
13764,26,121,59,2026-01-06 09:51:00,26,45.58
1716,331,228,57,2026-01-06 09:53:00,14,25.43
19264,231,29,30,2026-01-06 09:54:00,45,74.18
16652,237,11,231,2026-01-06 09:55:00,51,82.66
16500,105,241,219,2026-01-06 10:02:00,30,46.67
366,70,157,174,2026-01-06 10:15:00,56,85.44
15321,247,50,78,2026-01-06 10:33:00,48,76.61
100,66,175,216,2026-01-06 10:42:00,10,16.84
10463,187,244,62,2026-01-06 10:44:00,11,24.09
18992,414,205,152,2026-01-06 10:55:00,33,51.74
14073,314,166,255,2026-01-06 11:00:00,50,77.75
5464,183,168,52,2026-01-06 11:39:00,12,24.64
6148,481,86,172,2026-01-06 11:39:00,50,76.93
8698,155,118,119,2026-01-06 11:45:00,20,37.55
15768,291,49,96,2026-01-06 11:48:00,39,57.4
19834,312,102,135,2026-01-06 11:55:00,16,29.58
8194,93,216,21,2026-01-06 12:02:00,37,57.1
15684,48,6,9,2026-01-06 12:14:00,16,29.25
684,408,172,190,2026-01-06 12:16:00,9,17.01
8408,258,122,139,2026-01-06 12:43:00,51,76.8
9455,469,24,238,2026-01-06 12:50:00,22,35.46
16261,278,216,182,2026-01-06 12:58:00,46,69.5
11626,317,130,12,2026-01-06 13:00:00,29,44.87
5293,345,175,179,2026-01-06 13:07:00,37,60.66
690,210,25,135,2026-01-06 13:10:00,51,77.44
5553,307,106,1,2026-01-06 13:14:00,12,20.77
3932,155,225,78,2026-01-06 13:20:00,40,64.42
198,275,69,108,2026-01-06 13:29:00,9,16.4
207,193,9,63,2026-01-06 13:34:00,9,12.59
8434,360,94,51,2026-01-06 13:46:00,16,28.9
4468,173,133,50,2026-01-06 13:52:00,37,57.4
13019,387,123,143,2026-01-06 13:58:00,40,63.03
16423,472,232,237,2026-01-06 13:59:00,34,56.64
18699,163,180,14,2026-01-06 14:02:00,21,34.02
19158,368,243,71,2026-01-06 14:04:00,9,15.23
10020,205,123,151,2026-01-06 14:06:00,50,78.1
13137,252,93,201,2026-01-06 14:10:00,50,78.05
1298,394,166,60,2026-01-06 14:20:00,35,54.53
324,213,204,78,2026-01-06 14:27:00,15,23.61
6020,352,80,147,2026-01-06 14:28:00,19,35.15
13482,79,257,28,2026-01-06 14:41:00,24,43.29
15559,269,215,227,2026-01-06 14:42:00,43,67.46
17958,50,64,85,2026-01-06 14:43:00,60,92.32
15942,204,250,125,2026-01-06 14:47:00,22,33.33
15234,446,97,28,2026-01-06 14:53:00,7,15.07
1799,222,208,100,2026-01-06 14:58:00,44,69.46
9905,146,258,172,2026-01-06 15:01:00,39,59.02
13262,303,16,119,2026-01-06 15:01:00,37,56.95
8333,219,220,72,2026-01-06 15:24:00,40,61.77
19678,353,52,100,2026-01-06 15:44:00,25,41.02
4736,155,17,254,2026-01-06 15:48:00,29,44.66
11162,7,42,132,2026-01-06 15:55:00,17,28.76
18999,314,1,222,2026-01-06 15:55:00,49,73.15
11171,376,88,39,2026-01-06 16:04:00,7,14.9
14908,395,129,23,2026-01-06 16:07:00,52,76.28
17382,425,233,44,2026-01-06 16:13:00,27,43.83
12662,367,49,3,2026-01-06 16:18:00,57,90.1
18714,213,235,176,2026-01-06 16:31:00,27,42.77
9792,269,52,244,2026-01-06 16:31:00,44,70.27
11214,434,140,165,2026-01-06 16:45:00,53,80.99
1249,305,256,134,2026-01-06 16:55:00,17,27.29
18102,345,60,94,2026-01-06 16:58:00,53,79.87
7769,169,172,43,2026-01-06 17:09:00,30,44.69
5993,386,159,20,2026-01-06 17:23:00,43,69.4
2436,310,249,166,2026-01-06 17:44:00,52,81.12
16846,306,123,248,2026-01-06 17:55:00,48,74.09
7912,126,97,88,2026-01-06 17:58:00,60,94.9
13438,256,42,4,2026-01-06 18:00:00,50,76.72
463,292,11,62,2026-01-06 18:00:00,48,73.83
11572,5,2,134,2026-01-06 18:05:00,27,42.46
18094,314,220,162,2026-01-06 18:17:00,8,12.07
17011,19,178,246,2026-01-06 18:22:00,54,85.45
13302,129,255,63,2026-01-06 18:25:00,5,9.89
1800,355,178,15,2026-01-06 18:34:00,24,41.72
7581,128,179,164,2026-01-06 18:55:00,8,15.31
8978,222,88,187,2026-01-06 19:15:00,34,54.13
2329,380,196,97,2026-01-06 19:20:00,11,15.74
19929,315,71,237,2026-01-06 19:24:00,22,31.6
9539,116,12,153,2026-01-06 19:28:00,11,17.05
385,67,4,204,2026-01-06 19:40:00,20,38.03
12794,72,44,166,2026-01-06 19:58:00,42,63.88
9902,231,161,107,2026-01-06 19:59:00,52,80.39
18600,496,82,183,2026-01-06 20:07:00,46,72.09
13856,12,82,244,2026-01-06 20:08:00,60,92.89
15155,55,72,250,2026-01-06 20:15:00,31,47.73
7976,314,103,105,2026-01-06 20:17:00,23,36.04
7469,173,143,198,2026-01-06 20:23:00,27,43.14
9688,326,103,77,2026-01-06 20:29:00,8,13.06
2668,171,247,74,2026-01-06 20:30:00,49,77.49
14986,424,125,95,2026-01-06 20:31:00,18,30.04
544,373,163,187,2026-01-06 20:46:00,50,78.82
5986,257,238,22,2026-01-06 20:51:00,48,74.49
4450,309,143,70,2026-01-06 20:56:00,24,35.62
12434,239,109,74,2026-01-06 21:00:00,46,70.17
14883,69,45,246,2026-01-06 21:07:00,25,37.71
19846,467,102,134,2026-01-06 21:07:00,44,70.14
502,159,7,251,2026-01-06 21:14:00,36,56.42
14601,264,261,122,2026-01-06 21:23:00,55,84.91
14037,449,147,142,2026-01-06 21:26:00,17,28.75
16457,393,226,112,2026-01-06 21:30:00,20,33.46
7078,6,109,43,2026-01-06 21:41:00,50,76.99
1067,499,204,87,2026-01-06 21:49:00,32,53.07
19437,470,167,178,2026-01-06 21:57:00,11,20.69
2148,482,49,62,2026-01-06 21:58:00,7,12.04
7451,185,188,27,2026-01-06 22:05:00,9,12.73
5609,343,194,223,2026-01-06 22:07:00,11,19.46
10530,11,12,62,2026-01-06 22:17:00,30,49.62
7371,444,197,163,2026-01-06 22:21:00,53,80.09
16385,466,17,189,2026-01-06 22:24:00,27,44.76
18647,52,176,42,2026-01-06 22:39:00,14,22.62
7407,292,202,71,2026-01-06 22:43:00,37,60.8
18009,46,228,260,2026-01-06 22:44:00,40,64.23
344,493,24,186,2026-01-06 22:48:00,47,72.06
3908,432,26,249,2026-01-06 22:51:00,29,45.09
7824,401,140,118,2026-01-06 23:07:00,15,26.2
5634,96,175,123,2026-01-06 23:18:00,51,78.81
3787,467,102,70,2026-01-06 23:26:00,39,59.48
3491,499,55,92,2026-01-06 23:26:00,17,29.75
5378,121,101,52,2026-01-06 23:49:00,56,86.64
9812,385,162,156,2026-01-06 23:51:00,49,73.86
4282,176,18,89,2026-01-06 23:56:00,52,80.29
16364,424,137,80,2026-01-06 23:58:00,6,10.61
18038,316,35,218,2026-01-07 00:11:00,11,21.08
10702,182,106,219,2026-01-07 00:14:00,55,83.36
18076,36,75,72,2026-01-07 00:21:00,20,33.85
12516,210,225,261,2026-01-07 00:22:00,19,33.2
12674,27,83,74,2026-01-07 00:25:00,57,87.67
766,128,40,137,2026-01-07 00:29:00,20,33.75
13098,187,28,212,2026-01-07 00:45:00,34,53.61
18416,219,89,164,2026-01-07 00:47:00,40,68.23
19886,312,137,44,2026-01-07 00:47:00,46,75.44
13421,395,94,127,2026-01-07 00:52:00,57,86.82
4178,369,224,204,2026-01-07 00:54:00,51,76.33
12680,37,125,15,2026-01-07 01:03:00,36,55.3
5625,318,213,171,2026-01-07 01:04:00,52,79.35
9615,224,33,118,2026-01-07 01:07:00,35,55.67
8551,467,85,201,2026-01-07 01:21:00,29,48.49
16800,76,150,44,2026-01-07 01:34:00,24,38.24
13239,402,210,63,2026-01-07 02:05:00,20,30.5
15307,338,262,208,2026-01-07 02:12:00,47,74.35
10207,40,7,29,2026-01-07 02:21:00,14,24.77
18887,318,88,6,2026-01-07 02:39:00,9,18.92
3488,11,94,40,2026-01-07 02:48:00,19,33.07
536,78,229,244,2026-01-07 02:49:00,36,54.47
7461,268,185,253,2026-01-07 02:59:00,18,30.87
19962,493,11,49,2026-01-07 03:04:00,56,87.06
2647,181,176,242,2026-01-07 03:06:00,46,70.03
2590,202,64,34,2026-01-07 03:13:00,35,56.81
9339,6,243,224,2026-01-07 03:16:00,31,46.61
8230,33,25,63,2026-01-07 03:20:00,48,77.81
2085,183,140,244,2026-01-07 03:23:00,29,47.05
17047,440,206,221,2026-01-07 03:25:00,55,83.93
4223,150,188,24,2026-01-07 03:34:00,25,40.82
3466,150,123,122,2026-01-07 03:38:00,47,73.37
8789,236,169,24,2026-01-07 03:41:00,43,67.25
11651,204,22,240,2026-01-07 04:06:00,19,27.06
1115,257,199,45,2026-01-07 04:07:00,27,41.14
12880,324,154,83,2026-01-07 04:10:00,16,28.96
8000,229,223,230,2026-01-07 04:12:00,37,58.1
15593,34,204,171,2026-01-07 04:27:00,54,89.29
16096,353,119,154,2026-01-07 04:38:00,22,38.6
18549,43,47,39,2026-01-07 04:38:00,18,27.84
12886,187,198,129,2026-01-07 04:42:00,11,17.22
10471,251,190,202,2026-01-07 04:42:00,50,76.77
13324,180,146,249,2026-01-07 04:59:00,35,58.06
3214,208,113,217,2026-01-07 05:00:00,59,92.03
17678,10,249,264,2026-01-07 05:02:00,15,26.92
16851,362,54,8,2026-01-07 05:20:00,10,16.91
3454,462,239,251,2026-01-07 05:23:00,37,58.03
2044,177,236,193,2026-01-07 05:24:00,16,25.27
12933,133,127,76,2026-01-07 05:28:00,21,35.84
16343,473,39,85,2026-01-07 05:47:00,14,25.72
17910,397,62,133,2026-01-07 05:47:00,26,39.54
3272,379,35,242,2026-01-07 05:56:00,22,34.19
18881,486,204,103,2026-01-07 06:04:00,53,83.94
19274,139,33,7,2026-01-07 06:08:00,13,24.13
8073,196,40,127,2026-01-07 06:15:00,43,66.34
17994,355,247,149,2026-01-07 06:15:00,53,81.32
14941,476,181,74,2026-01-07 06:22:00,59,89.72
17895,492,194,216,2026-01-07 06:26:00,45,71.69
4692,62,2,194,2026-01-07 06:27:00,53,79.09
8436,244,95,17,2026-01-07 06:30:00,9,15.42
13902,383,1,94,2026-01-07 06:33:00,14,24.61
18968,296,141,93,2026-01-07 06:38:00,40,64.72
561,462,108,163,2026-01-07 06:43:00,14,21.49
3971,136,137,80,2026-01-07 06:43:00,48,72.75
481,293,183,94,2026-01-07 06:44:00,44,68.55
2744,173,95,155,2026-01-07 06:47:00,41,63.12
3092,177,242,233,2026-01-07 06:48:00,37,58.77
16057,219,27,154,2026-01-07 06:52:00,43,69.95
8413,420,199,209,2026-01-07 06:56:00,9,16.57
14595,108,232,102,2026-01-07 07:16:00,13,21.85
6294,257,22,152,2026-01-07 07:22:00,47,73.74
12462,159,96,58,2026-01-07 07:28:00,7,14.75
12521,121,122,246,2026-01-07 07:28:00,33,52.79
15070,44,224,208,2026-01-07 07:38:00,17,27.24
15039,136,117,196,2026-01-07 07:44:00,60,92.1
9382,26,228,131,2026-01-07 07:49:00,29,44.37
11386,208,77,126,2026-01-07 07:53:00,29,43.84
9324,223,49,146,2026-01-07 08:10:00,42,67.67
8743,316,60,18,2026-01-07 08:15:00,43,70.2
12019,164,210,172,2026-01-07 08:28:00,11,17.21
2801,127,56,200,2026-01-07 08:28:00,52,83.08
18083,194,229,144,2026-01-07 08:47:00,49,76.04
8990,41,40,234,2026-01-07 08:47:00,45,71.8
7322,320,95,106,2026-01-07 08:49:00,27,46.23
9439,495,86,208,2026-01-07 08:50:00,31,45.35
15740,337,62,200,2026-01-07 08:56:00,15,25.46
12443,370,197,216,2026-01-07 09:03:00,53,81.46
8353,408,236,11,2026-01-07 09:30:00,36,55.51
19523,218,230,22,2026-01-07 09:34:00,14,27.44
4996,258,173,173,2026-01-07 09:41:00,41,63.03
8512,378,186,196,2026-01-07 09:44:00,12,22.28
12603,102,142,3,2026-01-07 09:44:00,38,60.31
16030,242,253,174,2026-01-07 09:45:00,34,52.71
3502,336,77,208,2026-01-07 09:46:00,28,45.24
10677,297,119,263,2026-01-07 09:47:00,30,51.18
7350,6,25,92,2026-01-07 09:57:00,46,68.88
13012,348,74,206,2026-01-07 10:09:00,55,81.06
17549,138,175,39,2026-01-07 10:14:00,50,75.92
18244,182,1,204,2026-01-07 10:18:00,22,38.68
1894,238,185,233,2026-01-07 10:32:00,16,29.06
10157,97,162,186,2026-01-07 10:40:00,48,76.25
18543,11,177,165,2026-01-07 10:49:00,37,55.78
3919,57,107,140,2026-01-07 11:05:00,58,89.6
4764,333,174,80,2026-01-07 11:31:00,25,39.66
16377,384,19,119,2026-01-07 11:47:00,28,45.43
13492,45,149,43,2026-01-07 11:52:00,24,40.09
10277,255,68,222,2026-01-07 12:12:00,27,42.32
9687,281,78,136,2026-01-07 12:14:00,37,61.64
18129,181,108,74,2026-01-07 12:21:00,10,17.22
18262,248,222,192,2026-01-07 12:22:00,12,21.14
11880,3,261,98,2026-01-07 12:40:00,12,18.88
18972,251,211,92,2026-01-07 12:45:00,9,18.33
8527,374,102,188,2026-01-07 12:46:00,46,68.72
8299,53,44,233,2026-01-07 12:50:00,57,91.64
5882,86,264,88,2026-01-07 12:52:00,59,93.01
1025,109,81,83,2026-01-07 12:56:00,51,78.09
3325,326,251,249,2026-01-07 13:28:00,42,66.97
13689,179,60,152,2026-01-07 13:30:00,40,64.42
4410,310,8,198,2026-01-07 13:43:00,5,10.51
9904,137,129,232,2026-01-07 13:47:00,16,29.33
9111,333,117,131,2026-01-07 13:56:00,40,64.38
2447,415,11,209,2026-01-07 13:56:00,14,24.2
6894,397,61,193,2026-01-07 13:57:00,60,94.56
16288,42,36,73,2026-01-07 14:07:00,58,90.26
1571,441,8,239,2026-01-07 14:07:00,33,52.95
9071,19,135,52,2026-01-07 14:17:00,23,0.0
13885,497,239,69,2026-01-07 14:21:00,44,66.25
9354,471,119,186,2026-01-07 14:21:00,45,71.89
13054,272,127,255,2026-01-07 14:21:00,55,84.32
14769,371,173,33,2026-01-07 14:28:00,23,37.04
9767,451,235,187,2026-01-07 14:35:00,6,14.36
16878,442,174,95,2026-01-07 14:37:00,14,25.89
14533,202,100,161,2026-01-07 14:49:00,17,32.97
12331,396,155,225,2026-01-07 14:49:00,43,64.45
9089,198,191,51,2026-01-07 14:55:00,58,91.95
15822,478,137,78,2026-01-07 14:56:00,58,89.18
17841,211,248,135,2026-01-07 14:57:00,52,80.17
365,33,134,112,2026-01-07 15:00:00,19,28.98
11159,121,220,29,2026-01-07 15:01:00,60,91.91
13256,287,89,81,2026-01-07 15:04:00,10,17.82
984,428,210,184,2026-01-07 15:06:00,36,55.91
17044,24,150,165,2026-01-07 15:11:00,41,65.45
2229,242,97,12,2026-01-07 15:15:00,47,76.27
11726,75,203,207,2026-01-07 15:20:00,22,36.99
12679,94,260,86,2026-01-07 15:22:00,51,80.92
5166,437,240,244,2026-01-07 15:24:00,50,78.56
10120,457,264,200,2026-01-07 15:25:00,37,59.79
10814,382,153,49,2026-01-07 15:36:00,44,69.1
1750,456,234,172,2026-01-07 15:38:00,18,25.23
12730,79,230,185,2026-01-07 15:38:00,6,11.17
4719,233,140,260,2026-01-07 15:39:00,40,63.1
15715,105,167,190,2026-01-07 15:46:00,59,92.08
11319,113,63,28,2026-01-07 15:49:00,13,22.32
9609,497,199,160,2026-01-07 16:04:00,52,80.77
727,223,181,143,2026-01-07 16:04:00,15,24.11
18493,209,199,28,2026-01-07 16:10:00,46,69.63
9209,268,68,166,2026-01-07 16:18:00,23,36.71
18508,379,120,66,2026-01-07 16:21:00,24,37.04
14800,198,158,224,2026-01-07 16:26:00,7,14.05
15692,77,52,25,2026-01-07 16:30:00,5,8.03
9264,130,225,29,2026-01-07 16:41:00,29,43.0
10444,346,76,98,2026-01-07 16:41:00,21,33.28
16482,18,256,153,2026-01-07 16:48:00,24,40.34
7192,428,27,14,2026-01-07 17:12:00,47,71.09
14730,390,135,258,2026-01-07 17:26:00,7,11.6
3392,402,22,119,2026-01-07 17:28:00,5,12.47
11942,152,192,209,2026-01-07 17:38:00,55,84.38
12599,420,117,79,2026-01-07 17:40:00,27,45.24
1289,28,184,50,2026-01-07 17:46:00,43,72.19
11977,64,37,74,2026-01-07 17:58:00,9,19.79
16669,329,229,84,2026-01-07 18:01:00,6,10.92
4196,197,27,96,2026-01-07 18:01:00,46,74.54
18696,209,234,58,2026-01-07 18:06:00,23,39.05
18367,472,223,68,2026-01-07 18:27:00,39,62.81
17622,385,149,187,2026-01-07 18:28:00,9,15.78
7395,315,265,64,2026-01-07 18:34:00,25,39.83
4617,3,95,29,2026-01-07 18:41:00,45,68.13
4537,143,8,76,2026-01-07 18:51:00,47,70.74
5228,180,84,214,2026-01-07 19:13:00,34,54.16
422,132,50,68,2026-01-07 19:13:00,32,51.63
16726,87,136,83,2026-01-07 19:21:00,18,31.61
5566,316,84,121,2026-01-07 19:22:00,20,33.68
18023,178,27,195,2026-01-07 19:22:00,54,84.46
18873,98,191,16,2026-01-07 19:23:00,59,89.36
5739,475,184,66,2026-01-07 19:27:00,33,53.15
9525,262,157,169,2026-01-07 19:29:00,46,71.21
10236,198,242,128,2026-01-07 19:29:00,57,83.9
7266,367,163,213,2026-01-07 19:48:00,33,53.47
11986,57,33,113,2026-01-07 19:54:00,31,48.52
2641,305,165,6,2026-01-07 20:00:00,23,37.43
9378,62,28,223,2026-01-07 20:08:00,16,25.59
16352,90,177,93,2026-01-07 20:11:00,38,59.49
3192,419,186,113,2026-01-07 20:16:00,15,19.19
13120,141,16,111,2026-01-07 20:19:00,30,47.95
4529,219,184,84,2026-01-07 20:36:00,35,56.6
7119,263,262,136,2026-01-07 20:39:00,8,15.2
11307,165,187,62,2026-01-07 20:57:00,35,56.54
19223,141,203,127,2026-01-07 21:08:00,21,32.17
12510,119,224,263,2026-01-07 21:08:00,23,35.77
10223,487,184,190,2026-01-07 21:08:00,16,24.32
5937,431,53,13,2026-01-07 21:10:00,38,61.48
2824,295,7,26,2026-01-07 21:47:00,16,26.84
19341,450,47,59,2026-01-07 21:52:00,52,78.07
13539,180,172,68,2026-01-07 21:56:00,45,71.37
19471,459,60,201,2026-01-07 21:59:00,29,47.58
981,326,242,140,2026-01-07 22:12:00,18,30.57
2375,157,143,87,2026-01-07 22:31:00,57,87.67
17879,37,20,254,2026-01-07 22:50:00,6,13.13
2415,346,217,168,2026-01-07 22:52:00,37,58.56
14802,13,39,11,2026-01-07 22:55:00,38,58.79
14662,445,195,140,2026-01-07 22:57:00,34,54.87
17518,414,172,5,2026-01-07 22:59:00,15,23.85
17210,239,188,145,2026-01-07 23:06:00,30,47.17
10410,256,187,109,2026-01-07 23:09:00,46,72.12
19831,299,44,57,2026-01-07 23:23:00,48,74.38
2413,326,207,61,2026-01-07 23:23:00,14,22.51
15300,182,209,170,2026-01-07 23:26:00,25,41.71
5626,464,133,89,2026-01-07 23:26:00,32,51.81
4606,29,170,36,2026-01-07 23:26:00,21,32.8
230,496,70,101,2026-01-07 23:36:00,20,33.97
2431,453,47,219,2026-01-07 23:41:00,21,35.72
8977,379,205,170,2026-01-07 23:46:00,34,54.47
5066,397,43,56,2026-01-08 00:15:00,11,18.52
488,57,220,4,2026-01-08 00:16:00,27,42.64
3080,280,1,79,2026-01-08 00:20:00,50,79.68
3493,283,27,203,2026-01-08 00:22:00,19,30.9
6350,491,160,132,2026-01-08 00:24:00,47,70.19
2612,28,31,112,2026-01-08 00:26:00,14,24.32
11288,452,55,256,2026-01-08 00:29:00,11,17.94
11711,141,6,104,2026-01-08 00:32:00,17,26.11
8074,381,86,43,2026-01-08 00:41:00,54,84.25
4202,420,85,189,2026-01-08 00:52:00,10,21.26
17915,191,22,240,2026-01-08 01:05:00,20,35.61
1328,381,53,23,2026-01-08 01:08:00,32,52.69
11767,122,100,163,2026-01-08 01:17:00,17,26.49
18658,155,56,86,2026-01-08 01:20:00,54,89.46
14943,419,263,216,2026-01-08 01:27:00,6,13.09
19953,193,50,209,2026-01-08 01:29:00,41,63.79
6014,230,171,242,2026-01-08 01:30:00,23,39.64
15913,493,210,1,2026-01-08 01:50:00,46,71.39
2906,478,162,81,2026-01-08 01:52:00,49,77.69
12126,121,95,206,2026-01-08 02:12:00,47,70.81
3859,287,227,97,2026-01-08 02:14:00,60,95.65
11352,97,130,156,2026-01-08 02:14:00,29,0.0
4515,71,40,180,2026-01-08 02:17:00,13,20.99
18239,341,121,112,2026-01-08 02:21:00,47,76.27
15224,296,114,261,2026-01-08 02:27:00,41,66.78
17035,74,97,147,2026-01-08 02:30:00,36,58.21
5106,245,58,161,2026-01-08 02:30:00,36,54.47
18219,330,42,56,2026-01-08 02:37:00,51,81.3
7528,491,212,50,2026-01-08 02:41:00,46,74.23
16162,448,186,128,2026-01-08 02:43:00,50,78.1
5397,223,73,242,2026-01-08 02:47:00,53,83.65
11993,310,49,122,2026-01-08 03:01:00,8,13.63
2115,19,124,116,2026-01-08 03:07:00,56,87.57
12303,411,122,47,2026-01-08 03:16:00,13,21.3
18155,271,65,239,2026-01-08 03:24:00,7,11.32
17405,470,203,158,2026-01-08 03:26:00,28,43.08
8673,269,52,203,2026-01-08 03:29:00,45,72.21
17974,200,254,117,2026-01-08 03:30:00,43,66.52
5489,137,110,73,2026-01-08 03:30:00,56,89.54
3646,231,130,225,2026-01-08 03:33:00,51,80.3
19541,360,176,64,2026-01-08 03:38:00,15,24.27
3722,328,91,219,2026-01-08 03:44:00,8,18.1
19112,323,118,184,2026-01-08 03:51:00,48,74.45
12328,439,218,16,2026-01-08 03:54:00,22,35.57
15492,37,179,84,2026-01-08 04:00:00,8,17.58
3269,155,73,70,2026-01-08 04:04:00,51,76.68
1224,94,240,137,2026-01-08 04:05:00,60,93.9
4201,260,200,256,2026-01-08 04:11:00,18,29.68
19794,408,101,189,2026-01-08 04:14:00,32,51.85
17758,493,109,116,2026-01-08 04:22:00,10,17.25
1538,424,172,43,2026-01-08 04:32:00,52,80.21
14140,436,112,221,2026-01-08 04:43:00,49,75.25
5278,258,173,37,2026-01-08 04:45:00,6,10.92
8313,495,256,40,2026-01-08 04:52:00,9,16.97
11203,338,64,263,2026-01-08 04:55:00,58,93.33
314,368,89,178,2026-01-08 05:04:00,32,49.32
7867,274,195,234,2026-01-08 05:04:00,30,47.79
17058,447,252,182,2026-01-08 05:07:00,30,49.44
17075,197,242,213,2026-01-08 05:09:00,52,80.55
16583,138,182,201,2026-01-08 05:28:00,60,95.68
9096,377,139,13,2026-01-08 05:32:00,9,14.3
4301,225,109,18,2026-01-08 05:37:00,14,19.75
1361,104,75,58,2026-01-08 05:56:00,51,79.06
17764,298,56,205,2026-01-08 05:59:00,19,31.73
18407,32,259,69,2026-01-08 06:09:00,36,56.7
16182,332,162,200,2026-01-08 06:14:00,38,61.69
3204,2,9,93,2026-01-08 06:16:00,21,35.83
10793,122,9,219,2026-01-08 06:30:00,35,54.1
19588,377,146,240,2026-01-08 06:42:00,32,54.72
11871,454,124,182,2026-01-08 06:42:00,36,58.53
838,443,207,148,2026-01-08 07:00:00,7,12.0
8287,482,146,51,2026-01-08 07:00:00,55,84.33
17656,158,189,36,2026-01-08 07:03:00,34,55.67
13800,329,231,242,2026-01-08 07:13:00,48,70.91
17550,451,49,53,2026-01-08 07:17:00,58,88.54
9885,150,126,65,2026-01-08 07:18:00,41,61.75
17989,51,178,8,2026-01-08 07:28:00,22,37.3
3594,356,33,116,2026-01-08 07:42:00,59,90.06
17680,446,242,98,2026-01-08 07:46:00,32,55.59
17897,392,166,187,2026-01-08 07:49:00,28,44.48
12793,83,229,230,2026-01-08 08:04:00,13,20.56
15162,137,19,202,2026-01-08 08:04:00,49,76.58
18125,318,254,160,2026-01-08 08:04:00,25,41.13
5564,144,250,58,2026-01-08 08:11:00,11,20.97
11024,301,258,186,2026-01-08 08:28:00,32,50.61
15678,136,216,82,2026-01-08 08:32:00,8,14.01
18313,49,191,188,2026-01-08 08:33:00,30,50.88
16779,426,90,178,2026-01-08 08:36:00,10,18.29
2616,491,127,210,2026-01-08 08:58:00,11,20.32
15483,195,14,54,2026-01-08 09:01:00,20,32.11
2552,19,95,204,2026-01-08 09:09:00,37,59.51
14419,78,15,216,2026-01-08 09:10:00,44,67.88
19517,274,10,163,2026-01-08 09:17:00,12,19.8
13559,373,84,124,2026-01-08 09:34:00,13,20.17
1682,269,7,101,2026-01-08 09:37:00,15,28.75
7771,30,263,216,2026-01-08 09:42:00,14,0.0
11752,418,60,65,2026-01-08 09:59:00,60,99.56
4683,177,208,239,2026-01-08 10:06:00,50,78.5
13868,249,140,237,2026-01-08 10:12:00,8,11.32
16709,176,97,34,2026-01-08 10:13:00,41,63.69
18974,348,100,160,2026-01-08 10:16:00,16,28.55
16020,77,101,126,2026-01-08 10:58:00,10,19.22
735,407,69,146,2026-01-08 11:03:00,18,28.49
8526,402,83,55,2026-01-08 11:04:00,6,13.74
15541,476,196,212,2026-01-08 11:07:00,60,95.13
4902,85,162,11,2026-01-08 11:08:00,23,38.3
13403,500,215,213,2026-01-08 11:19:00,54,84.94
4466,323,77,15,2026-01-08 11:19:00,48,80.44
2177,180,256,87,2026-01-08 11:26:00,16,27.39
2917,394,58,183,2026-01-08 11:30:00,40,63.43
12347,225,52,233,2026-01-08 11:34:00,16,29.24
799,47,152,159,2026-01-08 11:37:00,26,42.33
9376,253,132,67,2026-01-08 11:38:00,25,40.05
3506,92,201,104,2026-01-08 11:47:00,19,32.88
697,417,249,34,2026-01-08 11:48:00,6,10.12
7106,483,107,210,2026-01-08 11:53:00,30,46.82
15598,317,254,202,2026-01-08 11:54:00,29,45.75
15078,7,88,19,2026-01-08 12:17:00,58,88.92
17870,227,148,29,2026-01-08 12:18:00,26,40.42
16115,257,111,207,2026-01-08 12:28:00,60,97.13
6308,142,65,259,2026-01-08 12:28:00,51,79.45
10852,484,76,224,2026-01-08 12:40:00,51,79.71
370,200,121,68,2026-01-08 12:44:00,54,81.48
7177,301,51,58,2026-01-08 12:46:00,54,83.86
6063,304,152,249,2026-01-08 13:03:00,39,62.05
13595,14,108,240,2026-01-08 13:04:00,5,10.61
9718,460,67,215,2026-01-08 13:07:00,14,22.88
11701,123,151,92,2026-01-08 13:15:00,54,84.94
19521,364,133,84,2026-01-08 13:22:00,33,53.78
5470,426,81,97,2026-01-08 13:25:00,40,63.73
12186,455,178,265,2026-01-08 13:27:00,47,70.32
7382,14,35,225,2026-01-08 13:33:00,13,21.8
1762,462,200,76,2026-01-08 13:40:00,33,51.71
15879,10,28,247,2026-01-08 13:45:00,6,9.01
8572,152,140,172,2026-01-08 13:48:00,48,71.68
913,266,184,118,2026-01-08 13:55:00,32,48.07
243,118,195,265,2026-01-08 13:57:00,56,89.13
13020,369,209,84,2026-01-08 13:57:00,49,72.42
6270,229,101,255,2026-01-08 14:01:00,44,68.27
3934,440,172,161,2026-01-08 14:17:00,30,48.08
9955,494,200,41,2026-01-08 14:17:00,42,64.8
15350,318,224,105,2026-01-08 14:19:00,31,50.44
4880,217,265,51,2026-01-08 14:20:00,37,57.43
18801,156,180,247,2026-01-08 14:33:00,26,41.96
11226,28,42,49,2026-01-08 14:34:00,20,32.73
19925,416,103,38,2026-01-08 14:36:00,17,29.08
7990,108,239,133,2026-01-08 14:47:00,41,64.9
16154,388,1,19,2026-01-08 14:59:00,48,76.01
1952,358,93,34,2026-01-08 15:11:00,35,54.17
15071,383,252,137,2026-01-08 15:29:00,5,10.35
5055,290,2,113,2026-01-08 15:36:00,45,70.5
2666,230,225,43,2026-01-08 15:41:00,56,89.19
2060,54,106,237,2026-01-08 15:43:00,43,67.8
15449,96,249,136,2026-01-08 15:50:00,30,49.04
17844,85,151,192,2026-01-08 16:01:00,36,59.36
3400,319,34,227,2026-01-08 16:07:00,30,47.61
941,469,239,184,2026-01-08 16:12:00,50,75.04
12958,104,74,112,2026-01-08 16:13:00,58,88.46
16024,25,17,105,2026-01-08 16:14:00,43,67.57
12971,16,254,180,2026-01-08 16:25:00,28,46.22
7735,196,242,118,2026-01-08 16:28:00,19,33.12
14772,168,147,130,2026-01-08 16:31:00,5,15.32
8553,338,103,77,2026-01-08 16:55:00,41,65.21
15278,496,261,87,2026-01-08 17:02:00,27,45.91
11278,448,111,257,2026-01-08 17:18:00,59,91.3
9593,434,153,30,2026-01-08 17:19:00,37,56.94
6388,397,33,67,2026-01-08 17:30:00,37,58.69
6327,269,132,74,2026-01-08 17:32:00,9,18.14
9805,124,116,76,2026-01-08 17:34:00,20,34.46
949,279,115,97,2026-01-08 17:42:00,52,80.66
9250,329,36,241,2026-01-08 17:51:00,24,37.83
4535,233,253,44,2026-01-08 17:57:00,54,83.43
9412,217,152,48,2026-01-08 18:06:00,53,84.21
13304,361,150,146,2026-01-08 18:07:00,35,54.14
11759,183,25,140,2026-01-08 18:08:00,45,69.19
1771,371,27,31,2026-01-08 18:17:00,21,35.35
15013,495,1,42,2026-01-08 18:21:00,13,24.29
14617,435,116,178,2026-01-08 18:36:00,37,59.89
10199,489,213,177,2026-01-08 18:37:00,11,16.72
5317,127,193,173,2026-01-08 18:39:00,7,15.0
17713,391,104,179,2026-01-08 18:44:00,41,64.6
17472,108,237,244,2026-01-08 18:48:00,36,53.43
5958,132,49,37,2026-01-08 18:49:00,39,59.94
15243,388,152,217,2026-01-08 18:52:00,51,76.9
8089,429,111,97,2026-01-08 18:54:00,39,61.25
3914,426,12,91,2026-01-08 18:56:00,47,72.62
6170,89,109,193,2026-01-08 19:08:00,49,78.3
11484,312,136,136,2026-01-08 19:12:00,53,81.56
13634,287,74,37,2026-01-08 19:17:00,36,61.97
3605,420,74,140,2026-01-08 19:21:00,51,78.79
14440,295,212,66,2026-01-08 19:23:00,19,33.08
7631,98,235,25,2026-01-08 19:30:00,10,21.36
14871,272,112,209,2026-01-08 19:32:00,54,84.98
12429,450,223,5,2026-01-08 19:40:00,20,34.97
3869,79,183,124,2026-01-08 19:45:00,34,56.31
4675,419,214,137,2026-01-08 19:55:00,31,48.67
11601,79,51,17,2026-01-08 19:59:00,44,71.06
4657,421,11,159,2026-01-08 20:04:00,35,53.41
12011,366,71,106,2026-01-08 20:17:00,26,41.41
6800,137,63,55,2026-01-08 20:19:00,53,80.06
5820,234,120,217,2026-01-08 20:20:00,57,83.96
6103,71,104,229,2026-01-08 20:39:00,20,33.56
975,116,234,175,2026-01-08 20:47:00,33,51.9
2980,161,90,3,2026-01-08 20:57:00,21,34.87
11110,108,232,169,2026-01-08 21:02:00,20,38.48
4499,254,128,117,2026-01-08 21:07:00,7,13.4
13793,134,150,242,2026-01-08 21:07:00,39,63.46
9054,359,207,201,2026-01-08 21:09:00,31,50.77
10272,186,265,138,2026-01-08 21:11:00,21,36.78
13018,467,37,225,2026-01-08 21:21:00,51,80.01
12464,410,80,86,2026-01-08 21:23:00,17,28.53
2360,14,34,216,2026-01-08 21:32:00,42,67.09
6639,398,259,128,2026-01-08 21:37:00,37,58.38
18308,126,196,122,2026-01-08 21:43:00,51,82.3
10861,339,265,137,2026-01-08 21:54:00,47,73.46
10767,407,114,127,2026-01-08 22:07:00,35,58.62
3395,8,152,204,2026-01-08 22:22:00,6,12.98
9110,57,204,135,2026-01-08 22:34:00,36,57.12
5127,113,107,207,2026-01-08 22:39:00,50,74.05
6271,244,53,264,2026-01-08 22:39:00,16,23.91
15575,269,222,99,2026-01-08 22:41:00,17,28.88
14145,70,92,129,2026-01-08 22:44:00,8,17.93
6709,492,247,55,2026-01-08 22:48:00,50,77.91
15111,51,91,255,2026-01-08 22:50:00,33,52.44
1366,333,201,230,2026-01-08 22:51:00,28,44.86
1151,109,166,42,2026-01-08 22:58:00,22,37.42
745,451,169,55,2026-01-08 22:58:00,56,87.48
16084,306,250,58,2026-01-08 22:59:00,38,60.59
6489,268,162,121,2026-01-08 22:59:00,43,65.84
19502,87,109,19,2026-01-08 23:03:00,8,17.61
13131,166,6,85,2026-01-08 23:19:00,27,43.64
12141,345,262,40,2026-01-08 23:23:00,22,35.87
4289,495,130,63,2026-01-08 23:24:00,36,57.59
19672,421,213,96,2026-01-08 23:24:00,25,39.7
14774,412,46,30,2026-01-08 23:31:00,29,48.68
15019,105,252,240,2026-01-08 23:32:00,17,32.1
3551,61,177,106,2026-01-08 23:46:00,26,43.81
19331,102,110,169,2026-01-08 23:51:00,47,73.07
5058,469,96,198,2026-01-09 00:05:00,27,45.21
11549,196,56,91,2026-01-09 00:08:00,11,20.53
10419,268,92,50,2026-01-09 00:09:00,38,59.99
14297,121,172,67,2026-01-09 00:10:00,10,15.79
5048,92,255,126,2026-01-09 00:21:00,17,25.49
598,196,53,232,2026-01-09 00:24:00,59,91.64
9226,58,215,19,2026-01-09 00:30:00,26,40.89
9854,154,31,234,2026-01-09 00:33:00,10,19.06
19920,30,265,215,2026-01-09 00:51:00,17,28.34
2729,153,264,183,2026-01-09 00:57:00,24,37.45
13254,259,225,131,2026-01-09 01:06:00,59,91.95
11213,32,159,69,2026-01-09 01:17:00,14,22.62
18360,1,35,91,2026-01-09 01:23:00,37,55.13
14808,233,76,138,2026-01-09 01:25:00,52,79.21
14050,70,110,89,2026-01-09 01:45:00,19,29.38
6513,151,162,203,2026-01-09 01:52:00,45,69.84
12897,420,149,91,2026-01-09 01:52:00,27,43.18
12138,5,215,70,2026-01-09 02:02:00,30,47.04
5811,379,131,72,2026-01-09 02:04:00,12,20.9
16346,76,99,254,2026-01-09 02:04:00,35,58.97
2985,437,93,16,2026-01-09 02:07:00,23,39.97
8897,152,148,259,2026-01-09 02:18:00,34,55.94
19542,430,100,234,2026-01-09 02:26:00,39,62.44
18626,395,109,88,2026-01-09 02:36:00,23,35.95
13233,209,30,226,2026-01-09 02:39:00,8,16.5
16302,490,126,116,2026-01-09 02:42:00,16,23.94
19286,340,137,79,2026-01-09 02:47:00,13,23.93
16653,406,188,239,2026-01-09 02:48:00,35,55.09
14995,360,42,233,2026-01-09 02:52:00,52,83.25
15290,31,229,158,2026-01-09 03:13:00,31,49.4
5405,157,131,121,2026-01-09 03:13:00,50,80.1
7374,304,124,13,2026-01-09 03:16:00,13,18.98
16067,258,54,26,2026-01-09 03:26:00,11,21.78
8185,166,146,54,2026-01-09 03:28:00,9,12.73
2327,4,196,218,2026-01-09 03:32:00,30,47.22
722,192,142,107,2026-01-09 03:41:00,18,31.16
562,413,217,258,2026-01-09 03:46:00,17,26.08
9936,222,103,125,2026-01-09 03:47:00,27,45.64
12356,81,160,191,2026-01-09 04:00:00,32,50.2
8621,124,15,245,2026-01-09 04:06:00,40,64.57
6455,284,38,85,2026-01-09 04:10:00,32,47.09
13622,484,13,139,2026-01-09 04:25:00,32,51.72
5646,299,199,13,2026-01-09 04:26:00,55,81.32
17206,469,9,90,2026-01-09 04:31:00,56,87.75
14365,109,87,55,2026-01-09 04:35:00,59,93.34
1267,145,187,169,2026-01-09 04:38:00,55,87.85
1854,449,2,77,2026-01-09 04:39:00,55,85.26
10262,315,239,229,2026-01-09 04:45:00,10,16.99
4113,117,241,52,2026-01-09 04:48:00,25,38.49
15446,157,163,216,2026-01-09 04:57:00,14,19.76
3079,98,147,234,2026-01-09 05:06:00,47,72.29
2625,83,164,49,2026-01-09 05:08:00,34,56.23
841,305,115,123,2026-01-09 05:20:00,31,50.27
19009,486,187,42,2026-01-09 05:25:00,41,59.96
16114,238,62,231,2026-01-09 05:28:00,40,61.62
7175,209,112,221,2026-01-09 05:30:00,13,22.98
16298,483,188,249,2026-01-09 05:31:00,36,56.12
4978,297,177,80,2026-01-09 05:40:00,40,65.51
16201,320,46,209,2026-01-09 05:44:00,10,17.37
12153,448,43,91,2026-01-09 05:45:00,38,59.81
4725,34,234,216,2026-01-09 05:52:00,45,69.12
4416,379,86,130,2026-01-09 06:00:00,41,65.54
3113,27,173,54,2026-01-09 06:04:00,16,27.46
848,153,253,26,2026-01-09 06:10:00,23,41.84
7865,324,154,139,2026-01-09 06:16:00,47,73.6
14933,453,164,48,2026-01-09 06:19:00,22,33.94
2244,283,123,36,2026-01-09 06:19:00,23,35.92
13050,458,124,244,2026-01-09 06:30:00,46,72.49
14485,349,127,94,2026-01-09 06:35:00,46,72.32
884,108,151,29,2026-01-09 06:41:00,47,72.17
3224,244,150,120,2026-01-09 06:57:00,41,61.16
8865,370,113,179,2026-01-09 07:15:00,32,56.18
7304,500,84,159,2026-01-09 07:19:00,45,69.55
19853,408,264,34,2026-01-09 07:19:00,57,88.16
8027,152,220,207,2026-01-09 07:23:00,47,72.49
304,350,80,240,2026-01-09 07:29:00,51,80.49
15355,26,147,150,2026-01-09 07:32:00,13,25.3
10843,478,129,125,2026-01-09 07:36:00,16,25.84
7647,303,37,123,2026-01-09 07:40:00,55,84.7
2140,147,227,143,2026-01-09 07:42:00,47,75.78
17023,435,204,71,2026-01-09 07:46:00,48,76.97
1625,114,109,17,2026-01-09 07:50:00,13,22.29
19171,325,178,115,2026-01-09 07:53:00,49,77.55
15101,91,117,175,2026-01-09 07:55:00,26,41.84
14946,321,197,28,2026-01-09 08:15:00,49,77.02
9694,80,175,183,2026-01-09 08:16:00,31,45.18
11602,237,181,264,2026-01-09 08:17:00,53,81.89
459,113,102,122,2026-01-09 08:20:00,10,18.64
13664,80,35,106,2026-01-09 08:24:00,56,87.64
12792,127,94,16,2026-01-09 08:50:00,24,40.66
5809,362,32,89,2026-01-09 08:51:00,8,12.81
16133,430,106,182,2026-01-09 08:58:00,15,23.54
4475,215,219,169,2026-01-09 09:03:00,35,54.23
16436,457,18,31,2026-01-09 09:03:00,32,54.82
19992,174,17,20,2026-01-09 09:06:00,11,23.98
11137,5,185,60,2026-01-09 09:11:00,59,91.11
14632,189,75,167,2026-01-09 09:15:00,48,76.05
17025,392,18,158,2026-01-09 09:16:00,14,23.8
7308,286,88,146,2026-01-09 09:41:00,21,29.79
6175,472,214,169,2026-01-09 09:48:00,9,15.34
1445,75,125,13,2026-01-09 09:56:00,22,34.7
16071,137,36,145,2026-01-09 10:03:00,10,14.25
7543,325,174,210,2026-01-09 10:13:00,28,50.62
9582,257,90,63,2026-01-09 10:22:00,36,58.08
13409,243,237,140,2026-01-09 10:45:00,35,54.54
15012,62,93,235,2026-01-09 10:50:00,37,60.07
2454,200,5,223,2026-01-09 10:58:00,43,65.54
15816,380,197,22,2026-01-09 11:12:00,42,65.74
12286,137,91,24,2026-01-09 11:17:00,17,30.2
13108,127,219,202,2026-01-09 11:20:00,19,31.49
9093,392,109,230,2026-01-09 11:26:00,50,80.23
3378,61,178,128,2026-01-09 11:39:00,15,21.9
6427,324,13,228,2026-01-09 11:46:00,38,58.64
15125,227,210,84,2026-01-09 12:01:00,30,48.29
5248,471,142,209,2026-01-09 12:04:00,12,19.11
12852,232,215,183,2026-01-09 12:06:00,40,66.16
15888,402,261,197,2026-01-09 12:10:00,14,24.65
4918,68,93,122,2026-01-09 12:24:00,44,67.7
13788,289,217,191,2026-01-09 12:25:00,14,23.57
10298,452,161,105,2026-01-09 12:29:00,40,59.75
8122,290,141,212,2026-01-09 12:36:00,47,71.08
3018,473,232,41,2026-01-09 12:43:00,23,39.53
16620,136,33,58,2026-01-09 12:57:00,44,70.62
14091,334,41,130,2026-01-09 13:05:00,27,41.78
7365,211,42,93,2026-01-09 13:07:00,58,88.35
15840,374,111,18,2026-01-09 13:08:00,44,68.51
5601,500,50,115,2026-01-09 13:10:00,53,83.05
15509,180,190,85,2026-01-09 13:10:00,57,90.91
8798,441,230,95,2026-01-09 13:16:00,26,40.19
13459,30,154,58,2026-01-09 13:38:00,49,78.24
19143,19,96,128,2026-01-09 13:48:00,54,80.22
14753,266,265,104,2026-01-09 13:56:00,53,81.69
9030,489,216,144,2026-01-09 14:00:00,39,61.22
5719,206,113,87,2026-01-09 14:22:00,29,47.37
8544,380,207,202,2026-01-09 14:40:00,9,15.47
10646,428,224,136,2026-01-09 14:44:00,35,58.86
5828,109,221,246,2026-01-09 14:49:00,33,51.71
13382,332,209,16,2026-01-09 14:56:00,50,79.16
7277,280,250,224,2026-01-09 14:59:00,16,25.05
18201,24,62,24,2026-01-09 15:10:00,33,53.69
13224,423,65,113,2026-01-09 15:11:00,30,43.3
181,370,255,124,2026-01-09 15:20:00,40,63.08
6788,351,169,234,2026-01-09 15:29:00,51,81.44
9159,217,18,180,2026-01-09 15:31:00,43,65.9
8180,400,222,245,2026-01-09 15:33:00,27,40.61
18878,316,14,225,2026-01-09 15:34:00,29,41.35
3458,332,150,188,2026-01-09 15:41:00,45,69.5
12993,4,101,72,2026-01-09 15:54:00,35,57.25
2869,75,161,152,2026-01-09 15:54:00,48,70.6
17177,72,145,163,2026-01-09 16:01:00,36,58.72
18235,260,234,112,2026-01-09 16:02:00,39,61.21
16453,71,118,28,2026-01-09 16:06:00,35,55.2
127,99,171,189,2026-01-09 16:23:00,29,43.83
2741,424,133,10,2026-01-09 16:27:00,54,82.43
1980,487,66,227,2026-01-09 16:28:00,58,88.69
13260,316,154,71,2026-01-09 16:29:00,31,50.48
12834,451,77,184,2026-01-09 16:39:00,55,88.18
10636,456,251,58,2026-01-09 16:45:00,37,58.52
3923,103,204,116,2026-01-09 16:58:00,60,92.55
8161,446,197,129,2026-01-09 17:02:00,31,49.48
2371,418,237,149,2026-01-09 17:08:00,40,61.64
18110,461,36,241,2026-01-09 17:09:00,16,25.47
6667,134,58,88,2026-01-09 17:09:00,23,38.31
17789,240,113,142,2026-01-09 17:13:00,38,61.63
14253,84,7,99,2026-01-09 17:13:00,14,24.65
10295,452,241,82,2026-01-09 17:19:00,45,71.74
3549,457,132,198,2026-01-09 17:25:00,6,13.17
19120,352,66,99,2026-01-09 17:25:00,39,63.48
18723,90,82,62,2026-01-09 17:32:00,32,54.25
9231,353,116,64,2026-01-09 17:34:00,33,48.48
1946,77,225,97,2026-01-09 17:34:00,25,36.15
10297,133,59,247,2026-01-09 17:34:00,18,31.27
11886,381,90,66,2026-01-09 17:44:00,29,47.97
15346,40,189,10,2026-01-09 17:45:00,15,27.35
11640,337,41,238,2026-01-09 18:12:00,56,82.51
10486,328,84,215,2026-01-09 18:21:00,22,36.58
17002,479,176,139,2026-01-09 18:26:00,48,73.09
18741,327,158,22,2026-01-09 18:35:00,32,53.59
6977,307,135,113,2026-01-09 18:43:00,30,46.59
15370,228,202,69,2026-01-09 18:49:00,11,20.44
17194,2,107,45,2026-01-09 18:49:00,23,39.78
8738,16,260,201,2026-01-09 18:52:00,47,75.39
1939,236,5,150,2026-01-09 18:52:00,44,68.28
19788,462,255,240,2026-01-09 18:53:00,11,21.16
8034,165,231,97,2026-01-09 19:00:00,48,73.7
19534,122,164,178,2026-01-09 19:01:00,48,74.04
14620,27,13,122,2026-01-09 19:07:00,53,83.95
18307,366,2,11,2026-01-09 19:19:00,46,71.61
11546,219,23,118,2026-01-09 19:36:00,25,42.38
13865,441,149,263,2026-01-09 19:42:00,16,27.91
16262,10,126,108,2026-01-09 19:48:00,47,75.21
18013,487,143,254,2026-01-09 19:52:00,35,55.84
13753,335,168,20,2026-01-09 20:01:00,48,75.8
5580,79,177,157,2026-01-09 20:05:00,13,22.76
10979,337,128,248,2026-01-09 20:08:00,5,12.93
2891,265,219,264,2026-01-09 20:33:00,6,10.81
4265,304,38,188,2026-01-09 20:38:00,29,47.42
8764,329,257,244,2026-01-09 20:59:00,32,51.38
3954,500,37,194,2026-01-09 21:03:00,10,18.44
8715,64,226,43,2026-01-09 21:16:00,34,49.37
7964,169,154,236,2026-01-09 21:33:00,13,21.35
18077,110,244,81,2026-01-09 21:59:00,47,73.17
1515,108,226,104,2026-01-09 22:13:00,57,90.49
13100,469,51,40,2026-01-09 22:16:00,13,21.88
15354,321,57,41,2026-01-09 22:18:00,58,93.59
19823,8,144,230,2026-01-09 22:20:00,57,87.98
17813,414,17,263,2026-01-09 22:23:00,45,70.31
15431,231,150,122,2026-01-09 22:44:00,50,75.83
11930,245,104,195,2026-01-09 22:53:00,22,37.92
8289,374,214,261,2026-01-09 22:57:00,44,70.03
18159,2,58,228,2026-01-09 23:00:00,36,55.52
16786,411,69,87,2026-01-09 23:05:00,56,87.7
18901,213,18,67,2026-01-09 23:07:00,59,91.18
261,20,153,62,2026-01-09 23:07:00,55,83.88
15756,299,151,135,2026-01-09 23:09:00,42,66.38
682,330,33,54,2026-01-09 23:10:00,25,40.17
14276,353,123,186,2026-01-09 23:12:00,17,29.36
19162,65,200,84,2026-01-09 23:24:00,15,29.6
2002,434,63,95,2026-01-09 23:39:00,24,40.43
16630,297,241,140,2026-01-09 23:40:00,34,52.74
15611,483,118,2,2026-01-09 23:50:00,34,56.6
18332,122,76,200,2026-01-09 23:51:00,31,49.74
9703,68,111,178,2026-01-10 00:02:00,26,42.71
5926,346,204,250,2026-01-10 00:15:00,53,84.06
11044,282,223,110,2026-01-10 00:16:00,22,37.38
2603,224,210,184,2026-01-10 00:21:00,25,40.04
17901,377,39,203,2026-01-10 00:48:00,58,91.27
16286,100,200,41,2026-01-10 00:58:00,19,30.86
12388,74,255,183,2026-01-10 01:25:00,37,58.11
17375,361,181,15,2026-01-10 01:30:00,48,75.67
9762,394,60,262,2026-01-10 01:32:00,55,86.31
11375,67,15,54,2026-01-10 01:38:00,17,27.23
3757,478,177,167,2026-01-10 01:41:00,33,49.77
1793,152,114,265,2026-01-10 01:51:00,10,16.59
6008,316,151,204,2026-01-10 01:52:00,39,61.86
5731,223,212,212,2026-01-10 01:57:00,9,16.08
10193,32,238,24,2026-01-10 02:04:00,7,12.89
19069,311,13,211,2026-01-10 02:12:00,29,48.41
4361,124,39,105,2026-01-10 02:15:00,53,81.07
2997,114,94,12,2026-01-10 02:20:00,36,54.3
17588,222,252,90,2026-01-10 02:22:00,42,69.37
9575,116,39,203,2026-01-10 02:23:00,59,90.5
11263,184,213,192,2026-01-10 02:28:00,48,74.76
9963,367,264,64,2026-01-10 02:31:00,8,16.33
8746,87,110,246,2026-01-10 02:37:00,49,76.34
3288,387,106,104,2026-01-10 02:43:00,16,23.84
13994,69,157,80,2026-01-10 03:02:00,8,15.42
18372,446,158,161,2026-01-10 03:06:00,53,85.64
19819,158,145,192,2026-01-10 03:12:00,17,30.32
17309,458,93,67,2026-01-10 03:16:00,5,12.69
1180,123,241,236,2026-01-10 03:26:00,17,32.18
653,358,21,112,2026-01-10 03:30:00,5,10.17
7009,382,118,251,2026-01-10 03:31:00,27,44.52
17349,318,26,93,2026-01-10 03:55:00,18,29.92
19926,289,162,197,2026-01-10 04:08:00,46,70.77
13063,207,112,128,2026-01-10 04:12:00,35,54.94
10576,265,60,233,2026-01-10 04:13:00,59,90.93
3792,19,183,146,2026-01-10 04:16:00,38,57.13
18840,38,197,200,2026-01-10 04:42:00,43,65.97
1243,104,247,173,2026-01-10 04:43:00,60,90.77
2443,20,90,181,2026-01-10 04:47:00,60,90.96
17614,326,170,65,2026-01-10 04:51:00,58,87.14
10592,89,17,91,2026-01-10 04:52:00,37,56.01
18259,69,151,26,2026-01-10 04:56:00,54,82.57
14059,262,119,37,2026-01-10 04:58:00,36,57.35
18442,58,120,176,2026-01-10 05:01:00,55,88.4
4931,19,119,54,2026-01-10 05:02:00,56,87.72
1074,332,200,14,2026-01-10 05:10:00,10,17.86
8116,238,256,20,2026-01-10 05:18:00,24,37.84
987,88,229,200,2026-01-10 05:20:00,14,25.31
9451,122,92,162,2026-01-10 05:22:00,24,39.98
11876,202,30,261,2026-01-10 05:30:00,5,8.82
1735,218,116,27,2026-01-10 05:38:00,13,24.76
8936,9,184,123,2026-01-10 05:39:00,39,60.45
3111,348,18,165,2026-01-10 05:44:00,60,90.6
658,207,65,29,2026-01-10 05:45:00,30,47.81
2600,152,150,10,2026-01-10 05:53:00,34,53.74
3734,279,204,216,2026-01-10 05:55:00,27,46.89
8545,299,160,194,2026-01-10 05:59:00,42,64.05
10107,445,172,29,2026-01-10 06:00:00,7,14.47
1389,335,235,168,2026-01-10 06:04:00,5,9.35
16215,127,196,157,2026-01-10 06:06:00,9,16.24
3791,247,165,226,2026-01-10 06:07:00,11,20.85
11885,458,8,49,2026-01-10 06:09:00,11,16.43
6032,245,135,70,2026-01-10 06:19:00,58,87.72
3145,373,134,146,2026-01-10 06:37:00,48,74.16
1906,280,174,57,2026-01-10 06:49:00,40,61.63
3802,279,121,257,2026-01-10 07:00:00,55,86.76
2394,427,140,4,2026-01-10 07:11:00,58,92.85
19423,45,245,20,2026-01-10 07:17:00,18,29.27
14703,301,108,157,2026-01-10 07:23:00,51,78.48
19932,393,262,132,2026-01-10 07:29:00,40,66.71
19410,101,175,58,2026-01-10 07:34:00,47,74.26
2458,372,88,8,2026-01-10 07:38:00,12,21.52
830,191,44,205,2026-01-10 07:38:00,35,55.2
11287,249,196,159,2026-01-10 07:44:00,30,50.79
5873,403,219,173,2026-01-10 07:45:00,43,67.23
1459,427,27,149,2026-01-10 07:46:00,23,37.94
9925,385,265,260,2026-01-10 07:55:00,8,18.21
4975,414,94,135,2026-01-10 08:09:00,6,14.29
1108,396,212,187,2026-01-10 08:10:00,52,80.98
8735,494,195,239,2026-01-10 08:16:00,25,40.3
3368,381,18,58,2026-01-10 08:24:00,41,65.16
7614,356,45,71,2026-01-10 08:33:00,22,29.79
3002,22,6,46,2026-01-10 08:40:00,59,94.12
87,28,138,193,2026-01-10 08:41:00,25,37.29
6144,457,202,149,2026-01-10 08:45:00,45,73.08
7778,302,260,126,2026-01-10 08:57:00,39,58.85
17346,417,190,44,2026-01-10 09:03:00,58,89.43
13947,205,247,189,2026-01-10 09:05:00,21,33.57
17577,481,254,33,2026-01-10 09:11:00,44,71.84
7262,48,222,128,2026-01-10 09:16:00,55,86.1
13136,71,75,14,2026-01-10 09:19:00,28,41.23
15803,194,62,118,2026-01-10 09:25:00,12,15.05
2381,290,109,64,2026-01-10 09:43:00,29,48.05
17422,202,63,163,2026-01-10 09:44:00,60,94.79
11109,105,94,146,2026-01-10 09:57:00,7,12.35
10790,321,197,71,2026-01-10 10:02:00,31,44.82
13440,2,68,159,2026-01-10 10:09:00,47,74.72
15494,146,29,124,2026-01-10 10:26:00,53,82.85
11636,150,226,239,2026-01-10 10:32:00,41,60.61
18518,253,92,1,2026-01-10 10:36:00,26,44.69
2399,463,146,79,2026-01-10 10:42:00,42,65.41
9243,75,65,143,2026-01-10 10:45:00,46,74.96
14896,299,107,1,2026-01-10 10:45:00,52,82.7
202,144,213,72,2026-01-10 10:49:00,30,49.3
8100,494,205,246,2026-01-10 10:58:00,28,45.25
5970,114,1,139,2026-01-10 11:13:00,33,54.76
16565,358,66,72,2026-01-10 11:24:00,7,10.29
18812,168,93,205,2026-01-10 11:24:00,53,83.33
11430,34,97,190,2026-01-10 11:33:00,53,82.27
5998,82,173,154,2026-01-10 11:39:00,24,39.24
10319,242,130,260,2026-01-10 11:41:00,42,66.97
19018,384,225,132,2026-01-10 11:47:00,27,40.05
7870,402,229,233,2026-01-10 11:57:00,5,11.64
2094,259,97,73,2026-01-10 12:02:00,58,91.43
14,195,101,102,2026-01-10 12:11:00,17,28.72
1113,24,15,143,2026-01-10 12:12:00,43,69.1
7019,266,170,80,2026-01-10 12:12:00,31,47.7
12590,289,167,22,2026-01-10 12:14:00,42,63.2
14959,61,86,147,2026-01-10 12:26:00,19,30.5
11114,287,264,47,2026-01-10 12:32:00,45,65.69
1345,286,193,61,2026-01-10 12:36:00,18,29.52
19845,184,49,23,2026-01-10 12:38:00,40,62.02
17403,330,137,207,2026-01-10 12:39:00,23,38.9
14961,339,22,154,2026-01-10 12:46:00,6,14.24
3773,120,262,179,2026-01-10 12:54:00,35,53.83
12316,176,110,191,2026-01-10 13:02:00,19,34.11
8664,163,254,23,2026-01-10 13:19:00,22,35.07
380,94,124,206,2026-01-10 13:41:00,49,73.79
8197,257,110,165,2026-01-10 13:41:00,59,92.64
16483,365,134,150,2026-01-10 13:45:00,33,51.66
16433,292,246,241,2026-01-10 13:50:00,20,34.34
17704,74,145,219,2026-01-10 13:55:00,18,30.61
19322,80,54,230,2026-01-10 13:59:00,39,61.5
4533,317,134,182,2026-01-10 14:00:00,44,69.56
4761,101,2,9,2026-01-10 14:04:00,26,40.82
6792,157,77,235,2026-01-10 14:07:00,12,18.95
7542,483,226,176,2026-01-10 14:10:00,17,25.92
439,424,34,11,2026-01-10 14:11:00,25,39.02
17995,449,117,60,2026-01-10 14:17:00,56,84.82
4074,339,106,180,2026-01-10 14:18:00,49,73.92
17858,427,5,139,2026-01-10 14:22:00,17,28.19
7753,420,227,1,2026-01-10 14:29:00,36,56.6
14681,409,91,66,2026-01-10 14:34:00,60,91.37
5904,274,168,48,2026-01-10 14:35:00,52,80.45
14074,20,102,170,2026-01-10 15:04:00,43,65.74
2769,105,141,240,2026-01-10 15:07:00,17,27.91
13169,294,29,29,2026-01-10 15:07:00,59,94.22
3870,456,64,100,2026-01-10 15:14:00,59,89.81
16701,122,56,65,2026-01-10 15:17:00,56,90.79
15674,230,133,48,2026-01-10 15:23:00,25,39.07
5467,284,121,191,2026-01-10 15:28:00,44,66.38
17533,84,16,16,2026-01-10 15:33:00,34,53.99
10102,320,8,78,2026-01-10 15:44:00,35,54.18
8627,256,100,251,2026-01-10 15:47:00,44,69.57
4047,79,239,203,2026-01-10 15:53:00,27,42.33
1185,367,118,154,2026-01-10 15:56:00,56,85.79
15000,70,126,25,2026-01-10 16:07:00,54,84.8
9523,483,56,23,2026-01-10 16:09:00,53,81.89
13914,46,250,55,2026-01-10 16:27:00,12,22.59
3885,45,143,139,2026-01-10 16:31:00,25,42.41
6682,45,215,60,2026-01-10 16:31:00,55,85.37
14643,405,53,110,2026-01-10 16:42:00,31,53.23
2174,36,188,189,2026-01-10 16:44:00,9,13.82
11317,374,60,215,2026-01-10 16:48:00,60,91.56
19513,224,2,51,2026-01-10 16:54:00,49,78.87
8920,116,156,116,2026-01-10 16:58:00,56,84.64
4982,154,185,10,2026-01-10 17:02:00,34,55.44
10737,32,16,66,2026-01-10 17:12:00,53,83.77
16553,304,214,233,2026-01-10 17:12:00,60,92.94
18535,354,109,199,2026-01-10 17:13:00,49,74.0
2142,372,84,218,2026-01-10 17:19:00,17,28.32
5081,316,154,113,2026-01-10 17:21:00,50,77.76
11081,69,25,178,2026-01-10 17:22:00,59,89.86
9558,233,255,208,2026-01-10 17:22:00,19,31.88
17139,161,47,257,2026-01-10 17:28:00,16,30.25
3043,142,106,257,2026-01-10 17:32:00,56,85.46
1867,214,36,210,2026-01-10 17:44:00,51,78.46
3974,464,174,117,2026-01-10 17:53:00,60,91.62
6245,247,157,2,2026-01-10 17:53:00,53,83.59
10013,290,228,52,2026-01-10 17:58:00,42,67.49
2887,335,69,141,2026-01-10 18:06:00,5,9.5
3390,470,101,263,2026-01-10 18:10:00,44,69.56
13867,179,134,125,2026-01-10 18:14:00,53,77.78
18011,102,5,57,2026-01-10 18:14:00,44,69.14
12001,267,18,12,2026-01-10 18:14:00,9,15.35
13973,497,39,61,2026-01-10 18:28:00,24,39.75
3062,81,255,139,2026-01-10 18:38:00,14,23.89
4689,181,208,127,2026-01-10 18:38:00,38,59.8
14797,47,235,112,2026-01-10 18:40:00,60,94.71
17105,393,70,22,2026-01-10 18:46:00,33,54.12
3695,459,180,20,2026-01-10 18:51:00,32,52.46
6449,152,69,154,2026-01-10 19:08:00,53,79.55
18108,227,116,61,2026-01-10 19:19:00,59,91.53
7863,256,153,189,2026-01-10 19:20:00,60,92.28
1415,275,154,31,2026-01-10 19:20:00,27,44.32
14495,201,185,187,2026-01-10 19:20:00,36,59.81
13607,11,45,72,2026-01-10 19:34:00,6,10.57
11781,73,93,203,2026-01-10 19:46:00,30,44.25
9144,261,188,167,2026-01-10 19:52:00,38,56.45
13066,230,66,119,2026-01-10 20:04:00,40,62.94
2028,105,230,195,2026-01-10 20:08:00,46,74.9
11335,54,244,214,2026-01-10 20:19:00,12,20.51
16514,410,209,173,2026-01-10 20:20:00,16,27.15
19306,207,196,110,2026-01-10 20:26:00,10,18.16
5271,176,217,75,2026-01-10 20:27:00,45,73.25
6535,465,121,221,2026-01-10 20:27:00,45,70.85
17250,271,202,36,2026-01-10 20:29:00,26,40.36
12644,74,68,212,2026-01-10 20:32:00,41,61.23
7928,88,109,247,2026-01-10 20:42:00,46,68.96
18424,126,30,253,2026-01-10 20:42:00,16,24.09
700,80,84,248,2026-01-10 20:57:00,58,92.47
3571,479,101,232,2026-01-10 21:00:00,28,46.11
6723,221,149,91,2026-01-10 21:02:00,51,79.65
19634,361,112,93,2026-01-10 21:11:00,56,84.09
9352,494,205,68,2026-01-10 21:11:00,50,83.14
5510,218,152,178,2026-01-10 21:30:00,56,86.19
13164,233,75,39,2026-01-10 21:42:00,16,27.22
1047,246,80,56,2026-01-10 21:53:00,21,33.21
6433,240,262,169,2026-01-10 22:16:00,16,29.61
4662,16,262,200,2026-01-10 22:22:00,48,74.47
8689,308,150,262,2026-01-10 22:30:00,49,71.49
8033,314,23,251,2026-01-10 22:33:00,58,89.39
3301,181,254,122,2026-01-10 22:37:00,14,25.1
19947,1,250,201,2026-01-10 22:38:00,10,18.88
7295,58,12,207,2026-01-10 22:52:00,23,38.88
2817,476,244,228,2026-01-10 23:02:00,29,43.9
3001,172,197,98,2026-01-10 23:06:00,39,60.25
8118,341,193,245,2026-01-10 23:14:00,29,46.86
1427,449,46,170,2026-01-10 23:31:00,59,92.04
6227,117,218,27,2026-01-10 23:38:00,5,10.19
8012,277,62,202,2026-01-10 23:45:00,48,75.88
335,66,265,228,2026-01-10 23:54:00,39,59.59
16058,336,192,211,2026-01-10 23:54:00,48,71.58
19164,473,100,188,2026-01-10 23:58:00,22,38.3
2808,331,168,26,2026-01-10 23:59:00,59,91.73
3012,451,129,140,2026-01-11 00:01:00,21,34.26
1907,448,88,32,2026-01-11 00:07:00,14,28.64
5236,150,129,154,2026-01-11 00:24:00,48,72.81
4832,84,241,121,2026-01-11 00:36:00,10,19.61
13313,143,96,5,2026-01-11 00:42:00,28,46.29
7063,306,124,263,2026-01-11 00:50:00,59,88.97
17145,152,74,70,2026-01-11 01:02:00,58,85.37
9214,44,202,181,2026-01-11 01:05:00,37,61.62
5902,324,122,182,2026-01-11 01:19:00,31,48.96
3382,419,109,194,2026-01-11 01:26:00,24,36.65
18443,197,175,161,2026-01-11 01:32:00,31,47.52
17196,307,222,158,2026-01-11 01:39:00,38,60.98
3299,22,239,168,2026-01-11 01:47:00,54,84.32
14386,228,143,8,2026-01-11 01:48:00,59,88.94
15690,74,250,101,2026-01-11 01:54:00,39,58.87
16892,36,189,102,2026-01-11 01:54:00,23,37.02
12424,498,251,190,2026-01-11 01:58:00,50,77.99
1209,21,191,33,2026-01-11 02:02:00,28,44.01
315,370,86,87,2026-01-11 02:18:00,36,57.21
7663,117,45,79,2026-01-11 02:44:00,22,30.92
18086,481,84,22,2026-01-11 02:55:00,27,46.49
17727,11,195,198,2026-01-11 03:04:00,60,94.49
6073,271,20,116,2026-01-11 03:07:00,42,65.13
9645,215,125,205,2026-01-11 03:11:00,48,75.35
11343,375,203,84,2026-01-11 03:13:00,50,79.57
11082,305,60,33,2026-01-11 03:13:00,9,20.75
8053,382,199,6,2026-01-11 03:15:00,53,83.95
7562,454,3,242,2026-01-11 03:22:00,43,66.64
3446,39,173,139,2026-01-11 03:29:00,55,84.4
6072,453,150,130,2026-01-11 03:29:00,24,43.48
10030,98,171,78,2026-01-11 03:32:00,55,85.11
4158,238,227,263,2026-01-11 03:41:00,8,12.0
16610,71,47,159,2026-01-11 03:55:00,23,37.45
19178,128,195,60,2026-01-11 04:00:00,33,53.91
189,95,229,166,2026-01-11 04:01:00,31,50.01
9508,77,264,225,2026-01-11 04:06:00,43,63.96
1898,207,226,121,2026-01-11 04:09:00,34,53.75
15566,400,41,183,2026-01-11 04:11:00,30,49.06
2090,228,241,45,2026-01-11 04:12:00,8,14.08
9077,108,18,143,2026-01-11 04:19:00,44,67.02
2163,153,58,141,2026-01-11 04:23:00,39,61.89
10132,471,148,69,2026-01-11 04:25:00,52,80.05
8765,371,246,32,2026-01-11 04:37:00,33,52.47
11221,410,50,234,2026-01-11 04:39:00,25,42.59
9475,461,106,161,2026-01-11 04:48:00,23,33.96
18496,258,15,143,2026-01-11 04:51:00,51,78.67
12361,114,65,101,2026-01-11 04:58:00,45,68.27
1882,380,235,4,2026-01-11 05:02:00,32,49.96
14258,377,59,259,2026-01-11 05:05:00,58,89.29
13182,349,26,256,2026-01-11 05:07:00,53,81.89
8302,312,94,66,2026-01-11 05:17:00,31,46.55
7587,153,172,56,2026-01-11 05:22:00,9,14.48
11624,173,65,144,2026-01-11 05:25:00,59,93.95
17602,18,46,155,2026-01-11 05:50:00,28,48.98
1845,190,163,54,2026-01-11 05:52:00,60,91.25
4013,174,213,111,2026-01-11 05:52:00,20,34.04
10582,490,222,16,2026-01-11 05:55:00,27,43.02
3069,170,153,231,2026-01-11 06:00:00,47,71.61
1408,483,259,256,2026-01-11 06:01:00,25,39.62
8910,48,251,56,2026-01-11 06:04:00,60,92.62
10889,228,158,73,2026-01-11 06:05:00,16,24.52
10014,42,41,153,2026-01-11 06:15:00,58,89.91
18534,187,247,77,2026-01-11 06:22:00,7,15.45
6112,234,1,16,2026-01-11 06:27:00,35,53.85
13178,465,35,156,2026-01-11 06:32:00,40,61.96
6715,318,134,230,2026-01-11 06:37:00,25,39.35
12557,273,264,60,2026-01-11 06:42:00,28,42.48
13074,294,163,216,2026-01-11 06:50:00,45,68.97
4825,18,78,68,2026-01-11 07:11:00,33,55.24
5906,312,164,70,2026-01-11 07:19:00,47,70.19
8576,158,145,4,2026-01-11 07:25:00,56,83.02
13794,484,40,164,2026-01-11 07:41:00,23,37.39
7842,95,20,1,2026-01-11 07:53:00,41,68.69
7791,237,262,26,2026-01-11 07:55:00,38,58.22
17721,192,5,82,2026-01-11 07:55:00,38,57.36
7719,458,9,92,2026-01-11 07:59:00,16,25.38
12326,56,27,20,2026-01-11 08:04:00,12,19.96
13520,156,243,245,2026-01-11 08:10:00,17,27.54
850,351,253,228,2026-01-11 08:16:00,35,53.0
6524,431,147,261,2026-01-11 08:35:00,58,91.91
2608,415,39,199,2026-01-11 08:48:00,31,51.28
14343,392,264,8,2026-01-11 08:56:00,18,29.24
7898,179,22,81,2026-01-11 09:09:00,19,34.35
2867,390,10,180,2026-01-11 09:14:00,40,61.19
19116,491,227,89,2026-01-11 09:17:00,5,10.22
3402,47,90,2,2026-01-11 09:20:00,38,60.01
11907,78,45,214,2026-01-11 09:30:00,42,66.78
2864,202,237,50,2026-01-11 09:42:00,13,20.33
4590,431,65,123,2026-01-11 09:50:00,17,28.12
386,494,10,23,2026-01-11 09:51:00,40,62.44
5960,307,161,226,2026-01-11 09:52:00,25,40.02
117,229,121,251,2026-01-11 09:52:00,6,12.42
1293,229,39,253,2026-01-11 09:53:00,11,18.99
18517,246,205,189,2026-01-11 10:06:00,21,39.09
1883,367,95,50,2026-01-11 10:22:00,17,25.93
2460,382,88,158,2026-01-11 10:43:00,57,87.12
17372,190,75,107,2026-01-11 10:50:00,29,47.95
13834,177,37,28,2026-01-11 11:00:00,34,53.79
6725,498,159,35,2026-01-11 11:03:00,20,32.53
19066,434,155,149,2026-01-11 11:06:00,35,56.47
16109,263,63,240,2026-01-11 11:11:00,26,45.47
1050,87,143,14,2026-01-11 11:14:00,40,64.14
5988,130,134,79,2026-01-11 11:39:00,46,73.69
8513,281,115,75,2026-01-11 11:47:00,24,39.74
14714,266,250,82,2026-01-11 12:11:00,42,64.17
12955,210,162,164,2026-01-11 12:20:00,9,17.06
530,404,242,107,2026-01-11 12:29:00,47,74.36
6113,352,258,204,2026-01-11 12:32:00,44,70.58
3048,280,117,201,2026-01-11 12:32:00,11,19.93
19060,34,70,17,2026-01-11 12:34:00,17,25.81
11224,62,171,21,2026-01-11 12:35:00,53,82.21
18002,157,203,191,2026-01-11 12:38:00,21,34.85
3853,348,215,171,2026-01-11 12:44:00,23,39.42
12591,475,137,65,2026-01-11 12:49:00,6,12.64
10924,173,137,153,2026-01-11 12:50:00,56,89.09
11255,124,59,219,2026-01-11 12:50:00,31,49.07
8562,86,137,248,2026-01-11 13:18:00,8,14.37
4080,7,184,31,2026-01-11 13:19:00,12,20.69
16078,113,77,57,2026-01-11 13:23:00,17,27.61
5206,392,191,63,2026-01-11 13:28:00,25,40.9
18743,217,124,109,2026-01-11 13:31:00,16,29.53
17968,229,227,73,2026-01-11 13:33:00,7,12.42
13578,123,201,107,2026-01-11 13:38:00,14,20.76
3978,269,191,65,2026-01-11 13:51:00,30,46.55
19468,447,203,49,2026-01-11 13:53:00,43,67.91
11874,284,204,30,2026-01-11 14:00:00,28,45.19
7188,456,71,64,2026-01-11 14:05:00,54,83.61
13771,324,93,173,2026-01-11 14:10:00,41,61.39
17731,371,64,171,2026-01-11 14:20:00,42,66.87
18988,413,222,203,2026-01-11 14:22:00,45,68.2
11669,377,17,90,2026-01-11 14:30:00,6,10.81
9151,320,13,199,2026-01-11 14:36:00,56,87.72
14736,403,96,42,2026-01-11 14:41:00,58,90.24
16214,425,89,179,2026-01-11 14:42:00,8,16.48
3905,9,121,110,2026-01-11 14:50:00,51,79.78
12791,295,130,170,2026-01-11 14:53:00,24,40.16
16498,74,50,18,2026-01-11 15:21:00,49,76.95
19906,363,65,196,2026-01-11 15:21:00,48,73.22
4809,483,75,92,2026-01-11 15:28:00,7,16.55
7597,236,94,225,2026-01-11 15:42:00,9,18.63
17526,228,262,8,2026-01-11 15:44:00,33,52.46
13162,364,228,233,2026-01-11 15:49:00,11,20.05
95,466,50,209,2026-01-11 15:52:00,17,33.3
11244,50,44,54,2026-01-11 15:54:00,18,32.36
12466,188,127,69,2026-01-11 15:57:00,9,14.98
1354,188,88,244,2026-01-11 15:59:00,5,8.26
5309,103,244,96,2026-01-11 16:17:00,43,67.95
18560,34,142,208,2026-01-11 16:27:00,38,61.27
3796,446,140,156,2026-01-11 16:51:00,47,73.93
1641,141,189,89,2026-01-11 16:55:00,15,27.61
5511,325,261,186,2026-01-11 16:55:00,19,28.81
2546,143,114,140,2026-01-11 16:58:00,46,69.43
4805,114,96,114,2026-01-11 17:00:00,35,56.42
5795,215,207,214,2026-01-11 17:02:00,12,22.58
4259,9,51,121,2026-01-11 17:07:00,49,75.94
3886,25,193,60,2026-01-11 17:15:00,57,89.65
17598,312,1,68,2026-01-11 17:17:00,43,67.49
6386,277,30,165,2026-01-11 17:25:00,11,18.27
8032,300,261,98,2026-01-11 17:32:00,51,79.89
9048,447,148,219,2026-01-11 17:37:00,28,43.71
17328,295,194,140,2026-01-11 17:42:00,32,55.68
6259,100,45,189,2026-01-11 17:51:00,22,37.34
621,365,150,62,2026-01-11 18:00:00,5,11.05
10820,391,156,147,2026-01-11 18:06:00,34,53.97
3539,284,76,114,2026-01-11 18:16:00,26,42.62
19584,436,228,40,2026-01-11 18:18:00,52,80.75
9401,408,184,259,2026-01-11 18:19:00,22,38.06
3777,276,115,174,2026-01-11 18:19:00,51,75.77
8566,281,171,130,2026-01-11 18:38:00,45,74.36
8643,474,49,181,2026-01-11 18:44:00,45,69.45
10111,112,101,90,2026-01-11 18:58:00,49,75.45
9815,443,193,170,2026-01-11 18:58:00,43,68.52
7349,362,183,58,2026-01-11 19:05:00,14,24.5
4579,28,226,206,2026-01-11 19:05:00,46,71.11
10365,373,83,185,2026-01-11 19:09:00,12,17.8
15086,493,143,98,2026-01-11 19:12:00,34,51.24
2273,129,249,167,2026-01-11 19:13:00,46,71.39
2480,81,263,154,2026-01-11 19:16:00,59,92.58
3384,313,246,78,2026-01-11 19:17:00,27,41.76
49,230,210,241,2026-01-11 19:21:00,8,0.0
5747,264,129,139,2026-01-11 19:27:00,15,26.82
10614,13,111,166,2026-01-11 19:28:00,13,24.65
19166,140,149,182,2026-01-11 19:31:00,41,64.02
17201,325,126,247,2026-01-11 19:38:00,36,58.22
17156,445,208,95,2026-01-11 19:39:00,58,92.99
16702,211,143,173,2026-01-11 19:43:00,58,90.37
9870,471,51,134,2026-01-11 20:05:00,5,11.4
19921,187,31,229,2026-01-11 20:09:00,29,45.46
2577,85,207,166,2026-01-11 20:09:00,32,49.76
14079,451,52,154,2026-01-11 20:20:00,10,14.02
8181,344,1,76,2026-01-11 20:24:00,34,57.32
10830,191,260,67,2026-01-11 20:26:00,58,87.92
3004,371,30,148,2026-01-11 20:36:00,40,63.12
17076,77,58,43,2026-01-11 20:38:00,58,88.14
16664,47,85,253,2026-01-11 20:41:00,23,37.74
1881,167,144,48,2026-01-11 20:42:00,22,36.4
9706,279,8,174,2026-01-11 21:02:00,53,83.1
6766,176,221,142,2026-01-11 21:09:00,14,26.16
8709,465,136,224,2026-01-11 21:10:00,33,52.76
17965,338,166,202,2026-01-11 21:15:00,36,55.33
15630,12,35,65,2026-01-11 21:15:00,45,67.21
5129,126,55,147,2026-01-11 21:20:00,5,11.96
14990,43,5,169,2026-01-11 21:26:00,10,18.4
19687,282,88,23,2026-01-11 21:26:00,37,59.7
9844,11,38,191,2026-01-11 21:44:00,43,66.63
15766,286,48,156,2026-01-11 21:49:00,26,41.98
4173,52,24,205,2026-01-11 21:53:00,35,51.35
1314,170,27,178,2026-01-11 21:54:00,33,53.74
9577,406,129,158,2026-01-11 22:06:00,50,79.27
1323,276,201,20,2026-01-11 22:11:00,52,79.32
13406,189,107,214,2026-01-11 22:13:00,23,36.92
15130,408,235,31,2026-01-11 22:16:00,54,84.97
12435,143,226,47,2026-01-11 22:20:00,21,33.13
15361,78,20,106,2026-01-11 22:27:00,34,58.71
19809,197,104,135,2026-01-11 22:34:00,51,78.8
8372,477,12,136,2026-01-11 22:43:00,14,25.5
6110,360,11,152,2026-01-11 22:45:00,51,76.81
16943,265,91,51,2026-01-11 22:46:00,26,37.66
342,132,235,256,2026-01-11 22:51:00,6,13.39
12023,470,34,152,2026-01-11 23:08:00,42,66.14
15082,244,254,42,2026-01-11 23:13:00,29,47.05
6013,65,255,91,2026-01-11 23:22:00,14,22.49
7409,136,81,1,2026-01-11 23:23:00,47,75.03
19745,5,174,259,2026-01-11 23:37:00,42,65.86
5973,258,44,69,2026-01-11 23:38:00,12,20.58
9381,10,137,85,2026-01-11 23:46:00,17,30.04
19199,452,118,27,2026-01-11 23:49:00,16,27.75
4665,366,107,104,2026-01-11 23:56:00,5,12.16
16781,394,22,105,2026-01-12 00:00:00,47,74.52
9886,263,16,148,2026-01-12 00:02:00,54,79.52
2555,253,229,138,2026-01-12 00:11:00,49,77.54
1623,279,4,189,2026-01-12 00:18:00,26,39.39
7321,8,235,147,2026-01-12 00:24:00,22,35.45
18049,389,46,84,2026-01-12 00:25:00,15,24.07
7914,417,76,134,2026-01-12 00:29:00,39,63.47
1021,427,230,201,2026-01-12 01:06:00,27,44.13
11270,262,222,244,2026-01-12 01:11:00,54,84.84
5131,67,265,57,2026-01-12 01:34:00,44,69.64
130,500,193,223,2026-01-12 01:35:00,35,58.31
10,231,22,193,2026-01-12 01:35:00,42,66.0
3753,255,17,145,2026-01-12 01:43:00,15,23.14
13986,44,251,213,2026-01-12 01:45:00,18,27.91
2048,134,135,5,2026-01-12 01:47:00,25,42.47
4250,233,208,195,2026-01-12 01:47:00,30,47.12
5513,435,196,224,2026-01-12 01:49:00,51,74.61
4553,316,246,97,2026-01-12 01:54:00,23,37.41
19630,134,248,162,2026-01-12 02:10:00,36,56.36
6576,486,168,45,2026-01-12 02:15:00,39,60.75
13943,206,20,224,2026-01-12 02:47:00,7,18.43
2139,360,95,247,2026-01-12 02:49:00,32,50.89
15069,26,59,240,2026-01-12 02:50:00,25,45.24
6385,294,206,61,2026-01-12 02:52:00,41,65.06
1661,418,69,199,2026-01-12 03:03:00,23,40.41
17750,241,187,56,2026-01-12 03:20:00,25,39.34
15646,54,68,173,2026-01-12 03:21:00,49,73.23
7067,482,112,194,2026-01-12 03:22:00,42,66.23
9770,106,117,93,2026-01-12 03:28:00,23,38.47
3618,85,205,210,2026-01-12 03:31:00,52,81.75
19887,326,70,135,2026-01-12 03:34:00,20,34.29
16579,87,126,169,2026-01-12 03:37:00,33,54.21
417,159,213,6,2026-01-12 03:55:00,6,10.86
8782,348,145,83,2026-01-12 03:55:00,51,75.4
18271,458,92,178,2026-01-12 03:58:00,45,70.69
18966,24,226,166,2026-01-12 04:00:00,29,48.81
10224,472,116,237,2026-01-12 04:04:00,54,83.97
3666,265,19,212,2026-01-12 04:35:00,52,83.08
9839,87,89,221,2026-01-12 04:35:00,11,14.86
11428,461,189,131,2026-01-12 04:37:00,32,49.09
6980,48,100,113,2026-01-12 04:43:00,23,36.75
3270,110,30,32,2026-01-12 04:47:00,33,51.9
8441,148,75,216,2026-01-12 04:51:00,6,15.42
9834,315,187,195,2026-01-12 04:57:00,41,62.2
7479,171,156,32,2026-01-12 05:06:00,34,53.26
11402,207,177,214,2026-01-12 05:20:00,13,23.24
19500,451,10,248,2026-01-12 05:27:00,53,86.18
13820,139,204,187,2026-01-12 05:33:00,9,17.19
9671,469,237,177,2026-01-12 05:45:00,15,21.37
5995,426,204,179,2026-01-12 05:55:00,48,75.66
11507,370,87,117,2026-01-12 06:28:00,20,33.86
1569,174,254,226,2026-01-12 06:28:00,46,70.87
9838,190,85,117,2026-01-12 06:30:00,13,22.7
1723,208,257,20,2026-01-12 06:36:00,51,80.4
3177,397,175,217,2026-01-12 06:39:00,54,82.39
14544,58,186,236,2026-01-12 06:42:00,14,26.2
16089,315,180,130,2026-01-12 06:44:00,9,16.29
18392,244,88,59,2026-01-12 06:47:00,60,94.35
2439,327,25,221,2026-01-12 06:55:00,14,21.52
14468,30,228,66,2026-01-12 06:59:00,22,33.49
1031,60,246,90,2026-01-12 07:09:00,50,79.91
6817,181,153,260,2026-01-12 07:15:00,52,78.95
7230,313,135,176,2026-01-12 07:16:00,27,39.96
520,211,78,260,2026-01-12 07:18:00,37,59.26
8749,41,134,128,2026-01-12 07:27:00,16,31.42
17173,397,134,137,2026-01-12 07:37:00,35,51.33
7360,169,18,235,2026-01-12 07:45:00,6,14.09
7440,336,155,224,2026-01-12 07:52:00,30,49.03
1171,5,13,187,2026-01-12 07:58:00,53,82.74
12151,48,46,197,2026-01-12 07:59:00,58,92.49
10754,41,238,220,2026-01-12 08:02:00,30,46.13
17326,170,119,257,2026-01-12 08:03:00,37,59.13
18095,282,74,103,2026-01-12 08:05:00,52,79.96
2827,305,251,165,2026-01-12 08:12:00,49,76.21
17815,345,237,247,2026-01-12 08:12:00,50,78.24
2110,26,53,67,2026-01-12 08:13:00,47,72.15
282,163,119,91,2026-01-12 08:16:00,59,94.57
5792,189,45,255,2026-01-12 08:18:00,44,68.25
17820,146,249,14,2026-01-12 08:21:00,21,32.09
9760,340,81,34,2026-01-12 08:24:00,18,28.9
15091,258,38,214,2026-01-12 08:25:00,11,20.65
4773,276,148,176,2026-01-12 08:26:00,20,32.12
17358,399,29,79,2026-01-12 08:29:00,35,61.33
8956,57,54,105,2026-01-12 08:31:00,59,89.39
10473,49,240,146,2026-01-12 08:35:00,33,49.72
16822,12,3,212,2026-01-12 08:38:00,15,24.82
16280,229,61,76,2026-01-12 08:47:00,26,42.14
14545,26,241,38,2026-01-12 08:49:00,19,30.48
7841,422,151,197,2026-01-12 09:15:00,16,28.04
1876,185,248,132,2026-01-12 09:25:00,24,37.36
5026,161,128,80,2026-01-12 09:25:00,53,77.5
6670,352,132,107,2026-01-12 09:29:00,54,79.22
17330,26,96,68,2026-01-12 09:29:00,16,28.42
9104,361,126,239,2026-01-12 09:36:00,33,51.57
8909,396,144,111,2026-01-12 09:37:00,47,75.07
11357,361,54,65,2026-01-12 09:44:00,45,72.32
19449,206,233,208,2026-01-12 09:53:00,30,44.96
6543,267,209,204,2026-01-12 09:53:00,36,57.08
14282,464,186,10,2026-01-12 09:54:00,22,32.69
2890,48,155,11,2026-01-12 10:05:00,40,63.96
3309,315,27,220,2026-01-12 10:16:00,29,45.89
18057,368,140,226,2026-01-12 10:22:00,54,82.98
15925,140,200,27,2026-01-12 10:23:00,13,19.32
4561,195,241,164,2026-01-12 10:31:00,8,13.7
17168,73,176,240,2026-01-12 10:33:00,35,56.44
18826,368,90,173,2026-01-12 10:41:00,55,85.49
361,435,146,93,2026-01-12 10:50:00,27,43.49
16744,259,207,18,2026-01-12 10:53:00,58,88.69
19601,158,17,251,2026-01-12 10:56:00,14,22.59
13487,189,264,174,2026-01-12 11:03:00,28,42.5
2198,97,21,96,2026-01-12 11:18:00,35,56.49
7641,405,260,206,2026-01-12 11:20:00,14,21.58
2183,342,232,139,2026-01-12 11:32:00,16,24.94
556,361,255,69,2026-01-12 11:39:00,6,11.31
15107,68,198,194,2026-01-12 11:45:00,41,68.23
14999,11,250,42,2026-01-12 11:48:00,19,27.49
1730,117,151,2,2026-01-12 11:50:00,32,50.46
19412,94,255,116,2026-01-12 11:51:00,12,19.34
2100,43,32,189,2026-01-12 12:09:00,13,22.16
12094,328,43,197,2026-01-12 12:17:00,23,35.55
15921,239,30,92,2026-01-12 12:24:00,47,73.76
19859,187,63,117,2026-01-12 12:27:00,20,34.06
18932,108,1,236,2026-01-12 12:29:00,60,93.55
19186,232,176,261,2026-01-12 12:33:00,43,65.49
559,40,212,154,2026-01-12 12:33:00,14,25.0
11406,35,116,31,2026-01-12 12:56:00,20,35.62
13775,488,124,10,2026-01-12 12:57:00,30,47.47
16492,409,34,106,2026-01-12 12:58:00,45,74.86
18630,164,98,205,2026-01-12 13:06:00,46,71.49
16656,126,63,82,2026-01-12 13:13:00,46,68.1
13758,145,235,146,2026-01-12 13:18:00,56,87.06
10770,80,20,155,2026-01-12 13:30:00,36,54.05
19946,445,227,167,2026-01-12 13:46:00,16,29.8
10931,16,55,225,2026-01-12 13:54:00,58,87.95
9350,313,21,109,2026-01-12 13:57:00,55,83.85
14327,206,203,171,2026-01-12 14:03:00,19,31.48
13929,130,168,105,2026-01-12 14:06:00,15,22.7
9232,363,119,245,2026-01-12 14:06:00,44,70.1
12081,331,109,2,2026-01-12 14:09:00,51,80.42
11139,412,101,109,2026-01-12 14:13:00,32,53.24
16297,184,59,12,2026-01-12 14:19:00,12,24.93
18267,466,9,215,2026-01-12 14:29:00,43,66.47
9427,333,182,100,2026-01-12 14:33:00,52,83.16
2193,268,242,43,2026-01-12 14:44:00,55,88.32
2791,211,26,116,2026-01-12 14:53:00,48,72.9
7847,445,6,145,2026-01-12 15:01:00,44,69.51
14828,341,259,142,2026-01-12 15:14:00,24,42.9
8877,368,174,148,2026-01-12 15:15:00,60,90.31
2368,333,162,249,2026-01-12 15:26:00,22,31.23
7930,134,28,18,2026-01-12 15:29:00,47,73.62
15801,296,65,95,2026-01-12 15:34:00,45,69.64
17825,298,43,8,2026-01-12 15:56:00,25,38.56
2567,151,134,246,2026-01-12 15:57:00,55,85.71
7228,278,223,183,2026-01-12 16:08:00,57,88.68
3425,494,139,105,2026-01-12 16:15:00,24,38.68
5250,154,15,154,2026-01-12 16:21:00,9,18.75
19607,75,146,37,2026-01-12 16:22:00,37,56.53
9285,23,168,210,2026-01-12 16:25:00,55,86.56
13604,444,256,226,2026-01-12 16:37:00,54,80.81
13654,63,193,3,2026-01-12 16:48:00,41,64.44
18433,289,211,178,2026-01-12 16:57:00,13,23.74
11380,95,224,135,2026-01-12 17:00:00,44,68.86
4350,211,32,219,2026-01-12 17:02:00,49,75.28
5943,83,186,66,2026-01-12 17:03:00,58,90.78
14723,197,162,144,2026-01-12 17:03:00,51,80.57
8263,246,253,43,2026-01-12 17:09:00,11,22.93
15709,411,140,62,2026-01-12 17:10:00,57,0.0
5810,261,108,232,2026-01-12 17:19:00,26,43.03
19386,318,45,216,2026-01-12 17:33:00,47,71.86
2232,235,210,101,2026-01-12 17:37:00,32,48.73
16226,274,116,81,2026-01-12 17:44:00,14,23.28
709,374,219,60,2026-01-12 17:45:00,54,83.07
8504,337,221,69,2026-01-12 17:48:00,13,19.63
13073,305,18,216,2026-01-12 17:53:00,16,26.4
5758,466,51,11,2026-01-12 18:05:00,54,83.1
11878,381,100,131,2026-01-12 18:16:00,57,90.83
15665,413,23,109,2026-01-12 18:17:00,29,51.51
18963,171,224,184,2026-01-12 18:18:00,58,92.02
4698,49,88,32,2026-01-12 18:24:00,30,47.68
7725,124,222,179,2026-01-12 18:26:00,51,77.12
15151,318,25,147,2026-01-12 18:28:00,28,41.9
6056,414,104,4,2026-01-12 18:33:00,32,50.31
7327,361,29,144,2026-01-12 18:38:00,36,61.52
11906,125,104,62,2026-01-12 18:50:00,31,52.03
993,284,162,60,2026-01-12 18:53:00,14,23.61
11121,236,106,231,2026-01-12 18:56:00,13,22.17
15851,181,212,151,2026-01-12 18:57:00,27,43.83
11273,457,105,120,2026-01-12 19:05:00,10,15.41
1857,257,58,118,2026-01-12 19:07:00,25,41.22
686,128,196,177,2026-01-12 19:08:00,30,49.02
11957,48,144,247,2026-01-12 19:10:00,41,65.18
3159,159,42,144,2026-01-12 19:17:00,27,44.25
17238,3,255,66,2026-01-12 19:19:00,48,77.69
7111,142,46,70,2026-01-12 19:23:00,29,50.58
5922,78,50,61,2026-01-12 19:39:00,45,67.3
6666,239,114,12,2026-01-12 19:49:00,60,92.19
19470,296,135,224,2026-01-12 20:05:00,42,64.42
14281,205,192,213,2026-01-12 20:07:00,8,13.67
17670,248,198,264,2026-01-12 20:20:00,28,42.21
15503,138,143,203,2026-01-12 20:25:00,35,59.06
15216,211,28,60,2026-01-12 20:27:00,11,23.78
7695,111,21,131,2026-01-12 20:31:00,44,68.35
19125,405,240,110,2026-01-12 20:51:00,46,70.86
59,27,255,132,2026-01-12 20:51:00,59,93.74
331,374,57,25,2026-01-12 21:08:00,42,63.01
16697,447,149,145,2026-01-12 21:12:00,16,29.39
18426,389,220,40,2026-01-12 21:13:00,51,77.17
973,238,2,39,2026-01-12 21:16:00,7,14.91
7655,436,54,260,2026-01-12 21:22:00,50,76.67
10100,13,134,161,2026-01-12 21:25:00,39,61.89
11140,436,128,231,2026-01-12 21:45:00,18,30.18
5897,1,108,7,2026-01-12 21:55:00,38,60.66
9824,263,82,80,2026-01-12 22:26:00,52,78.44
13570,460,212,58,2026-01-12 22:27:00,21,37.46
15015,431,10,106,2026-01-12 22:28:00,40,63.3
4632,196,103,50,2026-01-12 22:32:00,19,26.86
7889,420,106,161,2026-01-12 22:35:00,49,80.02
855,159,30,88,2026-01-12 22:42:00,39,58.73
13893,500,180,250,2026-01-12 22:48:00,45,75.18
5532,191,134,137,2026-01-12 22:50:00,50,82.28
12782,59,105,234,2026-01-12 22:54:00,58,91.38
2084,438,73,30,2026-01-12 22:57:00,21,34.03
9481,150,140,186,2026-01-12 23:02:00,51,80.42
19801,225,56,78,2026-01-12 23:05:00,52,80.65
5672,251,132,199,2026-01-12 23:05:00,49,76.43
12205,492,43,189,2026-01-12 23:16:00,49,76.93
7485,497,192,106,2026-01-12 23:19:00,39,62.3
9247,131,203,142,2026-01-12 23:27:00,42,60.9
16899,170,17,233,2026-01-12 23:27:00,52,85.18
16820,357,169,185,2026-01-12 23:30:00,5,12.62
18848,429,185,2,2026-01-12 23:34:00,13,20.72
10522,412,56,12,2026-01-12 23:45:00,19,30.19
18137,455,186,205,2026-01-12 23:55:00,27,40.84
7686,325,205,126,2026-01-12 23:59:00,33,55.34
7185,191,154,57,2026-01-13 00:03:00,56,85.09
9586,100,118,185,2026-01-13 00:09:00,33,50.79
16263,80,67,248,2026-01-13 00:10:00,16,29.48
13778,370,151,71,2026-01-13 00:10:00,24,37.01
9842,315,147,8,2026-01-13 00:12:00,30,49.23
6209,15,108,228,2026-01-13 00:17:00,37,60.82
6857,64,134,88,2026-01-13 00:36:00,56,86.73
3804,351,113,181,2026-01-13 00:38:00,36,54.95
16127,455,184,183,2026-01-13 00:43:00,21,34.35
102,167,162,156,2026-01-13 00:45:00,55,87.04
15435,270,100,191,2026-01-13 00:49:00,36,56.95
7136,366,130,253,2026-01-13 00:54:00,19,30.24
9458,475,146,258,2026-01-13 01:17:00,5,12.29
6538,473,165,253,2026-01-13 01:27:00,25,43.44
14060,497,83,260,2026-01-13 01:32:00,58,87.81
16468,373,25,116,2026-01-13 01:36:00,21,35.46
8455,346,261,149,2026-01-13 01:48:00,17,27.21
1000,349,60,15,2026-01-13 01:53:00,6,9.34
12250,392,142,87,2026-01-13 01:57:00,26,38.48
15347,248,106,33,2026-01-13 02:02:00,53,81.66
2378,358,27,55,2026-01-13 02:05:00,30,51.57
10804,31,236,69,2026-01-13 02:17:00,7,14.09
12593,482,34,75,2026-01-13 02:22:00,52,77.72
1642,408,157,146,2026-01-13 02:29:00,11,21.52
14680,6,235,6,2026-01-13 02:31:00,58,91.06
5639,233,135,151,2026-01-13 02:51:00,49,78.97
5138,123,110,130,2026-01-13 02:54:00,48,75.2
607,451,154,7,2026-01-13 02:59:00,20,36.88
15028,303,168,117,2026-01-13 03:03:00,30,48.06
8510,432,64,233,2026-01-13 03:04:00,38,62.18
17857,80,99,216,2026-01-13 03:04:00,14,22.78
10925,187,109,127,2026-01-13 03:09:00,55,84.72
14339,393,228,33,2026-01-13 03:13:00,50,78.06
7020,216,252,206,2026-01-13 03:20:00,14,23.29
5752,70,222,192,2026-01-13 03:23:00,31,50.45
2493,394,169,179,2026-01-13 03:25:00,33,52.83
3981,286,215,136,2026-01-13 03:28:00,7,13.86
17929,147,133,12,2026-01-13 03:31:00,11,18.88
11757,119,106,72,2026-01-13 03:34:00,56,84.17
19594,9,119,72,2026-01-13 03:36:00,49,77.28
17281,57,58,129,2026-01-13 03:39:00,18,26.47
10394,178,49,240,2026-01-13 03:49:00,46,68.09
16169,399,59,55,2026-01-13 04:06:00,20,32.79
7896,397,100,58,2026-01-13 04:10:00,10,17.43
16322,296,258,247,2026-01-13 04:15:00,56,87.24
19230,426,158,3,2026-01-13 04:15:00,58,95.1
16731,127,164,207,2026-01-13 04:19:00,40,61.61
14320,262,100,115,2026-01-13 04:21:00,18,29.98
136,472,98,186,2026-01-13 04:21:00,18,28.94
13252,283,138,146,2026-01-13 04:24:00,31,47.7
10409,353,146,60,2026-01-13 04:25:00,41,65.8
17128,39,150,32,2026-01-13 04:28:00,58,92.41
19590,78,151,142,2026-01-13 04:42:00,15,26.49
15459,23,89,233,2026-01-13 04:42:00,21,33.51
16575,303,167,8,2026-01-13 05:04:00,13,21.08
4457,320,117,246,2026-01-13 05:06:00,33,54.27
623,14,25,49,2026-01-13 05:15:00,9,16.99
12789,311,176,250,2026-01-13 05:29:00,17,29.29
8394,497,155,209,2026-01-13 05:30:00,10,17.28
6829,343,56,63,2026-01-13 05:41:00,33,49.85
5743,360,20,200,2026-01-13 05:44:00,51,77.8
7399,408,32,118,2026-01-13 05:45:00,22,37.49
19957,114,221,93,2026-01-13 05:47:00,56,82.76
13705,82,28,183,2026-01-13 05:55:00,40,62.16
11306,422,135,127,2026-01-13 05:56:00,23,36.53
19011,98,231,65,2026-01-13 05:57:00,12,20.94
872,292,14,177,2026-01-13 06:02:00,19,32.05
7927,339,2,239,2026-01-13 06:06:00,58,89.86
17351,385,218,122,2026-01-13 06:12:00,22,33.75
18507,383,5,169,2026-01-13 06:14:00,12,21.46
17652,349,185,94,2026-01-13 06:16:00,11,17.99
14184,244,201,246,2026-01-13 06:31:00,49,77.14
6751,415,112,104,2026-01-13 06:34:00,26,44.2
6096,109,91,68,2026-01-13 06:35:00,59,93.26
8440,87,137,224,2026-01-13 06:35:00,51,82.13
9485,226,66,236,2026-01-13 06:37:00,7,12.49
6430,73,257,260,2026-01-13 06:51:00,42,64.78
17184,205,31,185,2026-01-13 06:56:00,21,35.51
7352,452,115,88,2026-01-13 07:03:00,26,43.74
7924,274,42,263,2026-01-13 07:05:00,13,20.5
14615,261,23,54,2026-01-13 07:07:00,15,24.28
13284,381,125,120,2026-01-13 07:16:00,41,67.09
10430,257,229,206,2026-01-13 07:24:00,50,78.24
19103,170,19,7,2026-01-13 07:36:00,31,47.95
3602,370,33,38,2026-01-13 07:37:00,48,77.04
19918,30,37,152,2026-01-13 07:41:00,21,33.39
15406,87,96,32,2026-01-13 07:49:00,17,30.43
7839,330,65,105,2026-01-13 08:01:00,5,10.58
3068,64,216,237,2026-01-13 08:12:00,6,15.94
12813,497,199,67,2026-01-13 08:13:00,44,0.0
19540,248,88,52,2026-01-13 08:18:00,13,23.37
14770,468,209,103,2026-01-13 08:30:00,28,44.29
6281,106,245,57,2026-01-13 08:33:00,51,79.3
1012,216,234,206,2026-01-13 08:38:00,22,37.86
8608,407,63,257,2026-01-13 08:48:00,58,87.94
19448,243,160,75,2026-01-13 08:59:00,21,32.39
18721,366,130,133,2026-01-13 09:01:00,17,26.34
14246,289,165,31,2026-01-13 09:15:00,51,78.57
19393,34,159,5,2026-01-13 09:37:00,55,85.99
13433,433,168,115,2026-01-13 09:37:00,12,21.45
3983,54,41,44,2026-01-13 09:37:00,33,50.94
19343,294,100,42,2026-01-13 09:40:00,56,84.22
19934,368,210,14,2026-01-13 09:40:00,43,67.19
13580,382,112,125,2026-01-13 09:49:00,30,50.41
9576,445,98,258,2026-01-13 09:53:00,52,83.25
4895,383,171,238,2026-01-13 09:55:00,7,11.11
1087,298,141,20,2026-01-13 10:03:00,31,48.99
18021,177,99,219,2026-01-13 10:06:00,26,42.43
18486,365,122,26,2026-01-13 10:06:00,41,65.49
9743,452,21,61,2026-01-13 10:10:00,33,52.5
8975,253,255,183,2026-01-13 10:18:00,5,13.36
14707,41,189,34,2026-01-13 10:22:00,40,62.82
16415,59,121,189,2026-01-13 10:26:00,34,53.48
4406,347,138,245,2026-01-13 10:36:00,40,63.33
3401,448,197,261,2026-01-13 10:37:00,50,78.05
16160,54,61,151,2026-01-13 10:42:00,52,77.45
15016,299,37,262,2026-01-13 10:42:00,19,32.3
4634,271,4,71,2026-01-13 10:44:00,57,85.66
7363,108,66,126,2026-01-13 10:50:00,59,95.57
16394,465,116,218,2026-01-13 10:51:00,49,73.9
15185,496,179,83,2026-01-13 10:59:00,24,36.46
3211,70,153,67,2026-01-13 11:01:00,25,38.2
15165,258,150,58,2026-01-13 11:01:00,18,32.24
5434,25,240,96,2026-01-13 11:04:00,43,69.21
17944,438,119,18,2026-01-13 11:04:00,22,38.45
8563,314,49,184,2026-01-13 11:24:00,20,31.49
6930,433,20,70,2026-01-13 11:34:00,51,82.09
2242,120,72,155,2026-01-13 11:38:00,19,30.01
7617,274,97,71,2026-01-13 11:44:00,14,26.29
2572,481,211,231,2026-01-13 11:46:00,28,47.86
10031,184,189,210,2026-01-13 11:47:00,50,77.04
13343,489,3,61,2026-01-13 11:52:00,27,41.92
16,239,32,119,2026-01-13 11:56:00,51,81.08
10668,26,172,224,2026-01-13 12:10:00,29,48.64
2046,266,18,41,2026-01-13 12:30:00,16,32.71
2718,294,247,208,2026-01-13 12:32:00,37,57.2
2092,403,221,167,2026-01-13 12:34:00,33,54.68
18116,498,18,30,2026-01-13 12:56:00,39,62.5
5963,277,116,41,2026-01-13 13:14:00,53,83.14
4610,477,52,225,2026-01-13 13:28:00,14,21.26
19005,37,217,108,2026-01-13 13:35:00,48,73.43
6104,234,252,87,2026-01-13 13:45:00,46,73.13
17702,196,199,105,2026-01-13 13:52:00,51,80.19
17863,141,178,235,2026-01-13 13:54:00,37,57.87
14280,286,61,159,2026-01-13 13:57:00,43,69.28
18398,95,94,81,2026-01-13 14:05:00,33,53.84
10113,423,120,105,2026-01-13 14:17:00,58,89.53
6216,36,134,99,2026-01-13 14:20:00,56,90.97
10479,490,22,36,2026-01-13 14:23:00,10,14.92
638,361,236,88,2026-01-13 14:28:00,18,30.75
7450,118,165,194,2026-01-13 14:31:00,8,15.72
14989,50,154,107,2026-01-13 14:32:00,47,74.79
5603,140,171,101,2026-01-13 14:33:00,55,87.33
18659,83,236,237,2026-01-13 14:39:00,26,45.99
15146,177,238,236,2026-01-13 14:49:00,54,82.9
8445,500,158,95,2026-01-13 15:17:00,60,94.4
2557,215,230,147,2026-01-13 15:18:00,14,24.68
11408,264,184,199,2026-01-13 15:37:00,44,66.77
18405,191,72,248,2026-01-13 15:39:00,11,20.83
14931,291,126,91,2026-01-13 15:46:00,52,79.4
4798,140,166,233,2026-01-13 15:47:00,55,87.78
10544,125,67,128,2026-01-13 15:48:00,14,20.08
10695,294,11,162,2026-01-13 15:52:00,51,77.46
10424,332,61,53,2026-01-13 15:54:00,50,79.86
11008,253,182,127,2026-01-13 16:13:00,26,39.71
1268,34,18,252,2026-01-13 16:19:00,25,42.92
18598,7,215,18,2026-01-13 16:22:00,35,55.74
11001,245,36,245,2026-01-13 16:26:00,17,25.59
5367,64,182,237,2026-01-13 16:28:00,29,46.27
4872,461,226,164,2026-01-13 16:34:00,32,52.02
15298,107,264,73,2026-01-13 16:47:00,30,49.78
8293,187,255,7,2026-01-13 16:50:00,36,56.52
12808,310,48,259,2026-01-13 16:58:00,27,43.52
13195,56,49,233,2026-01-13 17:06:00,57,87.57
3027,427,69,177,2026-01-13 17:08:00,41,60.11
2914,157,51,100,2026-01-13 17:15:00,27,43.44
7326,186,181,263,2026-01-13 17:24:00,53,82.85
17202,176,161,15,2026-01-13 17:42:00,59,95.43
15456,69,175,202,2026-01-13 17:43:00,26,41.18
15699,59,208,12,2026-01-13 18:01:00,7,11.7
17095,19,264,166,2026-01-13 18:03:00,55,86.5
5398,122,81,152,2026-01-13 18:04:00,56,81.83
6750,187,221,90,2026-01-13 18:05:00,45,69.46
10720,331,141,80,2026-01-13 18:14:00,17,26.18
2933,102,62,94,2026-01-13 18:16:00,56,86.99
5213,37,203,157,2026-01-13 18:27:00,33,53.33
15214,99,220,25,2026-01-13 18:44:00,24,39.51
17141,256,233,78,2026-01-13 18:56:00,36,56.67
197,67,125,84,2026-01-13 19:01:00,19,29.57
11216,359,236,201,2026-01-13 19:04:00,35,56.15
10619,18,145,189,2026-01-13 19:08:00,22,36.38
5326,319,87,186,2026-01-13 19:09:00,14,24.81
4613,144,221,226,2026-01-13 19:10:00,17,29.3
2302,16,160,136,2026-01-13 19:13:00,54,82.5
3634,174,95,64,2026-01-13 19:16:00,54,85.45
834,276,183,50,2026-01-13 19:22:00,7,15.56
15718,177,125,168,2026-01-13 19:24:00,47,68.75
1201,45,73,126,2026-01-13 19:26:00,39,63.9
2733,31,90,190,2026-01-13 19:28:00,11,17.71
19995,234,130,28,2026-01-13 19:31:00,15,24.98
10841,23,195,99,2026-01-13 19:51:00,20,32.01
350,485,13,65,2026-01-13 19:58:00,55,86.0
5801,293,49,15,2026-01-13 20:05:00,22,38.14
8750,491,183,7,2026-01-13 20:06:00,56,84.83
13854,408,32,143,2026-01-13 20:13:00,55,84.5
5455,248,75,263,2026-01-13 20:19:00,13,22.3
5602,203,174,107,2026-01-13 20:28:00,53,82.35
6985,307,107,110,2026-01-13 20:47:00,20,36.29
19148,58,264,71,2026-01-13 20:47:00,57,88.01
18004,4,154,123,2026-01-13 21:04:00,35,55.99
17248,411,146,40,2026-01-13 21:17:00,13,20.61
18092,428,136,109,2026-01-13 21:30:00,52,80.2
7788,256,195,15,2026-01-13 21:46:00,42,67.29
18449,479,69,172,2026-01-13 21:48:00,34,56.95
5481,306,257,67,2026-01-13 22:18:00,34,52.29
2358,485,201,193,2026-01-13 22:26:00,36,57.99
11261,304,261,134,2026-01-13 23:03:00,47,70.78
9596,150,181,130,2026-01-13 23:04:00,45,71.33
16428,433,127,107,2026-01-13 23:05:00,49,75.76
11193,264,126,15,2026-01-13 23:09:00,15,24.84
17743,318,248,162,2026-01-13 23:16:00,8,13.4
17561,11,56,38,2026-01-13 23:17:00,31,51.91
708,288,61,37,2026-01-13 23:25:00,5,8.15
12013,336,35,30,2026-01-13 23:27:00,36,58.78
4658,275,118,107,2026-01-13 23:39:00,48,76.98
15815,194,256,17,2026-01-13 23:39:00,28,47.27
6733,395,215,216,2026-01-13 23:46:00,16,25.78
16050,169,64,195,2026-01-13 23:50:00,54,80.25
19603,175,39,28,2026-01-14 00:15:00,12,24.12
15618,272,252,142,2026-01-14 00:17:00,8,16.05
16590,380,10,25,2026-01-14 00:27:00,6,9.05
15870,125,85,104,2026-01-14 00:35:00,46,70.41
11188,28,139,77,2026-01-14 00:36:00,40,61.51
18015,154,189,190,2026-01-14 00:39:00,23,37.95
13927,238,215,88,2026-01-14 00:46:00,5,14.66
14417,40,40,55,2026-01-14 00:47:00,17,29.89
19740,115,138,162,2026-01-14 00:50:00,53,84.97
11331,401,123,77,2026-01-14 00:53:00,21,31.33
17776,259,110,217,2026-01-14 01:01:00,37,60.9
19415,354,155,243,2026-01-14 01:04:00,46,70.5
3175,393,145,249,2026-01-14 01:08:00,17,28.93
6396,352,12,50,2026-01-14 01:08:00,29,45.56
18221,27,9,262,2026-01-14 01:10:00,55,81.85
7332,414,131,14,2026-01-14 01:20:00,14,21.86
890,486,153,21,2026-01-14 01:28:00,29,43.14
7637,380,14,48,2026-01-14 01:37:00,53,84.33
13274,356,85,81,2026-01-14 01:43:00,18,32.33
8997,245,67,204,2026-01-14 01:54:00,33,51.87
17993,146,223,251,2026-01-14 01:57:00,53,80.14
761,220,23,166,2026-01-14 02:00:00,26,41.77
13684,108,250,55,2026-01-14 02:04:00,40,65.7
15544,326,40,130,2026-01-14 02:09:00,30,47.78
9134,440,170,239,2026-01-14 02:09:00,40,65.22
4234,307,73,66,2026-01-14 02:09:00,40,66.02
14805,477,170,158,2026-01-14 02:10:00,50,80.75
9195,13,40,259,2026-01-14 02:10:00,34,52.18
1192,461,203,45,2026-01-14 02:17:00,31,46.17
14757,276,110,80,2026-01-14 02:18:00,47,72.34
5469,349,83,22,2026-01-14 02:18:00,33,53.44
13534,336,149,82,2026-01-14 02:27:00,51,81.55
10568,161,218,264,2026-01-14 02:47:00,36,57.29
2580,299,153,38,2026-01-14 02:52:00,42,65.69
12729,386,192,6,2026-01-14 02:55:00,40,63.89
7592,116,158,176,2026-01-14 03:05:00,52,82.21
4164,382,69,27,2026-01-14 03:07:00,49,78.91
6566,75,212,124,2026-01-14 03:16:00,6,14.56
12578,489,89,110,2026-01-14 03:21:00,45,72.12
17542,429,80,90,2026-01-14 03:25:00,30,45.42
6973,449,109,66,2026-01-14 03:33:00,19,32.56
5198,129,113,80,2026-01-14 03:34:00,42,65.33
16923,75,265,13,2026-01-14 03:38:00,45,68.92
6394,382,152,253,2026-01-14 03:39:00,21,36.3
5348,495,115,38,2026-01-14 03:45:00,24,40.29
8759,69,225,185,2026-01-14 03:46:00,41,65.31
8246,310,127,30,2026-01-14 03:57:00,58,89.8
6194,229,17,252,2026-01-14 04:03:00,11,18.83
8442,377,173,228,2026-01-14 04:10:00,22,36.85
5628,1,76,87,2026-01-14 04:11:00,42,65.2
16798,98,218,248,2026-01-14 04:18:00,38,57.87
13303,401,234,54,2026-01-14 04:29:00,12,21.05
12902,270,115,122,2026-01-14 04:33:00,15,26.56
17097,127,105,226,2026-01-14 04:39:00,44,69.93
13522,106,208,124,2026-01-14 04:40:00,31,45.97
14194,348,255,137,2026-01-14 04:43:00,45,71.53
10762,234,180,113,2026-01-14 04:59:00,29,45.73
16608,137,257,135,2026-01-14 05:05:00,21,34.78
16634,266,83,231,2026-01-14 05:23:00,47,76.32
2578,37,134,102,2026-01-14 05:35:00,49,76.25
10809,266,160,81,2026-01-14 06:01:00,37,60.22
13890,36,34,69,2026-01-14 06:11:00,31,48.47
17864,429,8,196,2026-01-14 06:13:00,24,35.99
1591,131,25,109,2026-01-14 06:15:00,58,90.3
11783,62,94,217,2026-01-14 06:18:00,47,71.36
18868,182,2,159,2026-01-14 06:29:00,55,85.58
10386,54,185,238,2026-01-14 06:34:00,27,45.06
11735,465,28,230,2026-01-14 06:53:00,16,25.99
19774,81,97,204,2026-01-14 06:55:00,33,51.14
7921,187,254,135,2026-01-14 06:55:00,29,46.87
17952,116,61,8,2026-01-14 07:06:00,24,41.02
17617,315,70,177,2026-01-14 07:12:00,54,86.53
1261,231,35,118,2026-01-14 07:34:00,50,78.64
18238,351,181,111,2026-01-14 07:36:00,14,19.15
6814,330,178,44,2026-01-14 07:52:00,49,77.48
5629,101,154,63,2026-01-14 07:56:00,7,15.64
13097,52,58,252,2026-01-14 08:00:00,25,38.08
6045,296,171,94,2026-01-14 08:01:00,38,61.1
3365,165,105,51,2026-01-14 08:04:00,35,55.37
13479,296,176,75,2026-01-14 08:10:00,49,74.86
15132,201,84,146,2026-01-14 08:15:00,19,30.78
77,199,142,248,2026-01-14 08:23:00,55,88.63
15819,93,25,227,2026-01-14 08:28:00,40,65.0
17720,76,103,102,2026-01-14 08:30:00,52,83.08
8484,335,78,81,2026-01-14 08:33:00,47,73.8
3800,70,240,167,2026-01-14 08:51:00,59,95.84
14186,330,104,258,2026-01-14 08:55:00,54,86.12
8628,483,27,142,2026-01-14 09:00:00,24,40.87
3504,361,129,122,2026-01-14 09:12:00,56,86.08
2593,307,259,32,2026-01-14 09:30:00,35,57.19
9283,390,149,113,2026-01-14 09:40:00,43,69.13
4034,490,123,209,2026-01-14 09:50:00,30,50.74
6109,456,200,66,2026-01-14 10:08:00,54,83.08
11558,156,24,102,2026-01-14 10:10:00,52,77.91
14863,402,197,192,2026-01-14 10:18:00,32,49.75
13663,247,211,231,2026-01-14 10:19:00,35,54.09
6899,404,104,3,2026-01-14 10:29:00,12,21.61
12727,246,152,119,2026-01-14 10:30:00,60,93.4
17401,86,202,253,2026-01-14 10:41:00,6,12.9
5281,386,148,92,2026-01-14 10:44:00,23,36.0
12661,211,110,56,2026-01-14 10:45:00,16,24.13
2940,393,174,140,2026-01-14 10:46:00,22,36.21
13129,149,201,42,2026-01-14 10:59:00,29,48.62
8243,402,143,81,2026-01-14 11:04:00,53,83.96
4504,40,112,207,2026-01-14 11:12:00,50,76.42
8218,233,39,216,2026-01-14 11:16:00,59,89.44
19632,358,261,124,2026-01-14 11:20:00,49,76.24
12664,414,12,206,2026-01-14 11:58:00,44,67.3
3916,476,70,220,2026-01-14 12:12:00,42,65.69
8275,292,252,44,2026-01-14 12:26:00,37,57.48
9620,191,19,190,2026-01-14 12:26:00,58,89.13
5011,373,48,112,2026-01-14 12:29:00,33,55.59
1099,195,20,159,2026-01-14 12:30:00,21,34.93
16200,182,222,80,2026-01-14 12:36:00,35,55.07
11215,38,47,188,2026-01-14 12:43:00,58,93.12
13423,493,102,4,2026-01-14 12:44:00,5,6.41
4429,347,87,141,2026-01-14 12:48:00,59,89.36
17476,49,263,67,2026-01-14 12:59:00,18,29.42
4813,181,73,250,2026-01-14 13:09:00,15,22.58
3137,194,114,198,2026-01-14 13:22:00,60,92.97
17782,31,28,102,2026-01-14 13:26:00,46,66.58
8005,9,203,200,2026-01-14 13:33:00,53,79.95
15914,78,192,39,2026-01-14 13:37:00,23,37.94
7110,77,252,218,2026-01-14 13:50:00,49,79.14
1809,103,5,54,2026-01-14 14:07:00,25,41.6
12360,389,201,150,2026-01-14 14:11:00,46,72.6
18689,454,42,47,2026-01-14 14:26:00,43,67.61
11670,253,53,108,2026-01-14 14:32:00,47,78.05
6114,401,5,95,2026-01-14 14:43:00,16,26.41
12525,487,103,54,2026-01-14 14:46:00,9,17.7
8166,80,106,236,2026-01-14 14:50:00,21,36.83
13714,494,169,30,2026-01-14 14:52:00,11,16.73
7336,8,224,132,2026-01-14 15:00:00,10,17.9
13635,436,179,163,2026-01-14 15:01:00,9,13.46
6509,41,236,152,2026-01-14 15:11:00,45,71.43
226,52,245,151,2026-01-14 15:15:00,9,13.38
7198,315,78,45,2026-01-14 15:26:00,23,35.6
18008,199,143,140,2026-01-14 15:26:00,7,12.21
16267,411,244,235,2026-01-14 15:48:00,23,37.85
15010,300,75,158,2026-01-14 15:52:00,9,13.31
13992,311,20,214,2026-01-14 15:56:00,53,78.5
8155,150,126,181,2026-01-14 15:57:00,31,44.88
1596,467,35,16,2026-01-14 15:59:00,55,87.07
16577,474,84,30,2026-01-14 16:01:00,17,28.56
8944,77,234,190,2026-01-14 16:02:00,41,63.44
11452,372,230,41,2026-01-14 16:03:00,22,31.29
2656,243,106,167,2026-01-14 16:09:00,52,78.81
14942,489,133,219,2026-01-14 16:22:00,8,11.93
2602,283,124,34,2026-01-14 16:30:00,23,35.09
6775,245,245,13,2026-01-14 16:38:00,21,34.42
893,85,163,124,2026-01-14 16:42:00,54,86.99
7845,142,102,51,2026-01-14 16:45:00,34,56.35
6142,7,29,110,2026-01-14 16:49:00,5,9.62
3052,381,101,69,2026-01-14 16:49:00,12,0.0
16289,121,61,118,2026-01-14 16:59:00,27,39.47
15944,458,34,239,2026-01-14 17:04:00,32,48.99
209,158,144,65,2026-01-14 17:10:00,40,60.42
5140,178,47,223,2026-01-14 17:12:00,25,40.26
7239,27,96,228,2026-01-14 17:44:00,34,52.94
6951,432,65,245,2026-01-14 17:49:00,54,83.67
7689,240,166,244,2026-01-14 18:00:00,26,40.33
4970,352,88,37,2026-01-14 18:00:00,41,62.81
6009,64,167,212,2026-01-14 18:02:00,19,31.1
10192,49,244,245,2026-01-14 18:05:00,43,65.07
17057,37,243,64,2026-01-14 18:18:00,34,52.62
13599,187,125,82,2026-01-14 18:19:00,50,74.76
11882,337,207,18,2026-01-14 18:25:00,30,48.5
13511,92,15,119,2026-01-14 18:35:00,6,12.13
13106,402,56,110,2026-01-14 18:36:00,25,40.87
16586,399,98,108,2026-01-14 18:41:00,47,73.08
8911,325,251,213,2026-01-14 18:55:00,20,33.85
7491,464,156,257,2026-01-14 19:09:00,33,50.06
2921,262,125,155,2026-01-14 19:11:00,6,10.02
3182,258,236,192,2026-01-14 19:15:00,28,45.6
14811,243,47,64,2026-01-14 19:17:00,16,30.33
19748,31,114,169,2026-01-14 19:18:00,15,22.34
14717,5,231,65,2026-01-14 19:52:00,32,51.44
2675,401,161,19,2026-01-14 20:09:00,46,71.7
7893,216,96,197,2026-01-14 20:09:00,34,55.45
6121,235,150,126,2026-01-14 20:12:00,18,32.45
14453,224,207,207,2026-01-14 20:17:00,11,18.87
6471,158,5,210,2026-01-14 20:28:00,43,68.48
12677,357,92,33,2026-01-14 20:31:00,43,67.64
13083,334,223,83,2026-01-14 20:37:00,33,49.76
14151,431,207,28,2026-01-14 20:46:00,29,48.63
16158,140,198,151,2026-01-14 20:47:00,39,62.38
8043,284,40,135,2026-01-14 20:53:00,54,83.83
4942,330,202,100,2026-01-14 21:18:00,5,8.31
9323,191,174,171,2026-01-14 21:24:00,55,87.94
9337,153,28,69,2026-01-14 21:36:00,5,9.6
8435,184,23,62,2026-01-14 21:43:00,12,19.52
14154,255,138,142,2026-01-14 21:44:00,53,81.32
12212,170,148,26,2026-01-14 22:10:00,33,54.41
17256,417,180,258,2026-01-14 22:12:00,26,42.95
6635,416,231,41,2026-01-14 22:30:00,43,69.24
8120,301,146,93,2026-01-14 22:50:00,27,46.04
7212,348,113,20,2026-01-14 22:51:00,59,90.71
6095,276,216,135,2026-01-14 22:53:00,12,16.98
12157,439,81,37,2026-01-14 23:06:00,5,9.56
1378,476,21,13,2026-01-14 23:07:00,22,40.46
17613,251,148,61,2026-01-14 23:08:00,26,46.27
12657,500,225,216,2026-01-14 23:15:00,8,12.78
18222,455,213,182,2026-01-14 23:21:00,35,57.6
919,9,96,71,2026-01-14 23:35:00,39,60.4
5883,458,263,112,2026-01-14 23:37:00,35,59.88
18934,441,154,49,2026-01-14 23:39:00,43,69.18
17081,464,263,43,2026-01-14 23:44:00,44,71.05
7708,446,87,22,2026-01-14 23:46:00,41,62.8
3087,108,99,208,2026-01-14 23:50:00,27,40.9
5452,65,46,104,2026-01-14 23:51:00,38,62.8
7936,492,155,90,2026-01-14 23:52:00,23,38.38
18500,451,209,212,2026-01-15 00:06:00,29,49.5
5753,348,161,117,2026-01-15 00:07:00,28,45.59
3756,433,34,88,2026-01-15 00:11:00,18,33.27
9877,210,264,61,2026-01-15 00:14:00,13,23.48
18071,66,197,204,2026-01-15 00:15:00,10,17.64
19882,17,149,166,2026-01-15 00:19:00,15,23.12
12082,475,40,227,2026-01-15 00:32:00,22,39.29
12969,368,123,74,2026-01-15 00:35:00,43,67.87
10293,306,11,227,2026-01-15 00:39:00,50,76.88
10400,212,156,151,2026-01-15 00:42:00,56,89.51
4052,161,59,263,2026-01-15 00:45:00,58,87.74
6729,405,108,183,2026-01-15 00:54:00,10,18.7
11695,247,129,195,2026-01-15 00:55:00,9,18.92
2644,67,206,189,2026-01-15 00:57:00,55,87.0
8535,419,46,68,2026-01-15 01:05:00,60,94.2
17781,29,157,10,2026-01-15 01:09:00,29,44.9
19282,357,185,5,2026-01-15 01:13:00,25,39.87
18808,175,262,132,2026-01-15 01:19:00,54,83.8
13963,232,113,73,2026-01-15 01:21:00,60,93.84
12078,281,19,219,2026-01-15 01:23:00,48,74.74
1032,161,162,82,2026-01-15 01:30:00,8,16.21
15744,277,150,5,2026-01-15 01:38:00,20,35.17
17517,422,173,62,2026-01-15 01:41:00,32,49.04
9514,198,220,229,2026-01-15 01:50:00,36,54.26
12647,216,221,198,2026-01-15 01:58:00,5,12.95
13716,133,249,215,2026-01-15 02:02:00,37,59.68
16775,274,261,185,2026-01-15 02:03:00,49,77.0
2230,47,250,97,2026-01-15 02:16:00,14,24.03
3324,375,48,78,2026-01-15 02:19:00,49,73.75
4594,1,219,223,2026-01-15 02:26:00,23,34.29
19706,43,56,196,2026-01-15 02:41:00,29,47.21
16597,359,172,57,2026-01-15 02:44:00,28,43.41
14270,137,97,8,2026-01-15 02:45:00,44,69.36
9357,245,15,263,2026-01-15 02:50:00,32,52.68
8395,269,90,32,2026-01-15 03:08:00,47,72.07
14462,381,186,261,2026-01-15 03:14:00,45,70.1
9598,234,75,108,2026-01-15 03:24:00,6,15.97
15392,188,141,100,2026-01-15 03:36:00,14,23.8
4251,446,4,37,2026-01-15 03:38:00,55,88.12
12543,201,17,165,2026-01-15 03:41:00,18,31.68
2396,21,152,15,2026-01-15 03:56:00,12,20.44
15294,391,13,92,2026-01-15 04:01:00,54,80.94
15903,386,148,207,2026-01-15 04:07:00,54,81.11
17980,354,265,222,2026-01-15 04:08:00,25,37.3
6218,158,40,244,2026-01-15 04:14:00,52,81.68
9712,327,128,245,2026-01-15 04:22:00,12,21.1
14674,226,260,234,2026-01-15 04:26:00,58,90.02
3193,424,41,130,2026-01-15 04:32:00,24,38.67
4189,363,179,148,2026-01-15 04:45:00,35,57.02
11534,329,194,65,2026-01-15 04:50:00,19,30.05
10988,15,47,82,2026-01-15 05:10:00,32,51.0
13713,378,205,125,2026-01-15 05:10:00,31,50.96
19355,176,217,173,2026-01-15 05:17:00,28,43.17
16100,308,74,44,2026-01-15 05:23:00,60,91.79
3986,316,89,75,2026-01-15 05:26:00,41,66.94
11756,461,265,97,2026-01-15 05:32:00,5,11.21
16034,254,140,188,2026-01-15 05:36:00,22,35.85
11978,74,90,2,2026-01-15 05:37:00,36,57.7
11617,31,253,165,2026-01-15 05:39:00,56,89.23
10241,463,93,60,2026-01-15 05:42:00,28,44.72
8568,487,219,29,2026-01-15 05:50:00,41,66.79
13323,235,47,64,2026-01-15 05:53:00,27,44.41
19124,395,69,212,2026-01-15 05:55:00,31,48.4
17153,274,173,209,2026-01-15 06:02:00,53,80.57
3099,152,246,26,2026-01-15 06:02:00,56,85.08
2941,159,258,106,2026-01-15 06:23:00,34,54.46
10229,151,49,256,2026-01-15 06:24:00,60,94.02
14606,428,17,106,2026-01-15 06:36:00,27,41.94
8945,56,23,122,2026-01-15 06:37:00,60,90.54
11689,122,73,257,2026-01-15 06:38:00,51,79.97
18547,252,132,254,2026-01-15 06:40:00,11,18.42
977,267,230,13,2026-01-15 06:41:00,23,38.26
7707,74,12,14,2026-01-15 06:43:00,25,42.25
14229,268,182,95,2026-01-15 06:49:00,46,69.09
13085,273,98,215,2026-01-15 06:49:00,42,66.63
6233,361,151,109,2026-01-15 06:50:00,12,19.93
2421,323,230,265,2026-01-15 06:53:00,21,37.24
11655,187,209,221,2026-01-15 07:19:00,60,91.63
13843,361,111,89,2026-01-15 07:57:00,38,59.15
18145,59,20,135,2026-01-15 07:59:00,38,59.39
3196,48,242,111,2026-01-15 08:04:00,50,77.64
1036,216,75,124,2026-01-15 08:12:00,34,57.25
10774,214,108,166,2026-01-15 08:23:00,48,75.6
6956,389,66,143,2026-01-15 08:27:00,32,48.61
8095,264,221,186,2026-01-15 08:36:00,47,71.93
540,81,259,144,2026-01-15 08:40:00,37,55.87
10521,235,21,85,2026-01-15 08:43:00,49,73.14
16834,69,265,100,2026-01-15 09:00:00,37,56.72
748,347,33,126,2026-01-15 09:04:00,53,82.49
17262,497,56,93,2026-01-15 09:09:00,23,36.13
2322,412,11,87,2026-01-15 09:17:00,45,73.45
13286,189,166,1,2026-01-15 09:18:00,23,36.32
19252,106,229,144,2026-01-15 09:20:00,25,38.28
4571,368,47,185,2026-01-15 09:25:00,40,65.83
17785,296,142,116,2026-01-15 09:28:00,52,81.57
9021,275,178,127,2026-01-15 09:32:00,28,48.5
9137,294,178,67,2026-01-15 09:33:00,22,35.06
18698,269,80,43,2026-01-15 09:41:00,34,51.52
15992,210,104,137,2026-01-15 09:46:00,59,93.94
7595,242,161,173,2026-01-15 09:58:00,50,80.17
16248,411,138,151,2026-01-15 10:06:00,38,60.43
3318,9,124,2,2026-01-15 10:17:00,56,83.5
12026,418,177,58,2026-01-15 10:25:00,40,59.35
4998,386,86,76,2026-01-15 10:26:00,14,21.97
17493,327,202,158,2026-01-15 10:34:00,29,47.5
10586,416,172,223,2026-01-15 10:34:00,9,17.38
17809,85,184,77,2026-01-15 10:48:00,46,70.89
19301,407,40,216,2026-01-15 10:49:00,43,66.47
7602,332,93,136,2026-01-15 11:03:00,43,66.08
15384,487,127,251,2026-01-15 11:26:00,28,44.17
7096,216,119,132,2026-01-15 11:30:00,47,74.83
19497,480,236,48,2026-01-15 11:43:00,50,79.01
10440,22,87,245,2026-01-15 11:49:00,39,64.98
7900,355,245,58,2026-01-15 11:56:00,13,21.23
928,446,211,264,2026-01-15 12:01:00,15,23.64
6162,429,167,39,2026-01-15 12:03:00,15,23.66
218,169,100,204,2026-01-15 12:03:00,22,34.94
14810,447,143,34,2026-01-15 12:06:00,36,59.89
15311,262,88,156,2026-01-15 12:10:00,59,91.24
7752,433,39,203,2026-01-15 12:23:00,13,22.03
6702,186,74,97,2026-01-15 12:23:00,33,51.56
19791,182,125,230,2026-01-15 12:24:00,9,15.79
6776,87,7,7,2026-01-15 12:26:00,49,76.79
12623,235,123,63,2026-01-15 12:26:00,9,16.06
6643,446,194,130,2026-01-15 12:27:00,27,45.51
10172,237,5,14,2026-01-15 12:28:00,51,76.2
9731,380,40,190,2026-01-15 12:29:00,13,20.66
10056,57,14,259,2026-01-15 12:29:00,33,53.5
2062,43,116,237,2026-01-15 12:43:00,18,33.91
13560,74,227,144,2026-01-15 12:47:00,50,75.88
19300,475,111,253,2026-01-15 12:47:00,47,76.08
930,329,163,246,2026-01-15 12:57:00,47,72.59
17297,20,175,154,2026-01-15 13:00:00,40,58.89
14362,321,98,122,2026-01-15 13:02:00,59,93.97
19732,162,53,254,2026-01-15 13:04:00,49,79.69
6246,414,36,226,2026-01-15 13:07:00,38,59.08
16400,409,211,176,2026-01-15 13:13:00,40,63.76
13035,107,151,47,2026-01-15 13:21:00,27,41.11
16850,191,209,186,2026-01-15 13:27:00,9,16.02
6850,116,42,163,2026-01-15 13:37:00,26,41.44
9275,341,218,128,2026-01-15 13:41:00,53,80.35
16912,337,30,51,2026-01-15 13:44:00,15,29.67
19106,180,35,176,2026-01-15 13:50:00,35,52.54
14295,58,60,235,2026-01-15 13:52:00,25,38.36
9845,269,2,200,2026-01-15 13:53:00,17,31.41
15825,88,32,160,2026-01-15 14:02:00,43,66.96
3574,58,81,229,2026-01-15 14:03:00,33,53.23
2240,24,159,107,2026-01-15 14:10:00,8,17.34
15044,443,96,244,2026-01-15 14:15:00,46,74.29
18240,464,103,72,2026-01-15 14:21:00,20,31.04
14963,215,149,92,2026-01-15 14:22:00,39,62.81
8561,146,41,26,2026-01-15 14:27:00,18,29.78
18586,5,220,130,2026-01-15 14:35:00,5,13.06
15797,422,101,252,2026-01-15 14:44:00,32,55.68
15438,156,43,183,2026-01-15 14:47:00,11,18.03
9529,86,236,252,2026-01-15 14:47:00,60,93.66
14631,121,263,169,2026-01-15 14:51:00,56,87.07
6351,265,17,158,2026-01-15 15:01:00,34,52.28
9855,305,227,109,2026-01-15 15:07:00,36,57.04
3921,459,118,6,2026-01-15 15:16:00,44,70.21
5324,351,54,39,2026-01-15 15:23:00,49,81.95
13855,423,35,230,2026-01-15 15:36:00,26,37.42
7431,402,234,61,2026-01-15 15:44:00,6,11.86
16038,287,230,93,2026-01-15 15:44:00,42,64.86
12817,466,85,88,2026-01-15 15:49:00,16,24.87
17544,94,1,157,2026-01-15 15:51:00,26,38.31
10184,40,4,9,2026-01-15 15:56:00,38,58.23
3243,330,141,193,2026-01-15 16:07:00,5,8.34
2432,362,10,51,2026-01-15 16:43:00,25,37.31
11956,212,254,152,2026-01-15 16:47:00,38,64.69
6378,241,80,2,2026-01-15 17:02:00,10,18.85
4733,243,42,120,2026-01-15 17:11:00,58,88.71
18448,6,255,59,2026-01-15 17:20:00,15,24.79
17706,105,2,206,2026-01-15 17:21:00,53,78.13
16321,254,109,147,2026-01-15 17:24:00,12,16.48
17218,310,112,117,2026-01-15 17:26:00,54,85.83
10680,36,160,31,2026-01-15 17:28:00,35,57.22
18584,118,93,171,2026-01-15 17:28:00,44,68.63
8876,289,167,206,2026-01-15 17:46:00,59,93.29
11848,256,8,71,2026-01-15 18:01:00,26,44.16
11998,263,93,89,2026-01-15 18:08:00,19,28.32
14248,401,228,223,2026-01-15 18:17:00,43,67.62
2843,402,66,49,2026-01-15 18:36:00,29,50.04
13715,427,190,19,2026-01-15 18:40:00,14,24.77
7126,327,8,198,2026-01-15 18:47:00,57,90.06
3511,365,89,202,2026-01-15 18:50:00,38,60.19
1096,89,154,33,2026-01-15 18:54:00,31,49.85
6052,192,71,225,2026-01-15 18:58:00,23,37.7
857,499,141,11,2026-01-15 19:08:00,39,66.4
10044,320,239,138,2026-01-15 19:10:00,48,71.27
5941,119,20,168,2026-01-15 19:22:00,32,49.88
9825,48,138,120,2026-01-15 19:26:00,47,74.08
18662,486,175,228,2026-01-15 19:31:00,15,26.68
17034,420,236,34,2026-01-15 19:35:00,60,96.19
5447,10,135,242,2026-01-15 19:37:00,50,79.77
9634,353,16,261,2026-01-15 19:42:00,52,80.84
9744,227,101,202,2026-01-15 19:42:00,34,54.93
3982,425,117,152,2026-01-15 20:10:00,56,87.54
11450,307,237,204,2026-01-15 20:11:00,24,39.04
4394,242,162,115,2026-01-15 20:13:00,22,33.73
7919,316,22,165,2026-01-15 20:15:00,15,25.92
13104,141,111,208,2026-01-15 20:43:00,38,58.44
18228,346,152,116,2026-01-15 21:01:00,25,41.28
5647,409,101,86,2026-01-15 21:11:00,12,19.0
10520,350,57,24,2026-01-15 21:16:00,58,89.91
17861,352,205,237,2026-01-15 21:17:00,58,87.19
4341,94,178,159,2026-01-15 21:28:00,56,85.73
13617,416,248,179,2026-01-15 21:30:00,17,31.51
8995,222,64,111,2026-01-15 21:36:00,37,59.08
10791,499,203,237,2026-01-15 21:39:00,14,25.68
11197,186,190,207,2026-01-15 21:39:00,28,46.16
19156,362,162,59,2026-01-15 21:42:00,33,52.95
10357,60,168,50,2026-01-15 21:52:00,22,33.77
296,303,113,52,2026-01-15 21:53:00,25,0.0
16953,82,265,184,2026-01-15 21:55:00,44,70.57
2448,113,229,105,2026-01-15 21:58:00,49,71.45
3347,361,259,110,2026-01-15 22:00:00,18,28.9
474,243,49,92,2026-01-15 22:27:00,51,81.22
4878,155,70,189,2026-01-15 22:28:00,37,60.13
6820,15,47,204,2026-01-15 22:32:00,27,49.02
10040,304,24,94,2026-01-15 22:33:00,16,28.36
9684,177,226,179,2026-01-15 22:39:00,39,64.77
14600,470,240,75,2026-01-15 22:42:00,55,85.43
2014,331,238,236,2026-01-15 22:44:00,22,38.44
6468,441,218,131,2026-01-15 22:46:00,25,40.56
7739,152,240,215,2026-01-15 22:53:00,18,30.53
8900,199,42,99,2026-01-15 23:01:00,16,26.64
2559,484,146,179,2026-01-15 23:12:00,56,89.32
19789,176,229,154,2026-01-15 23:14:00,51,79.99
5419,208,158,250,2026-01-15 23:15:00,24,38.87
11329,329,223,27,2026-01-15 23:36:00,58,87.68
14530,162,5,111,2026-01-15 23:52:00,7,17.05
4865,30,71,143,2026-01-15 23:56:00,35,53.2
15470,110,209,66,2026-01-16 00:21:00,51,76.88
18183,304,142,24,2026-01-16 00:23:00,43,63.65
11921,483,39,108,2026-01-16 00:44:00,21,33.17
4065,127,134,39,2026-01-16 00:53:00,13,22.34
7649,135,178,234,2026-01-16 01:08:00,22,36.35
3119,423,220,145,2026-01-16 01:10:00,50,80.13
5157,33,94,117,2026-01-16 01:13:00,14,25.57
17978,242,22,133,2026-01-16 01:15:00,17,29.59
14733,478,46,257,2026-01-16 01:18:00,16,24.74
2364,370,23,54,2026-01-16 01:19:00,20,32.57
19866,410,262,261,2026-01-16 01:23:00,8,13.7
13526,493,204,69,2026-01-16 01:24:00,24,38.07
2306,69,90,105,2026-01-16 01:27:00,50,78.65
9690,248,35,246,2026-01-16 01:42:00,37,63.53
19561,237,51,125,2026-01-16 02:04:00,59,95.24
16994,353,134,198,2026-01-16 02:11:00,32,53.89
9638,74,54,5,2026-01-16 02:14:00,37,62.52
18214,464,261,148,2026-01-16 02:32:00,34,57.73
3486,230,84,216,2026-01-16 02:37:00,49,75.13
6586,144,88,47,2026-01-16 02:40:00,11,20.59
13590,87,9,183,2026-01-16 02:45:00,40,68.29
18050,154,109,216,2026-01-16 02:47:00,50,77.31
19210,426,169,18,2026-01-16 02:54:00,49,76.08
5671,268,238,69,2026-01-16 03:02:00,8,14.31
9603,198,237,237,2026-01-16 03:06:00,21,32.78
17269,354,99,163,2026-01-16 03:21:00,33,53.63
3339,459,9,51,2026-01-16 03:25:00,29,51.26
14310,49,41,123,2026-01-16 03:27:00,58,89.21
240,126,8,179,2026-01-16 03:36:00,43,67.32
12801,137,189,68,2026-01-16 03:36:00,58,90.84
2885,245,148,257,2026-01-16 03:50:00,23,38.4
10202,343,256,72,2026-01-16 03:51:00,49,75.63
5733,267,224,38,2026-01-16 03:53:00,40,64.55
16187,194,97,54,2026-01-16 03:58:00,22,34.67
9360,1,62,254,2026-01-16 04:01:00,39,62.44
8169,19,251,10,2026-01-16 04:15:00,46,70.12
882,151,140,25,2026-01-16 04:19:00,16,29.19
6132,97,127,265,2026-01-16 04:24:00,40,58.98
15468,353,126,190,2026-01-16 04:37:00,16,27.68
18811,421,197,127,2026-01-16 04:48:00,58,93.24
8470,320,52,18,2026-01-16 04:54:00,12,21.96
13840,80,80,103,2026-01-16 05:11:00,31,49.22
16312,401,163,63,2026-01-16 05:15:00,54,87.65
4509,173,82,244,2026-01-16 05:33:00,36,57.48
6432,282,215,6,2026-01-16 05:36:00,59,96.28
19131,380,171,136,2026-01-16 05:43:00,19,27.77
9015,173,13,4,2026-01-16 05:46:00,22,38.45
10850,444,247,167,2026-01-16 05:47:00,51,77.58
2671,66,44,94,2026-01-16 05:58:00,28,43.23
14312,494,94,20,2026-01-16 06:18:00,42,67.53
6434,282,55,90,2026-01-16 06:20:00,43,66.94
8322,299,143,60,2026-01-16 06:26:00,44,70.63
6497,86,136,215,2026-01-16 06:30:00,30,49.95
13863,169,239,161,2026-01-16 06:38:00,6,11.75
9864,460,85,201,2026-01-16 06:41:00,5,9.11
470,297,118,57,2026-01-16 06:41:00,16,26.99
3907,288,165,260,2026-01-16 06:59:00,49,78.43
17285,417,91,13,2026-01-16 07:07:00,24,41.29
5910,88,245,163,2026-01-16 07:18:00,57,91.0
10623,214,105,239,2026-01-16 07:23:00,28,45.16
17077,338,126,180,2026-01-16 07:29:00,27,43.4
7042,276,120,61,2026-01-16 07:36:00,42,62.79
2182,218,252,187,2026-01-16 07:36:00,9,11.46
12304,476,217,44,2026-01-16 07:42:00,25,41.46
9079,224,189,249,2026-01-16 07:49:00,26,42.51
945,233,105,124,2026-01-16 07:58:00,6,8.75
16256,329,199,144,2026-01-16 08:04:00,28,48.23
14939,3,54,255,2026-01-16 08:06:00,12,18.74
19538,234,12,69,2026-01-16 08:15:00,37,58.61
18176,214,31,9,2026-01-16 08:16:00,26,41.95
8536,430,200,137,2026-01-16 08:38:00,57,88.33
18469,488,158,115,2026-01-16 08:54:00,44,71.71
8880,109,238,163,2026-01-16 09:05:00,35,55.24
9791,264,102,86,2026-01-16 09:15:00,12,23.05
5972,342,81,110,2026-01-16 09:17:00,25,41.35
9023,72,62,64,2026-01-16 09:18:00,17,26.56
7757,294,230,197,2026-01-16 09:24:00,48,73.42
6016,337,115,201,2026-01-16 09:35:00,18,28.77
2037,430,250,2,2026-01-16 09:35:00,31,50.11
7058,95,172,250,2026-01-16 09:36:00,11,20.3
6779,197,50,6,2026-01-16 09:37:00,54,83.07
12719,122,213,18,2026-01-16 09:38:00,40,61.28
12354,358,187,155,2026-01-16 09:43:00,12,22.2
5573,48,88,144,2026-01-16 09:48:00,7,15.48
2330,124,47,249,2026-01-16 09:57:00,11,18.75
2033,403,86,216,2026-01-16 10:07:00,28,46.26
18990,43,95,168,2026-01-16 10:07:00,48,73.95
9403,342,65,12,2026-01-16 10:11:00,18,30.53
6420,214,260,19,2026-01-16 10:14:00,48,73.25
6622,317,215,211,2026-01-16 10:17:00,24,35.41
12816,431,206,66,2026-01-16 10:31:00,37,63.38
7474,209,86,162,2026-01-16 10:47:00,34,52.12
3655,353,67,180,2026-01-16 10:52:00,31,49.31
18594,70,17,193,2026-01-16 10:55:00,53,83.81
4744,356,46,33,2026-01-16 11:00:00,5,11.96
4607,424,158,19,2026-01-16 11:03:00,12,21.33
16233,55,39,83,2026-01-16 11:09:00,53,84.35
3533,250,209,62,2026-01-16 11:11:00,15,27.34
10059,427,134,96,2026-01-16 11:12:00,5,10.85
13219,124,85,127,2026-01-16 11:23:00,20,36.62
3521,177,152,37,2026-01-16 11:34:00,60,92.75
12457,149,199,231,2026-01-16 11:37:00,32,50.45
1461,156,73,184,2026-01-16 11:40:00,45,68.72
11251,115,33,257,2026-01-16 11:41:00,41,64.47
12666,41,152,75,2026-01-16 11:51:00,36,54.0
8064,304,239,6,2026-01-16 12:00:00,52,78.51
12246,480,189,92,2026-01-16 12:06:00,8,20.2
7498,460,117,115,2026-01-16 12:07:00,57,88.15
795,16,45,252,2026-01-16 12:10:00,15,26.36
2993,62,150,137,2026-01-16 12:15:00,9,15.72
8965,126,136,226,2026-01-16 12:21:00,34,53.15
11743,202,90,129,2026-01-16 12:44:00,33,54.6
16012,496,184,5,2026-01-16 13:05:00,41,66.03
873,113,19,186,2026-01-16 13:07:00,47,73.77
7611,225,25,108,2026-01-16 13:16:00,7,12.75
3614,485,4,213,2026-01-16 13:23:00,6,7.91
13853,166,106,237,2026-01-16 13:23:00,7,12.91
14864,482,125,219,2026-01-16 14:03:00,26,44.43
6727,427,108,139,2026-01-16 14:03:00,26,43.36
18641,103,252,19,2026-01-16 14:22:00,11,19.04
8343,373,200,119,2026-01-16 14:30:00,40,64.75
4752,263,21,106,2026-01-16 14:33:00,20,33.94
3189,122,248,158,2026-01-16 15:04:00,46,72.08
1428,148,90,141,2026-01-16 15:08:00,26,41.0
16842,5,47,224,2026-01-16 15:09:00,5,10.51
18738,230,127,152,2026-01-16 15:15:00,51,81.6
1357,131,197,147,2026-01-16 15:16:00,36,50.26
13917,254,262,159,2026-01-16 15:21:00,47,71.04
10498,111,52,19,2026-01-16 15:28:00,44,67.95
9879,216,45,108,2026-01-16 15:39:00,52,78.6
3063,408,212,109,2026-01-16 15:39:00,26,40.95
7362,380,51,86,2026-01-16 15:41:00,11,18.16
15645,353,169,180,2026-01-16 15:43:00,9,14.82
17564,368,39,145,2026-01-16 15:52:00,24,42.24
8405,356,108,96,2026-01-16 15:57:00,42,63.39
9152,20,30,162,2026-01-16 16:03:00,35,57.1
12192,242,172,32,2026-01-16 16:04:00,43,67.09
16658,256,29,148,2026-01-16 16:08:00,57,87.41
9257,244,22,171,2026-01-16 16:11:00,21,37.56
3840,305,214,258,2026-01-16 16:13:00,33,51.31
394,20,39,259,2026-01-16 16:14:00,7,17.19
10870,235,233,35,2026-01-16 16:16:00,14,24.57
1978,156,90,56,2026-01-16 16:20:00,47,72.56
15320,449,263,144,2026-01-16 16:27:00,20,33.28
5514,394,35,192,2026-01-16 16:39:00,17,26.14
13602,182,5,87,2026-01-16 16:47:00,11,18.1
9608,249,2,35,2026-01-16 16:52:00,5,8.44
17066,205,117,222,2026-01-16 17:05:00,59,92.96
19227,460,226,145,2026-01-16 17:07:00,20,29.56
12959,304,176,233,2026-01-16 17:16:00,36,56.4
9456,161,118,178,2026-01-16 17:25:00,29,47.43
18466,301,162,196,2026-01-16 17:30:00,38,57.16
9887,452,244,48,2026-01-16 17:30:00,44,67.15
1652,399,215,239,2026-01-16 17:42:00,27,42.01
19941,13,145,157,2026-01-16 17:46:00,60,93.04
966,226,191,41,2026-01-16 17:48:00,15,25.24
7306,441,8,43,2026-01-16 17:49:00,33,57.63
18680,443,163,92,2026-01-16 17:56:00,15,28.04
2815,490,217,217,2026-01-16 18:12:00,31,48.6
18669,93,33,212,2026-01-16 18:17:00,38,64.55
15973,442,229,123,2026-01-16 18:24:00,7,10.9
19754,3,15,85,2026-01-16 18:40:00,51,80.74
7401,81,173,23,2026-01-16 18:47:00,30,46.6
19617,199,135,160,2026-01-16 18:49:00,45,71.22
7698,403,253,230,2026-01-16 18:57:00,10,19.79
17655,32,51,65,2026-01-16 19:13:00,40,62.24
8041,395,124,241,2026-01-16 19:15:00,8,14.04
9123,253,203,156,2026-01-16 19:16:00,8,12.39
9183,122,250,217,2026-01-16 19:17:00,38,60.08
6741,412,204,165,2026-01-16 19:18:00,8,11.7
3336,223,166,248,2026-01-16 19:19:00,13,23.49
10188,147,168,188,2026-01-16 19:25:00,7,12.13
15838,52,63,152,2026-01-16 19:26:00,30,45.21
2134,450,174,209,2026-01-16 19:26:00,24,40.23
10954,443,253,20,2026-01-16 19:46:00,14,23.48
11795,481,68,186,2026-01-16 20:03:00,23,37.44
192,159,23,162,2026-01-16 20:03:00,29,44.61
6987,292,226,96,2026-01-16 20:14:00,22,37.85
14388,269,216,170,2026-01-16 20:30:00,19,33.07
13267,391,94,74,2026-01-16 20:32:00,28,44.6
15779,449,71,256,2026-01-16 20:32:00,60,93.61
18686,208,85,25,2026-01-16 20:41:00,21,34.28
19516,269,93,6,2026-01-16 20:41:00,37,58.34
8633,198,241,93,2026-01-16 20:43:00,42,66.56
10091,119,111,141,2026-01-16 20:57:00,42,65.71
6803,395,86,81,2026-01-16 20:59:00,51,81.76
3412,315,128,126,2026-01-16 20:59:00,12,19.5
13115,452,111,180,2026-01-16 21:43:00,9,15.86
7153,426,252,152,2026-01-16 21:49:00,7,11.34
5107,348,56,179,2026-01-16 21:49:00,51,78.5
6619,66,33,145,2026-01-16 21:55:00,52,81.59
1369,170,213,135,2026-01-16 22:00:00,11,22.66
4268,467,209,139,2026-01-16 22:19:00,44,70.17
17790,60,209,216,2026-01-16 22:23:00,52,78.86
1598,358,177,94,2026-01-16 22:24:00,58,85.56
17698,161,144,125,2026-01-16 22:34:00,53,79.62
11007,30,235,215,2026-01-16 22:37:00,50,80.74
19658,79,30,88,2026-01-16 22:39:00,58,92.52
19742,366,141,194,2026-01-16 22:39:00,32,48.88
8172,287,58,58,2026-01-16 22:44:00,26,46.63
4581,240,232,246,2026-01-16 22:45:00,30,48.17
11043,410,227,168,2026-01-16 22:49:00,57,85.23
16008,360,8,26,2026-01-16 22:50:00,6,13.2
11705,69,120,205,2026-01-16 22:51:00,7,10.4
7159,427,20,19,2026-01-16 22:52:00,34,55.46
16333,480,26,133,2026-01-16 23:01:00,10,18.02
19766,224,86,222,2026-01-16 23:07:00,14,23.33
9794,163,58,164,2026-01-16 23:16:00,13,25.35
8837,314,233,253,2026-01-16 23:19:00,31,45.35
14982,122,19,262,2026-01-16 23:29:00,59,88.68
10839,349,158,109,2026-01-16 23:36:00,59,90.62
10099,311,130,253,2026-01-16 23:42:00,36,56.67
10331,60,196,140,2026-01-16 23:47:00,18,28.39
9597,50,14,164,2026-01-16 23:59:00,18,29.19
18679,272,9,130,2026-01-17 00:32:00,11,21.99
19118,71,217,217,2026-01-17 00:44:00,28,47.04
18829,498,216,27,2026-01-17 01:17:00,11,13.88
1969,395,77,144,2026-01-17 01:30:00,52,83.26
10966,229,215,144,2026-01-17 01:51:00,18,30.66
15498,92,96,99,2026-01-17 01:54:00,26,43.28
9655,379,135,128,2026-01-17 01:55:00,27,43.5
17048,147,140,12,2026-01-17 01:57:00,9,18.85
13594,309,164,60,2026-01-17 02:00:00,22,37.55
11611,36,103,245,2026-01-17 02:17:00,56,86.05
1251,255,121,225,2026-01-17 02:25:00,21,35.72
6007,83,140,139,2026-01-17 02:31:00,58,94.23
9737,250,139,3,2026-01-17 02:45:00,33,49.52
13725,14,245,97,2026-01-17 02:48:00,16,28.0
12954,279,73,215,2026-01-17 02:48:00,46,75.76
19396,176,220,34,2026-01-17 02:49:00,24,36.27
19255,291,249,157,2026-01-17 02:52:00,34,53.58
16303,34,64,165,2026-01-17 02:55:00,28,46.82
3367,8,40,231,2026-01-17 03:03:00,24,42.01
6265,15,262,208,2026-01-17 03:24:00,5,12.75
4141,20,166,30,2026-01-17 03:33:00,9,14.87
17229,246,247,34,2026-01-17 03:36:00,18,33.07
1069,306,169,144,2026-01-17 03:39:00,21,35.15
18570,221,85,106,2026-01-17 03:47:00,42,67.13
15330,20,23,166,2026-01-17 03:54:00,32,44.64
8130,384,208,79,2026-01-17 03:58:00,46,74.12
10678,340,11,193,2026-01-17 04:07:00,24,36.23
11834,381,166,101,2026-01-17 04:30:00,37,56.61
9709,490,195,124,2026-01-17 04:35:00,28,43.13
9490,213,198,95,2026-01-17 04:39:00,24,39.12
13932,322,204,188,2026-01-17 04:45:00,12,18.43
8411,385,186,58,2026-01-17 04:46:00,6,8.77
3591,351,108,40,2026-01-17 04:53:00,36,52.39
4460,232,224,140,2026-01-17 05:11:00,26,39.91
2661,218,70,17,2026-01-17 05:17:00,28,43.97
19759,434,226,28,2026-01-17 05:24:00,33,53.0
11905,348,31,52,2026-01-17 05:27:00,44,68.52
8458,273,99,17,2026-01-17 05:33:00,53,79.77
10257,149,191,188,2026-01-17 06:10:00,54,83.55
14498,282,48,131,2026-01-17 06:10:00,58,86.73
12174,282,252,265,2026-01-17 06:12:00,19,33.0
13798,270,75,87,2026-01-17 06:20:00,37,56.96
12265,494,197,128,2026-01-17 06:24:00,15,24.99
5613,419,210,264,2026-01-17 06:27:00,24,38.58
7720,205,136,169,2026-01-17 06:30:00,42,66.13
19317,312,218,186,2026-01-17 06:30:00,34,54.62
11388,88,251,42,2026-01-17 06:31:00,49,75.77
11469,473,118,145,2026-01-17 06:57:00,37,62.29
12088,246,185,248,2026-01-17 07:09:00,6,12.25
11856,341,151,59,2026-01-17 07:10:00,21,34.35
16751,56,182,36,2026-01-17 07:11:00,45,65.86
1585,238,90,85,2026-01-17 07:15:00,9,14.86
5253,248,83,91,2026-01-17 07:21:00,35,53.74
11132,188,224,217,2026-01-17 07:21:00,50,77.75
15916,318,165,220,2026-01-17 07:31:00,19,30.45
18124,236,203,3,2026-01-17 07:32:00,43,67.31
7817,116,206,60,2026-01-17 07:42:00,53,79.6
12742,457,262,211,2026-01-17 07:45:00,15,28.83
10529,88,68,116,2026-01-17 07:50:00,15,25.54
11666,391,85,175,2026-01-17 07:54:00,56,85.38
14484,180,121,18,2026-01-17 08:00:00,5,9.8
12478,250,249,185,2026-01-17 08:01:00,21,31.27
3927,397,25,17,2026-01-17 08:06:00,19,35.78
11940,94,194,23,2026-01-17 08:13:00,28,46.21
455,492,116,193,2026-01-17 08:15:00,54,85.12
316,418,144,24,2026-01-17 08:30:00,7,11.97
19142,289,253,100,2026-01-17 08:52:00,35,53.27
7278,391,73,22,2026-01-17 08:54:00,13,25.0
3424,224,97,185,2026-01-17 08:58:00,28,44.59
4440,476,263,241,2026-01-17 09:02:00,19,32.1
1692,474,47,18,2026-01-17 09:03:00,6,14.79
1066,430,249,95,2026-01-17 09:03:00,40,65.0
3744,186,250,154,2026-01-17 09:05:00,56,88.29
7884,225,153,16,2026-01-17 09:11:00,43,67.92
13320,128,112,78,2026-01-17 09:15:00,21,34.39
13183,124,214,33,2026-01-17 09:30:00,54,87.74
12625,315,24,72,2026-01-17 09:33:00,18,33.77
1373,170,209,76,2026-01-17 09:38:00,15,28.93
15006,107,26,172,2026-01-17 09:44:00,10,20.3
13062,235,9,142,2026-01-17 09:46:00,48,75.24
15344,245,70,109,2026-01-17 09:53:00,18,30.98
3960,469,232,224,2026-01-17 10:01:00,13,23.0
9713,76,12,214,2026-01-17 10:10:00,59,91.97
2390,341,211,11,2026-01-17 10:11:00,48,77.63
1320,307,17,76,2026-01-17 10:11:00,51,79.4
4373,114,42,181,2026-01-17 10:11:00,43,64.54
11030,106,107,42,2026-01-17 10:12:00,52,78.71
18387,209,164,100,2026-01-17 10:20:00,56,82.46
15009,16,47,255,2026-01-17 10:32:00,28,43.93
3169,95,236,62,2026-01-17 10:39:00,10,13.89
10726,493,153,235,2026-01-17 10:46:00,56,86.34
5725,396,49,6,2026-01-17 10:46:00,36,56.15
3750,492,59,245,2026-01-17 10:48:00,53,81.36
7584,114,8,110,2026-01-17 10:58:00,7,9.44
11279,324,251,58,2026-01-17 11:00:00,36,53.63
4505,169,264,109,2026-01-17 11:18:00,8,18.56
28,321,212,214,2026-01-17 11:30:00,56,86.65
831,84,234,204,2026-01-17 11:34:00,21,33.85
8929,362,102,8,2026-01-17 11:36:00,16,25.58
8923,291,260,134,2026-01-17 11:59:00,57,89.51
4338,192,155,74,2026-01-17 12:07:00,31,51.81
11762,336,67,148,2026-01-17 12:10:00,34,51.6
10208,453,34,236,2026-01-17 12:26:00,32,51.11
3684,10,35,236,2026-01-17 12:31:00,17,28.72
5982,334,5,242,2026-01-17 12:38:00,26,38.93
14537,308,170,61,2026-01-17 12:42:00,48,73.27
5807,482,69,144,2026-01-17 12:44:00,51,78.6
5901,236,87,265,2026-01-17 12:46:00,46,72.16
4669,390,252,61,2026-01-17 12:57:00,59,91.4
5661,495,69,177,2026-01-17 12:58:00,8,12.55
19758,2,142,254,2026-01-17 13:00:00,50,76.74
11540,137,170,86,2026-01-17 13:15:00,57,88.91
14567,115,97,25,2026-01-17 13:21:00,40,65.21
4531,483,118,176,2026-01-17 13:26:00,47,70.02
6853,1,148,167,2026-01-17 13:28:00,51,82.28
16629,336,127,183,2026-01-17 13:35:00,50,78.0
16434,131,242,57,2026-01-17 13:36:00,13,23.5
11976,467,264,126,2026-01-17 13:38:00,38,58.79
15327,211,258,99,2026-01-17 13:51:00,11,18.98
19480,364,60,222,2026-01-17 13:58:00,18,27.09
19997,124,1,72,2026-01-17 14:04:00,10,17.51
5020,96,32,117,2026-01-17 14:07:00,44,69.06
17651,255,210,29,2026-01-17 14:35:00,22,36.12
15853,303,206,124,2026-01-17 14:36:00,59,91.6
948,62,245,264,2026-01-17 14:42:00,18,28.52
777,182,37,251,2026-01-17 14:49:00,18,30.99
19117,60,125,249,2026-01-17 14:50:00,28,41.8
19569,375,167,86,2026-01-17 14:51:00,45,72.72
18656,329,124,144,2026-01-17 14:53:00,43,68.85
16825,379,140,218,2026-01-17 14:54:00,59,91.16
9296,337,257,67,2026-01-17 14:54:00,8,12.12
10768,135,64,113,2026-01-17 15:06:00,59,90.07
673,247,174,11,2026-01-17 15:09:00,35,57.9
18220,38,66,213,2026-01-17 15:11:00,21,35.1
9056,211,167,9,2026-01-17 15:12:00,20,32.48
3704,354,188,139,2026-01-17 15:20:00,53,80.14
12512,232,97,248,2026-01-17 15:26:00,9,17.14
8255,175,239,152,2026-01-17 15:31:00,31,47.9
3343,54,108,97,2026-01-17 15:42:00,60,91.9
4190,303,150,52,2026-01-17 15:48:00,45,68.77
6743,315,177,193,2026-01-17 15:55:00,22,38.43
15444,74,20,96,2026-01-17 16:17:00,30,47.24
6730,79,39,40,2026-01-17 16:23:00,21,35.91
18831,354,3,119,2026-01-17 16:24:00,46,70.31
364,383,13,148,2026-01-17 16:36:00,48,77.54
16681,454,66,12,2026-01-17 16:39:00,19,27.49
4305,453,259,149,2026-01-17 16:42:00,52,79.89
14502,370,148,38,2026-01-17 16:45:00,21,32.3
19383,57,172,46,2026-01-17 16:52:00,9,16.96
51,187,209,43,2026-01-17 16:56:00,18,28.03
14866,73,34,48,2026-01-17 17:06:00,28,44.15
382,41,102,6,2026-01-17 17:13:00,38,57.8
16571,213,168,204,2026-01-17 17:24:00,44,67.23
1288,107,112,120,2026-01-17 17:48:00,10,16.81
5444,390,141,257,2026-01-17 18:04:00,55,84.97
12948,98,235,100,2026-01-17 18:08:00,56,85.77
5152,26,90,66,2026-01-17 18:10:00,29,44.76
10782,417,59,30,2026-01-17 18:16:00,31,48.36
2749,32,51,219,2026-01-17 18:16:00,6,10.58
17515,369,220,80,2026-01-17 18:20:00,30,44.2
12296,367,119,162,2026-01-17 18:36:00,7,13.34
6578,329,155,171,2026-01-17 18:51:00,17,28.39
3485,479,1,213,2026-01-17 18:53:00,14,22.53
9847,386,127,56,2026-01-17 19:07:00,24,41.87
7127,459,11,129,2026-01-17 19:13:00,26,42.73
6721,313,231,134,2026-01-17 19:14:00,6,11.84
14746,123,176,4,2026-01-17 19:21:00,58,92.73
4311,336,138,252,2026-01-17 19:23:00,22,32.41
9530,59,51,218,2026-01-17 19:28:00,29,47.19
8059,381,113,236,2026-01-17 20:12:00,41,62.44
5517,34,77,124,2026-01-17 20:21:00,14,23.13
1353,263,84,189,2026-01-17 20:22:00,21,36.11
19965,80,210,57,2026-01-17 20:27:00,56,90.18
9463,259,107,202,2026-01-17 20:32:00,27,45.43
18838,202,43,137,2026-01-17 20:33:00,35,56.38
12839,362,149,192,2026-01-17 20:34:00,40,63.61
11807,29,223,114,2026-01-17 20:39:00,52,82.26
9910,397,123,135,2026-01-17 20:48:00,6,11.29
19063,333,165,193,2026-01-17 20:57:00,35,54.93
17314,46,246,148,2026-01-17 21:08:00,7,13.93
13795,384,234,37,2026-01-17 21:08:00,18,26.39
8478,25,164,209,2026-01-17 21:09:00,43,66.02
3764,476,20,129,2026-01-17 21:09:00,59,93.81
19283,374,144,140,2026-01-17 21:10:00,59,90.19
17660,41,37,107,2026-01-17 21:13:00,40,62.92
13413,493,70,132,2026-01-17 21:17:00,46,71.54
6115,127,117,125,2026-01-17 21:33:00,18,31.25
5859,469,23,11,2026-01-17 21:38:00,19,32.53
881,256,176,232,2026-01-17 21:49:00,56,86.84
18772,335,118,97,2026-01-17 21:51:00,16,30.07
15562,230,106,25,2026-01-17 21:51:00,25,38.55
19692,40,81,116,2026-01-17 21:59:00,51,79.81
14394,468,252,247,2026-01-17 22:08:00,22,35.29
7895,126,88,6,2026-01-17 22:11:00,11,20.4
18645,169,65,25,2026-01-17 22:17:00,32,51.89
17273,404,245,206,2026-01-17 22:20:00,43,67.57
15461,273,75,165,2026-01-17 22:34:00,29,44.12
2898,129,10,81,2026-01-17 22:38:00,19,32.39
3008,416,253,128,2026-01-17 22:45:00,15,28.34
1558,285,234,198,2026-01-17 22:57:00,16,25.01
14096,49,189,231,2026-01-17 23:04:00,48,71.96
6186,307,162,7,2026-01-17 23:05:00,8,14.66
10196,440,68,73,2026-01-17 23:06:00,26,40.07
13600,141,65,253,2026-01-17 23:11:00,42,60.36
1407,79,210,156,2026-01-17 23:15:00,22,32.4
16936,352,176,251,2026-01-17 23:16:00,8,11.69
2442,145,24,210,2026-01-17 23:28:00,6,12.6
1310,210,28,232,2026-01-17 23:49:00,38,60.96
2556,497,233,62,2026-01-18 00:00:00,12,22.02
1124,161,251,54,2026-01-18 00:10:00,34,56.07
6968,129,52,92,2026-01-18 00:19:00,41,63.29
5700,48,177,8,2026-01-18 00:31:00,25,42.08
1196,348,85,84,2026-01-18 00:31:00,40,63.71
17626,93,200,11,2026-01-18 00:38:00,36,56.31
6827,14,185,39,2026-01-18 00:39:00,44,68.39
19458,316,49,64,2026-01-18 00:41:00,54,83.29
12114,225,66,30,2026-01-18 00:58:00,56,86.54
9309,437,253,224,2026-01-18 01:01:00,46,73.28
6342,58,128,193,2026-01-18 01:05:00,24,40.13
9933,43,35,81,2026-01-18 01:09:00,55,83.47
1961,339,132,4,2026-01-18 01:13:00,46,72.93
14230,455,196,71,2026-01-18 01:42:00,27,43.78
17918,168,186,256,2026-01-18 01:54:00,26,40.53
13247,209,10,45,2026-01-18 01:54:00,39,61.94
6197,487,85,118,2026-01-18 01:58:00,51,78.77
2305,48,172,244,2026-01-18 02:30:00,28,46.24
2031,287,57,124,2026-01-18 02:33:00,45,68.25
2711,211,156,65,2026-01-18 02:33:00,13,22.79
17045,280,140,21,2026-01-18 02:42:00,46,74.1
16237,422,28,50,2026-01-18 02:55:00,40,63.67
11421,197,55,251,2026-01-18 02:58:00,21,34.79
5241,132,37,170,2026-01-18 03:00:00,25,39.31
7083,355,137,45,2026-01-18 03:05:00,49,72.42
13767,296,162,223,2026-01-18 03:06:00,40,66.97
7636,67,44,149,2026-01-18 03:14:00,45,66.46
9131,372,44,168,2026-01-18 03:15:00,31,53.34
4180,186,13,234,2026-01-18 03:21:00,31,47.72
16036,32,146,233,2026-01-18 03:30:00,54,83.75
17466,333,190,211,2026-01-18 03:34:00,14,19.57
8189,394,234,149,2026-01-18 03:36:00,52,83.0
19113,120,84,48,2026-01-18 03:38:00,12,20.27
14877,31,61,205,2026-01-18 03:41:00,47,73.53
18298,76,159,86,2026-01-18 03:41:00,17,26.57
9503,408,204,39,2026-01-18 03:45:00,21,31.35
7017,68,220,9,2026-01-18 03:56:00,19,32.36
18739,499,219,143,2026-01-18 04:00:00,40,59.45
6679,390,233,27,2026-01-18 04:06:00,14,26.96
15412,284,108,37,2026-01-18 04:11:00,5,10.84
18837,254,167,28,2026-01-18 04:13:00,58,86.93
706,225,10,239,2026-01-18 04:24:00,19,32.93
14677,379,218,4,2026-01-18 04:30:00,26,43.41
6042,308,121,160,2026-01-18 04:33:00,16,27.0
10670,221,47,98,2026-01-18 04:36:00,60,93.29
2424,444,152,86,2026-01-18 04:37:00,11,18.82
10936,365,123,183,2026-01-18 04:41:00,15,25.76
19226,268,131,224,2026-01-18 04:47:00,20,33.78
11630,353,33,184,2026-01-18 05:02:00,17,28.91
2125,295,74,20,2026-01-18 05:06:00,24,41.67
12757,338,189,186,2026-01-18 05:06:00,44,70.85
11486,147,2,26,2026-01-18 05:11:00,54,83.47
6736,187,93,241,2026-01-18 05:14:00,48,72.2
9132,202,100,100,2026-01-18 05:19:00,45,73.53
13874,32,88,84,2026-01-18 05:45:00,44,66.43
6939,74,75,219,2026-01-18 05:52:00,8,16.65
17074,373,127,91,2026-01-18 05:56:00,58,88.09
15741,360,5,100,2026-01-18 06:02:00,34,55.82
13338,275,264,7,2026-01-18 06:14:00,21,36.52
12423,29,203,106,2026-01-18 06:17:00,16,26.16
6519,235,53,156,2026-01-18 06:26:00,42,65.54
3824,233,59,73,2026-01-18 06:30:00,37,57.77
14507,281,212,46,2026-01-18 06:35:00,39,64.15
4562,307,201,243,2026-01-18 06:41:00,15,25.14
2430,110,240,11,2026-01-18 06:41:00,41,65.03
5259,354,185,25,2026-01-18 06:45:00,42,66.87
5967,403,253,27,2026-01-18 06:54:00,54,83.23
17136,266,79,61,2026-01-18 07:07:00,23,37.64
163,486,71,234,2026-01-18 07:23:00,38,60.27
360,48,231,89,2026-01-18 07:40:00,24,37.51
2710,283,83,126,2026-01-18 07:40:00,32,51.29
15961,411,231,165,2026-01-18 07:46:00,30,46.96
6231,408,147,166,2026-01-18 07:48:00,60,91.79
5272,68,136,80,2026-01-18 07:51:00,60,94.75
6616,13,68,188,2026-01-18 07:59:00,38,61.63
8229,452,2,201,2026-01-18 08:06:00,5,11.69
4062,399,46,243,2026-01-18 08:10:00,16,26.85
4989,477,188,132,2026-01-18 08:12:00,24,39.19
13143,486,190,84,2026-01-18 08:15:00,51,82.54
19190,7,234,56,2026-01-18 08:15:00,26,38.01
3622,35,111,230,2026-01-18 08:28:00,49,76.82
5618,51,61,76,2026-01-18 08:35:00,12,21.08
15168,173,51,103,2026-01-18 08:44:00,48,74.44
2011,197,82,52,2026-01-18 08:49:00,16,25.51
8428,398,81,130,2026-01-18 09:00:00,36,59.59
2643,483,18,123,2026-01-18 09:13:00,25,40.7
922,498,148,88,2026-01-18 09:14:00,16,29.66
12634,83,198,164,2026-01-18 09:14:00,58,89.16
11017,230,69,79,2026-01-18 09:36:00,27,44.15
10622,322,111,112,2026-01-18 09:39:00,42,67.41
4207,297,242,101,2026-01-18 09:39:00,8,13.24
3199,23,74,59,2026-01-18 09:45:00,19,33.14
9103,205,256,82,2026-01-18 09:57:00,48,73.53
9544,430,260,153,2026-01-18 10:03:00,47,76.0
11361,10,199,103,2026-01-18 10:05:00,30,47.25
14391,88,178,151,2026-01-18 10:13:00,7,12.3
1215,484,255,124,2026-01-18 10:22:00,48,76.36
3251,61,91,76,2026-01-18 10:33:00,26,43.44
8438,432,12,70,2026-01-18 10:39:00,5,11.7
3274,456,56,220,2026-01-18 11:07:00,19,31.72
19750,473,244,144,2026-01-18 11:12:00,13,24.14
3014,295,115,255,2026-01-18 11:13:00,24,36.06
3026,237,230,243,2026-01-18 11:13:00,51,82.81
7259,72,166,196,2026-01-18 11:22:00,8,17.08
14848,200,174,33,2026-01-18 11:32:00,24,39.6
19782,471,125,175,2026-01-18 11:44:00,13,23.84
18264,257,108,209,2026-01-18 11:49:00,44,69.24
16604,312,135,155,2026-01-18 11:49:00,23,39.55
2753,313,36,12,2026-01-18 12:01:00,26,43.32
4167,54,126,31,2026-01-18 12:02:00,8,11.3
12702,65,40,165,2026-01-18 12:03:00,60,92.09
12645,168,17,24,2026-01-18 12:06:00,13,24.6
3031,391,79,84,2026-01-18 12:21:00,44,64.83
8916,340,43,162,2026-01-18 12:28:00,14,26.94
11246,50,145,116,2026-01-18 12:30:00,31,49.05
18358,370,70,167,2026-01-18 12:30:00,16,30.91
13435,330,74,24,2026-01-18 12:30:00,55,84.66
6882,230,214,148,2026-01-18 12:31:00,11,20.41
9420,498,154,16,2026-01-18 12:36:00,42,68.44
1940,74,261,173,2026-01-18 12:40:00,58,90.51
4783,136,220,103,2026-01-18 12:50:00,56,89.77
15811,195,139,128,2026-01-18 12:55:00,58,92.67
5654,173,256,184,2026-01-18 13:20:00,32,51.1
13671,22,172,34,2026-01-18 13:21:00,47,74.83
10602,468,84,179,2026-01-18 13:34:00,6,14.57
482,142,143,122,2026-01-18 13:46:00,8,14.48
5803,150,51,98,2026-01-18 13:49:00,57,87.15
19246,181,72,195,2026-01-18 13:50:00,14,22.61
3268,1,249,247,2026-01-18 14:05:00,51,76.49
2663,458,147,131,2026-01-18 14:07:00,38,58.95
19525,426,213,113,2026-01-18 14:11:00,21,37.22
13023,216,139,13,2026-01-18 14:14:00,54,82.55
15073,363,235,146,2026-01-18 14:16:00,54,83.09
650,160,8,55,2026-01-18 14:39:00,10,18.13
6650,388,36,136,2026-01-18 14:45:00,40,62.47
17271,216,13,35,2026-01-18 14:50:00,12,23.15
1602,291,132,10,2026-01-18 14:54:00,27,39.83
1757,191,94,238,2026-01-18 14:56:00,7,11.93
4079,431,207,154,2026-01-18 15:15:00,20,34.82
1524,237,17,45,2026-01-18 15:29:00,28,46.97
13306,429,144,16,2026-01-18 15:29:00,15,26.56
16345,500,128,145,2026-01-18 15:33:00,47,75.64
18085,275,178,150,2026-01-18 15:45:00,51,79.18
17043,252,75,140,2026-01-18 15:48:00,36,56.42
11709,201,134,212,2026-01-18 15:48:00,36,59.21
16741,364,150,223,2026-01-18 16:00:00,18,31.2
2841,57,130,204,2026-01-18 16:07:00,54,87.45
1674,406,23,242,2026-01-18 16:13:00,19,33.3
3441,63,88,87,2026-01-18 16:14:00,29,49.03
10345,404,198,134,2026-01-18 16:15:00,19,33.78
8270,121,175,89,2026-01-18 16:32:00,16,26.93
6555,407,195,203,2026-01-18 16:57:00,24,42.54
2727,260,231,96,2026-01-18 16:57:00,36,57.77
5068,117,51,193,2026-01-18 17:01:00,25,44.03
17352,484,100,41,2026-01-18 17:08:00,20,32.49
4599,19,12,168,2026-01-18 17:11:00,22,35.54
1006,89,163,256,2026-01-18 17:21:00,37,60.43
14929,418,131,210,2026-01-18 17:27:00,54,87.04
7819,93,3,35,2026-01-18 17:33:00,38,61.07
13621,180,93,182,2026-01-18 18:03:00,8,14.66
12995,195,204,252,2026-01-18 18:04:00,60,96.07
10017,153,78,100,2026-01-18 18:33:00,57,87.3
14433,222,201,244,2026-01-18 18:45:00,35,55.04
10311,224,193,120,2026-01-18 18:52:00,39,59.3
17830,435,232,112,2026-01-18 18:55:00,6,11.02
11190,251,77,145,2026-01-18 18:58:00,37,57.31
4029,7,48,123,2026-01-18 19:02:00,24,41.98
4672,443,229,168,2026-01-18 19:02:00,31,50.07
15848,340,5,213,2026-01-18 19:03:00,15,26.46
9740,263,67,158,2026-01-18 19:04:00,39,62.57
3537,196,44,37,2026-01-18 19:06:00,10,19.23
9388,52,170,258,2026-01-18 19:11:00,58,90.46
16284,229,95,242,2026-01-18 19:13:00,35,58.38
5541,493,80,178,2026-01-18 19:16:00,26,45.66
16867,234,126,14,2026-01-18 19:17:00,23,39.21
6092,375,136,62,2026-01-18 19:18:00,8,10.58
2565,183,122,69,2026-01-18 19:35:00,58,86.9
13388,218,43,229,2026-01-18 19:36:00,9,11.88
3207,224,54,47,2026-01-18 19:40:00,5,6.89
12762,190,135,38,2026-01-18 19:45:00,9,16.35
15160,284,239,39,2026-01-18 19:47:00,16,24.14
6051,131,212,179,2026-01-18 19:57:00,19,35.83
9391,308,136,194,2026-01-18 20:15:00,15,25.19
1785,313,64,86,2026-01-18 20:25:00,32,50.46
17999,133,254,216,2026-01-18 20:35:00,45,72.71
6745,192,3,110,2026-01-18 20:36:00,58,93.04
13801,163,147,261,2026-01-18 20:39:00,19,32.76
14579,258,135,82,2026-01-18 20:57:00,55,81.28
5269,345,130,66,2026-01-18 21:00:00,44,70.78
3391,316,125,170,2026-01-18 21:03:00,43,70.26
12513,72,17,167,2026-01-18 21:06:00,50,77.82
3949,139,12,141,2026-01-18 21:19:00,37,61.62
5919,19,236,56,2026-01-18 21:29:00,9,14.76
4387,172,79,244,2026-01-18 21:35:00,28,42.46
11010,212,144,112,2026-01-18 21:51:00,59,90.88
15033,489,68,145,2026-01-18 21:57:00,56,90.03
17108,317,108,35,2026-01-18 22:13:00,7,10.51
8740,169,182,70,2026-01-18 22:15:00,60,94.53
12198,435,183,207,2026-01-18 22:19:00,24,36.34
12658,46,170,57,2026-01-18 22:20:00,11,19.01
9660,375,126,101,2026-01-18 22:27:00,18,29.45
7186,120,142,184,2026-01-18 22:58:00,26,43.02
19777,36,71,237,2026-01-18 23:09:00,15,26.09
2554,99,66,43,2026-01-18 23:35:00,31,51.36
17501,141,260,10,2026-01-19 00:12:00,53,85.02
3621,80,117,254,2026-01-19 00:13:00,24,42.93
9587,312,165,245,2026-01-19 00:15:00,51,82.96
16222,480,125,169,2026-01-19 00:23:00,55,87.89
19545,342,33,126,2026-01-19 00:26:00,14,24.91
1904,241,232,123,2026-01-19 00:28:00,59,95.46
1773,433,21,97,2026-01-19 00:34:00,34,52.94
12849,163,105,23,2026-01-19 00:34:00,45,73.18
10715,259,175,58,2026-01-19 00:34:00,36,55.97
13543,398,75,73,2026-01-19 00:40:00,9,16.82
18654,153,91,150,2026-01-19 00:41:00,52,78.98
8523,417,83,70,2026-01-19 00:50:00,21,36.84
14510,302,204,127,2026-01-19 00:55:00,15,26.47
8451,401,105,197,2026-01-19 00:58:00,30,44.1
11536,405,78,105,2026-01-19 01:04:00,24,38.41
10097,109,150,124,2026-01-19 01:23:00,33,50.41
7550,400,12,202,2026-01-19 01:30:00,42,66.38
8282,52,191,156,2026-01-19 01:33:00,8,15.94
10579,145,39,54,2026-01-19 01:34:00,54,80.0
5244,145,34,227,2026-01-19 01:40:00,32,50.44
10082,67,16,236,2026-01-19 01:41:00,15,23.44
17824,86,123,234,2026-01-19 01:44:00,43,65.31
11883,313,189,155,2026-01-19 01:48:00,24,40.91
15338,295,124,24,2026-01-19 01:55:00,55,86.38
2344,103,4,166,2026-01-19 02:05:00,14,24.45
7831,81,88,180,2026-01-19 02:06:00,38,56.66
17672,63,156,200,2026-01-19 02:09:00,25,37.95
13288,94,193,254,2026-01-19 02:30:00,24,39.47
6521,273,163,247,2026-01-19 02:32:00,28,43.41
2762,233,253,16,2026-01-19 02:49:00,13,22.76
778,28,234,204,2026-01-19 03:17:00,43,62.14
6044,237,99,251,2026-01-19 03:29:00,40,62.37
8410,93,60,195,2026-01-19 03:34:00,25,37.55
14721,330,151,248,2026-01-19 03:41:00,23,39.0
17845,231,19,21,2026-01-19 03:49:00,14,22.81
6400,128,242,159,2026-01-19 03:50:00,31,49.61
16989,297,256,219,2026-01-19 04:01:00,48,73.69
6567,365,155,154,2026-01-19 04:15:00,24,39.39
5736,110,205,249,2026-01-19 04:16:00,11,16.31
10266,244,223,114,2026-01-19 04:25:00,26,39.92
5186,495,198,6,2026-01-19 04:37:00,13,24.72
3583,279,28,133,2026-01-19 04:39:00,6,10.18
18933,263,250,84,2026-01-19 04:58:00,20,32.57
2967,372,101,31,2026-01-19 05:01:00,28,46.51
14742,498,104,10,2026-01-19 05:03:00,28,45.27
6361,119,152,32,2026-01-19 05:05:00,45,75.31
11575,488,221,108,2026-01-19 05:19:00,53,80.39
16642,161,173,203,2026-01-19 05:23:00,5,8.58
2312,366,146,67,2026-01-19 05:31:00,13,22.01
2222,223,52,171,2026-01-19 05:42:00,58,91.97
12409,20,235,170,2026-01-19 05:46:00,12,23.08
3146,394,183,77,2026-01-19 05:48:00,52,81.23
16371,258,218,6,2026-01-19 06:03:00,37,59.61
18099,259,134,96,2026-01-19 06:03:00,21,37.45
15580,428,245,238,2026-01-19 06:04:00,27,43.71
7357,133,34,248,2026-01-19 06:11:00,58,92.05
1442,68,107,126,2026-01-19 06:12:00,18,32.31
2372,147,118,75,2026-01-19 06:18:00,32,52.66
964,140,216,85,2026-01-19 06:18:00,11,15.87
17090,151,147,181,2026-01-19 06:21:00,56,86.37
11332,246,43,123,2026-01-19 06:23:00,54,86.18
6304,52,54,61,2026-01-19 06:26:00,28,43.59
11520,379,196,23,2026-01-19 06:39:00,26,38.95
6085,330,47,199,2026-01-19 06:45:00,8,17.07
2657,429,71,179,2026-01-19 06:56:00,7,13.93
17029,338,81,84,2026-01-19 07:01:00,29,46.42
19739,150,54,71,2026-01-19 07:06:00,40,62.57
14141,374,255,124,2026-01-19 07:12:00,53,83.64
19036,48,240,26,2026-01-19 07:25:00,10,21.76
7651,465,59,20,2026-01-19 07:27:00,20,32.52
17110,356,208,259,2026-01-19 07:36:00,52,82.82
16655,280,222,67,2026-01-19 07:41:00,25,42.99
12538,165,77,12,2026-01-19 07:43:00,53,83.91
11383,289,4,179,2026-01-19 07:49:00,30,49.59
18061,134,101,56,2026-01-19 07:49:00,41,65.23
67,169,231,57,2026-01-19 07:53:00,46,74.18
7444,241,170,90,2026-01-19 08:05:00,31,49.12
16803,167,133,55,2026-01-19 08:07:00,30,47.16
14803,372,86,27,2026-01-19 08:13:00,39,59.31
4033,498,249,131,2026-01-19 08:22:00,8,17.29
116,367,91,208,2026-01-19 08:23:00,54,82.11
12365,279,23,226,2026-01-19 08:24:00,30,47.74
15425,338,124,105,2026-01-19 08:29:00,9,15.18
10908,1,76,88,2026-01-19 08:29:00,22,34.74
1412,320,122,10,2026-01-19 08:35:00,23,38.7
6355,169,112,206,2026-01-19 08:52:00,43,66.77
5932,114,59,17,2026-01-19 08:56:00,30,48.61
15463,281,201,191,2026-01-19 09:15:00,59,92.16
16040,85,49,69,2026-01-19 09:21:00,25,41.38
11029,400,143,109,2026-01-19 09:27:00,45,70.96
14309,337,158,171,2026-01-19 09:32:00,45,73.08
5226,135,191,257,2026-01-19 09:41:00,24,37.35
1082,240,174,203,2026-01-19 09:44:00,21,34.92
9172,248,180,160,2026-01-19 09:45:00,15,28.41
12726,317,17,142,2026-01-19 09:55:00,16,28.58
3530,304,60,113,2026-01-19 10:22:00,12,19.38
8979,382,204,19,2026-01-19 10:30:00,22,34.75
18674,42,181,188,2026-01-19 10:34:00,11,19.04
12332,303,179,132,2026-01-19 10:45:00,30,48.2
4840,136,254,188,2026-01-19 10:51:00,43,66.78
13059,175,227,71,2026-01-19 11:02:00,25,39.66
14011,123,190,149,2026-01-19 11:02:00,12,24.18
17587,339,26,185,2026-01-19 11:10:00,20,30.68
6735,454,230,36,2026-01-19 11:18:00,27,46.97
7420,62,206,135,2026-01-19 11:20:00,31,52.96
7879,1,25,155,2026-01-19 11:23:00,26,42.61
19151,164,56,233,2026-01-19 11:37:00,54,85.88
4226,108,1,49,2026-01-19 11:38:00,34,54.16
13354,490,105,152,2026-01-19 11:39:00,22,35.4
5458,80,179,54,2026-01-19 11:48:00,55,83.49
18763,278,59,70,2026-01-19 11:57:00,34,49.4
420,287,98,251,2026-01-19 12:00:00,8,14.38
4963,355,263,233,2026-01-19 12:01:00,27,44.4
5978,280,250,89,2026-01-19 12:08:00,20,34.42
15827,100,158,44,2026-01-19 12:09:00,28,46.38
3166,45,114,113,2026-01-19 12:10:00,42,64.99
18529,26,238,121,2026-01-19 12:11:00,7,15.56
532,217,59,116,2026-01-19 12:16:00,9,17.14
16621,194,226,112,2026-01-19 12:16:00,57,89.45
6043,204,83,17,2026-01-19 12:22:00,17,24.1
6297,131,37,41,2026-01-19 12:23:00,31,49.61
10385,427,249,189,2026-01-19 12:28:00,25,42.43
19373,275,107,141,2026-01-19 12:38:00,22,35.86
11416,144,171,101,2026-01-19 12:39:00,57,90.66
15884,365,161,100,2026-01-19 12:52:00,56,88.72
10533,66,103,148,2026-01-19 12:54:00,38,58.59
357,96,8,189,2026-01-19 12:55:00,19,32.15
8639,350,157,63,2026-01-19 13:01:00,36,55.99
12772,472,261,213,2026-01-19 13:02:00,32,52.5
6606,234,226,180,2026-01-19 13:34:00,35,57.52
8802,272,25,260,2026-01-19 13:35:00,26,43.55
14779,421,79,198,2026-01-19 13:46:00,53,84.34
9755,172,120,261,2026-01-19 13:48:00,18,27.11
17818,418,187,212,2026-01-19 13:48:00,20,33.08
14499,187,202,136,2026-01-19 13:49:00,12,22.84
6413,307,234,80,2026-01-19 14:10:00,22,38.31
18134,413,107,65,2026-01-19 14:14:00,48,78.49
19090,220,81,190,2026-01-19 14:16:00,40,61.51
14048,178,199,136,2026-01-19 14:18:00,12,19.3
8314,132,57,4,2026-01-19 14:19:00,55,82.07
1955,344,145,125,2026-01-19 14:21:00,13,20.15
13829,136,187,203,2026-01-19 14:43:00,18,28.92
12676,87,166,18,2026-01-19 14:44:00,52,81.96
142,336,95,72,2026-01-19 14:50:00,13,23.11
17673,466,94,37,2026-01-19 15:01:00,5,13.92
7966,302,72,41,2026-01-19 15:03:00,24,36.99
303,468,211,118,2026-01-19 15:14:00,8,13.31
16028,420,168,75,2026-01-19 15:19:00,5,9.35
6298,233,263,137,2026-01-19 15:26:00,38,60.98
10026,89,224,176,2026-01-19 15:26:00,16,27.04
13424,479,108,183,2026-01-19 15:30:00,52,81.37
3737,322,230,236,2026-01-19 15:34:00,26,41.8
18454,70,115,26,2026-01-19 15:40:00,6,12.16
979,251,99,241,2026-01-19 15:49:00,29,48.6
7145,289,261,167,2026-01-19 15:57:00,14,23.72
6511,414,106,77,2026-01-19 15:58:00,39,60.93
10316,200,254,245,2026-01-19 16:15:00,36,57.35
16128,417,241,128,2026-01-19 16:18:00,53,85.58
107,304,232,177,2026-01-19 16:36:00,48,73.9
4696,88,14,161,2026-01-19 16:46:00,19,29.71
10474,116,193,134,2026-01-19 16:54:00,43,66.68
18464,494,246,5,2026-01-19 16:55:00,43,65.27
610,146,38,53,2026-01-19 16:57:00,49,79.93
14554,293,57,177,2026-01-19 16:59:00,55,87.84
5710,38,252,91,2026-01-19 17:16:00,26,39.25
19062,242,180,177,2026-01-19 17:16:00,38,60.62
6793,400,101,79,2026-01-19 17:21:00,40,63.03
14967,290,58,176,2026-01-19 17:22:00,52,80.3
13351,96,20,205,2026-01-19 17:27:00,39,61.7
4507,190,195,185,2026-01-19 17:33:00,25,43.07
15512,98,131,54,2026-01-19 17:35:00,36,57.92
3706,457,120,133,2026-01-19 17:36:00,17,30.79
4656,443,147,169,2026-01-19 17:36:00,35,53.81
11925,12,51,182,2026-01-19 17:47:00,41,65.2
6389,458,228,211,2026-01-19 18:02:00,45,69.1
17580,157,177,98,2026-01-19 18:08:00,23,38.49
12263,440,51,24,2026-01-19 18:17:00,22,36.92
12092,471,235,49,2026-01-19 18:20:00,50,74.91
8901,285,187,89,2026-01-19 18:20:00,15,22.3
367,457,138,55,2026-01-19 18:38:00,34,55.63
16600,441,118,234,2026-01-19 18:39:00,13,20.26
16757,437,72,190,2026-01-19 18:40:00,12,23.73
1176,87,223,20,2026-01-19 18:42:00,40,59.39
10739,96,98,123,2026-01-19 18:44:00,60,92.98
8518,8,213,207,2026-01-19 18:44:00,49,73.64
5916,446,245,38,2026-01-19 18:45:00,29,42.07
8657,425,154,100,2026-01-19 18:53:00,55,86.2
14486,441,7,20,2026-01-19 19:03:00,56,86.24
19589,129,120,217,2026-01-19 19:06:00,56,83.71
11338,457,125,188,2026-01-19 19:23:00,12,19.28
6030,25,249,163,2026-01-19 19:25:00,11,20.79
15667,251,47,151,2026-01-19 19:35:00,55,85.35
11500,94,109,216,2026-01-19 19:39:00,37,58.49
19980,435,1,25,2026-01-19 19:40:00,8,15.41
16724,432,213,142,2026-01-19 19:52:00,56,87.83
5136,78,265,60,2026-01-19 20:03:00,6,13.51
14659,53,30,217,2026-01-19 20:05:00,12,21.08
10802,240,8,213,2026-01-19 20:05:00,33,51.49
843,436,141,158,2026-01-19 20:19:00,26,37.26
8171,258,236,62,2026-01-19 20:22:00,57,89.71
13997,268,170,140,2026-01-19 20:33:00,42,61.68
13521,127,104,265,2026-01-19 20:48:00,23,38.55
17280,443,236,255,2026-01-19 20:56:00,31,44.98
9940,493,226,202,2026-01-19 21:07:00,11,18.51
7189,150,209,114,2026-01-19 21:17:00,48,74.52
14458,197,76,79,2026-01-19 21:19:00,17,29.22
12160,282,23,54,2026-01-19 21:21:00,42,65.3
10464,197,107,184,2026-01-19 21:29:00,41,63.41
3928,295,8,26,2026-01-19 21:32:00,55,85.06
6048,471,81,69,2026-01-19 21:37:00,17,27.27
18900,62,5,106,2026-01-19 21:42:00,22,31.25
16841,358,19,146,2026-01-19 21:45:00,23,39.56
10404,186,98,164,2026-01-19 21:55:00,48,72.85
19879,486,34,169,2026-01-19 21:57:00,30,47.48
16791,499,162,233,2026-01-19 22:05:00,55,86.66
7650,429,91,88,2026-01-19 22:13:00,58,92.12
2086,150,54,88,2026-01-19 22:17:00,11,18.9
14917,128,1,123,2026-01-19 22:19:00,15,23.07
2636,190,254,77,2026-01-19 22:22:00,10,17.66
12319,254,13,253,2026-01-19 22:25:00,46,72.52
10012,396,182,43,2026-01-19 22:34:00,57,88.41
2640,391,142,200,2026-01-19 22:38:00,23,41.45
15605,397,61,36,2026-01-19 22:42:00,8,13.19
3185,155,164,197,2026-01-19 22:49:00,10,17.9
1324,419,245,87,2026-01-19 22:57:00,60,89.65
641,481,196,151,2026-01-19 23:00:00,8,15.59
19013,208,250,120,2026-01-19 23:07:00,5,12.99
15624,178,149,99,2026-01-19 23:18:00,36,56.29
4597,121,69,119,2026-01-19 23:24:00,34,54.91
7590,157,255,121,2026-01-19 23:46:00,49,77.04
9747,28,104,32,2026-01-19 23:51:00,15,25.01
16347,132,119,241,2026-01-19 23:54:00,17,26.77
19729,254,147,211,2026-01-20 00:37:00,56,83.55
10734,427,108,137,2026-01-20 00:39:00,49,77.72
19073,480,172,243,2026-01-20 00:50:00,35,54.04
5503,99,188,3,2026-01-20 00:54:00,29,47.11
8739,119,151,139,2026-01-20 00:58:00,17,25.7
13532,377,264,82,2026-01-20 00:58:00,52,79.75
7376,211,177,184,2026-01-20 01:02:00,34,53.68
2573,341,155,264,2026-01-20 01:11:00,36,55.71
5933,207,194,140,2026-01-20 01:13:00,50,79.41
15594,366,257,35,2026-01-20 01:14:00,31,49.36
8133,411,130,32,2026-01-20 01:17:00,40,60.16
4431,407,35,150,2026-01-20 01:30:00,35,58.01
7547,105,4,243,2026-01-20 02:09:00,57,88.86
19236,2,13,219,2026-01-20 02:21:00,41,64.27
3596,201,145,50,2026-01-20 02:36:00,59,88.42
4588,186,201,129,2026-01-20 02:36:00,14,26.15
70,30,200,206,2026-01-20 02:37:00,31,47.34
8953,88,128,158,2026-01-20 02:39:00,43,65.71
4539,130,42,148,2026-01-20 03:00:00,28,45.9
3825,150,231,135,2026-01-20 03:05:00,5,9.99
8406,398,6,18,2026-01-20 03:14:00,32,52.54
10761,161,110,167,2026-01-20 03:39:00,8,13.99
8753,456,228,171,2026-01-20 03:43:00,11,20.48
7554,66,77,95,2026-01-20 03:55:00,35,55.37
14506,457,60,149,2026-01-20 03:57:00,60,92.05
8503,80,166,15,2026-01-20 03:58:00,49,77.91
12415,22,18,70,2026-01-20 04:06:00,8,11.03
1479,70,68,40,2026-01-20 04:11:00,24,40.13
13371,116,141,254,2026-01-20 04:13:00,58,92.06
4274,178,36,132,2026-01-20 04:25:00,36,58.82
14935,182,150,35,2026-01-20 04:29:00,12,20.47
6423,60,80,224,2026-01-20 04:32:00,23,36.79
18336,350,108,247,2026-01-20 04:45:00,6,14.34
18081,295,65,136,2026-01-20 04:46:00,8,14.42
5697,169,36,67,2026-01-20 04:49:00,42,64.07
13537,276,164,68,2026-01-20 04:53:00,59,92.72
9928,33,190,144,2026-01-20 04:54:00,17,28.97
11269,353,62,102,2026-01-20 04:58:00,55,86.75
3170,180,265,196,2026-01-20 05:01:00,10,14.74
6127,83,247,17,2026-01-20 05:05:00,50,77.66
4740,108,204,59,2026-01-20 05:06:00,7,13.14
8332,495,176,107,2026-01-20 05:07:00,16,26.63
7750,126,157,247,2026-01-20 05:12:00,17,30.81
3553,481,209,106,2026-01-20 05:21:00,35,55.81
12232,138,134,137,2026-01-20 05:22:00,33,55.25
7730,224,91,36,2026-01-20 05:25:00,8,18.74
3396,215,42,20,2026-01-20 05:30:00,49,76.36
14855,321,130,180,2026-01-20 05:34:00,27,45.29
14867,61,262,80,2026-01-20 05:39:00,54,84.59
13240,48,196,54,2026-01-20 05:43:00,19,27.88
18055,484,199,91,2026-01-20 05:48:00,56,87.65
7284,492,246,132,2026-01-20 05:52:00,25,40.96
18550,342,109,78,2026-01-20 05:57:00,27,41.35
17584,398,13,63,2026-01-20 06:02:00,33,53.02
8992,144,50,198,2026-01-20 06:02:00,32,51.33
3776,29,117,198,2026-01-20 06:10:00,15,20.89
5425,418,239,131,2026-01-20 06:12:00,5,10.73
8177,467,159,35,2026-01-20 06:18:00,50,79.1
12485,320,207,225,2026-01-20 06:19:00,10,17.51
7567,201,185,15,2026-01-20 06:19:00,12,20.21
7452,423,212,245,2026-01-20 06:28:00,17,26.41
1061,433,145,31,2026-01-20 06:29:00,47,76.42
19478,499,255,153,2026-01-20 06:31:00,41,68.83
6866,362,164,229,2026-01-20 06:33:00,45,69.17
9385,238,54,239,2026-01-20 06:39:00,58,91.98
19411,487,239,113,2026-01-20 06:51:00,24,41.71
590,304,220,229,2026-01-20 06:51:00,43,64.27
13700,91,134,169,2026-01-20 06:59:00,46,69.73
3891,414,65,11,2026-01-20 07:09:00,45,66.72
1540,143,186,217,2026-01-20 07:20:00,39,59.83
16796,39,149,165,2026-01-20 07:21:00,34,52.4
2948,22,59,151,2026-01-20 07:27:00,16,27.79
3482,386,108,30,2026-01-20 07:50:00,41,64.39
2780,496,110,235,2026-01-20 07:56:00,26,43.68
18685,477,12,254,2026-01-20 08:04:00,57,88.68
11308,281,61,97,2026-01-20 08:08:00,58,93.72
18189,225,77,189,2026-01-20 08:14:00,30,51.79
11283,492,184,246,2026-01-20 08:32:00,19,32.87
18365,186,20,150,2026-01-20 08:36:00,10,22.36
13245,152,60,149,2026-01-20 09:01:00,21,34.76
4709,326,125,173,2026-01-20 09:21:00,28,44.36
2418,397,159,6,2026-01-20 09:24:00,41,65.51
17417,292,252,70,2026-01-20 09:32:00,44,67.36
1467,196,221,263,2026-01-20 09:42:00,16,24.19
18109,430,205,154,2026-01-20 09:48:00,17,29.26
3431,480,121,39,2026-01-20 09:50:00,46,74.14
2961,385,158,142,2026-01-20 09:57:00,48,72.13
16686,451,123,173,2026-01-20 10:00:00,45,70.7
8066,195,12,199,2026-01-20 10:12:00,9,15.26
11446,488,14,111,2026-01-20 10:16:00,17,30.06
16401,287,218,262,2026-01-20 10:21:00,30,45.81
12796,462,125,138,2026-01-20 10:27:00,57,87.98
3865,485,106,74,2026-01-20 10:34:00,26,44.49
11568,263,258,83,2026-01-20 10:34:00,28,45.82
18736,227,108,238,2026-01-20 10:55:00,17,29.11
13251,417,239,202,2026-01-20 11:24:00,12,21.24
18665,25,216,264,2026-01-20 11:28:00,36,57.02
234,202,254,171,2026-01-20 11:29:00,35,51.9
8139,330,52,229,2026-01-20 11:40:00,39,61.36
12544,134,54,139,2026-01-20 11:45:00,40,62.48
12456,305,74,122,2026-01-20 11:47:00,11,17.22
12000,11,75,257,2026-01-20 11:58:00,29,44.99
15637,267,63,95,2026-01-20 12:00:00,22,33.66
16905,13,218,78,2026-01-20 12:06:00,7,12.56
8324,316,231,87,2026-01-20 12:20:00,12,18.32
8736,11,14,99,2026-01-20 12:30:00,13,25.09
19855,420,174,188,2026-01-20 12:31:00,24,38.41
399,357,117,115,2026-01-20 12:38:00,53,80.49
2346,128,7,79,2026-01-20 12:57:00,15,25.35
10517,258,188,208,2026-01-20 13:09:00,18,31.14
15476,114,207,88,2026-01-20 13:11:00,20,32.97
19275,221,34,41,2026-01-20 13:12:00,7,14.49
13485,426,240,89,2026-01-20 13:19:00,54,82.64
9562,363,189,71,2026-01-20 13:23:00,16,30.65
6701,488,3,8,2026-01-20 13:26:00,10,19.32
16305,166,76,85,2026-01-20 13:27:00,20,31.67
6825,202,240,259,2026-01-20 13:28:00,20,31.22
10491,4,106,139,2026-01-20 13:44:00,40,62.88
1111,183,137,48,2026-01-20 13:50:00,39,62.32
14279,202,195,16,2026-01-20 14:03:00,37,57.36
19441,378,204,23,2026-01-20 14:05:00,41,65.04
13285,490,229,112,2026-01-20 14:09:00,60,91.38
13454,148,145,172,2026-01-20 14:13:00,29,43.04
4271,452,77,65,2026-01-20 14:18:00,20,31.75
19010,286,256,56,2026-01-20 14:20:00,34,52.31
12977,47,201,236,2026-01-20 14:21:00,17,26.14
2097,78,24,258,2026-01-20 14:21:00,38,57.44
3032,167,225,35,2026-01-20 14:45:00,34,56.3
17942,58,161,248,2026-01-20 14:51:00,50,76.76
15996,36,248,248,2026-01-20 14:54:00,26,38.99
12038,359,10,193,2026-01-20 14:54:00,49,75.82
16631,421,261,163,2026-01-20 15:07:00,60,93.87
10239,381,223,23,2026-01-20 15:10:00,36,57.47
8640,436,120,215,2026-01-20 15:11:00,13,21.56
11177,475,126,180,2026-01-20 15:17:00,29,48.6
4370,125,163,177,2026-01-20 15:35:00,20,32.31
11240,325,82,22,2026-01-20 15:43:00,28,45.61
6811,216,234,132,2026-01-20 15:43:00,15,23.57
3902,249,32,100,2026-01-20 15:45:00,40,63.7
9176,32,72,97,2026-01-20 15:53:00,28,41.46
8957,136,252,12,2026-01-20 15:56:00,38,56.8
16227,109,238,159,2026-01-20 15:57:00,40,66.64
15253,389,246,158,2026-01-20 16:08:00,5,11.88
889,24,119,48,2026-01-20 16:36:00,57,88.04
15276,282,182,109,2026-01-20 16:45:00,31,48.8
119,266,221,131,2026-01-20 17:21:00,6,12.27
845,301,167,137,2026-01-20 17:23:00,50,77.7
15691,233,6,141,2026-01-20 17:23:00,35,55.45
1170,230,17,101,2026-01-20 17:30:00,52,82.82
12363,259,45,141,2026-01-20 17:36:00,8,11.86
12128,327,204,63,2026-01-20 17:38:00,6,13.99
7202,195,129,138,2026-01-20 17:47:00,14,24.45
17031,391,199,200,2026-01-20 17:50:00,41,64.34
1934,67,238,51,2026-01-20 17:56:00,60,91.38
10573,320,173,208,2026-01-20 17:57:00,26,41.24
16970,418,79,74,2026-01-20 18:06:00,16,27.35
17545,364,162,43,2026-01-20 18:21:00,29,45.14
4824,377,30,125,2026-01-20 18:33:00,24,39.04
1808,417,203,108,2026-01-20 18:35:00,17,26.92
6147,229,161,92,2026-01-20 19:07:00,14,22.38
587,148,192,251,2026-01-20 19:09:00,18,33.49
11483,410,254,232,2026-01-20 19:10:00,42,64.3
8878,426,111,201,2026-01-20 19:17:00,19,29.24
2700,360,74,173,2026-01-20 19:23:00,38,59.97
539,64,241,86,2026-01-20 19:33:00,6,13.0
19278,197,37,7,2026-01-20 19:36:00,56,83.73
10949,353,68,80,2026-01-20 19:38:00,19,33.67
8818,384,77,40,2026-01-20 19:39:00,57,89.74
2682,384,142,258,2026-01-20 19:43:00,29,43.82
8464,301,166,195,2026-01-20 19:47:00,30,48.01
12312,31,97,202,2026-01-20 19:51:00,51,85.99
7497,119,103,88,2026-01-20 19:56:00,47,72.35
5863,414,162,207,2026-01-20 19:57:00,22,37.28
19418,421,261,256,2026-01-20 20:01:00,7,12.51
7490,419,175,123,2026-01-20 20:05:00,52,80.78
13075,137,245,210,2026-01-20 20:09:00,7,12.85
19824,75,249,234,2026-01-20 20:17:00,32,50.32
15640,215,101,232,2026-01-20 20:17:00,36,57.9
16396,89,153,64,2026-01-20 20:30:00,36,60.73
1875,164,162,3,2026-01-20 20:33:00,29,47.19
10763,491,143,234,2026-01-20 20:34:00,20,31.76
14609,462,60,145,2026-01-20 20:46:00,56,85.95
7671,376,1,251,2026-01-20 20:59:00,58,89.66
15972,404,168,39,2026-01-20 21:05:00,12,20.86
12080,68,40,217,2026-01-20 21:06:00,46,72.39
14306,293,177,236,2026-01-20 21:09:00,15,23.29
14584,132,61,241,2026-01-20 21:17:00,11,17.34
522,299,233,91,2026-01-20 21:19:00,44,67.21
13190,334,118,217,2026-01-20 21:27:00,57,87.85
2338,44,232,15,2026-01-20 21:33:00,41,65.63
4965,376,148,182,2026-01-20 21:34:00,33,51.9
13784,14,94,57,2026-01-20 21:43:00,10,16.76
18465,448,135,244,2026-01-20 21:47:00,18,28.97
18349,184,207,236,2026-01-20 21:58:00,12,24.05
10301,202,210,170,2026-01-20 22:01:00,7,16.15
18265,173,256,13,2026-01-20 22:09:00,51,83.14
10164,461,43,58,2026-01-20 22:16:00,9,12.12
19346,452,184,67,2026-01-20 22:19:00,38,55.52
2695,333,173,45,2026-01-20 22:20:00,8,14.88
17315,133,135,95,2026-01-20 22:21:00,52,81.82
8260,49,30,179,2026-01-20 22:22:00,18,31.94
9035,173,235,69,2026-01-20 22:26:00,31,51.64
3751,224,33,225,2026-01-20 22:29:00,42,64.38
13057,194,231,140,2026-01-20 22:42:00,29,45.76
18399,327,183,34,2026-01-20 22:46:00,30,49.41
6675,150,145,225,2026-01-20 22:48:00,58,88.4
393,462,218,174,2026-01-20 22:57:00,40,63.15
10919,447,38,238,2026-01-20 23:01:00,60,92.74
9315,100,86,88,2026-01-20 23:06:00,9,15.67
6940,261,126,212,2026-01-20 23:09:00,45,71.95
14927,214,28,3,2026-01-20 23:25:00,46,70.74
9532,17,62,166,2026-01-20 23:38:00,37,56.71
19651,23,91,226,2026-01-20 23:38:00,60,94.98
11580,146,263,63,2026-01-20 23:43:00,24,42.12
11238,432,61,164,2026-01-21 00:01:00,17,26.53
10798,22,254,79,2026-01-21 00:03:00,56,85.37
6023,169,79,200,2026-01-21 00:04:00,18,29.86
8362,258,249,173,2026-01-21 00:17:00,20,30.17
16513,366,213,15,2026-01-21 00:22:00,15,23.57
9907,44,9,95,2026-01-21 00:35:00,26,44.9
19566,471,194,182,2026-01-21 00:40:00,5,13.88
8886,427,200,206,2026-01-21 00:41:00,56,86.82
18745,201,72,143,2026-01-21 00:43:00,5,11.31
3176,202,93,85,2026-01-21 01:00:00,46,71.5
3011,319,58,32,2026-01-21 01:12:00,53,82.62
5430,152,125,182,2026-01-21 01:34:00,25,38.34
1085,345,154,43,2026-01-21 01:44:00,53,77.06
19308,319,140,185,2026-01-21 01:46:00,48,75.43
4854,344,34,58,2026-01-21 01:46:00,18,28.72
15739,428,26,262,2026-01-21 01:47:00,50,76.32
19611,489,211,11,2026-01-21 01:51:00,41,65.97
3275,164,221,95,2026-01-21 01:52:00,40,61.81
15043,320,40,257,2026-01-21 01:55:00,57,87.16
15202,284,62,233,2026-01-21 02:05:00,10,21.24
6317,345,242,111,2026-01-21 02:11:00,55,85.73
12148,50,202,195,2026-01-21 02:37:00,23,37.41
6863,77,91,182,2026-01-21 02:46:00,13,25.31
15116,94,129,14,2026-01-21 02:55:00,36,58.54
9392,108,124,183,2026-01-21 03:18:00,15,27.12
11719,100,221,161,2026-01-21 03:25:00,30,50.5
18896,70,54,128,2026-01-21 03:39:00,36,57.23
19114,70,83,199,2026-01-21 03:41:00,53,83.7
9400,278,114,48,2026-01-21 03:57:00,6,12.58
12585,411,259,244,2026-01-21 04:04:00,23,35.46
10792,323,14,257,2026-01-21 04:13:00,35,55.32
13990,217,145,258,2026-01-21 04:14:00,14,22.81
7545,348,206,23,2026-01-21 04:34:00,26,43.37
13197,468,43,171,2026-01-21 04:35:00,36,62.34
656,320,240,210,2026-01-21 04:40:00,10,17.82
9715,296,257,64,2026-01-21 04:44:00,18,29.24
13859,80,117,214,2026-01-21 05:11:00,46,74.08
14619,103,41,34,2026-01-21 05:12:00,44,65.91
13476,27,185,174,2026-01-21 05:16:00,17,24.77
7648,24,47,193,2026-01-21 05:19:00,26,41.32
5949,415,245,134,2026-01-21 05:24:00,32,53.97
13679,401,43,143,2026-01-21 05:24:00,57,89.48
10506,247,31,37,2026-01-21 05:25:00,15,24.66
15345,139,261,259,2026-01-21 05:25:00,32,50.38
6628,464,79,119,2026-01-21 05:25:00,6,9.48
2449,413,244,184,2026-01-21 05:26:00,8,14.79
131,83,176,55,2026-01-21 05:35:00,39,60.76
4945,328,11,185,2026-01-21 05:41:00,8,14.13
2728,149,190,231,2026-01-21 05:44:00,29,46.01
4916,125,50,133,2026-01-21 05:46:00,15,25.18
6533,137,32,49,2026-01-21 05:53:00,60,95.14
16194,483,116,137,2026-01-21 06:16:00,37,61.07
6575,359,238,163,2026-01-21 06:25:00,14,22.41
19927,489,105,173,2026-01-21 06:49:00,56,86.92
7236,439,244,40,2026-01-21 06:53:00,35,58.22
2393,5,142,43,2026-01-21 07:01:00,38,61.21
3837,186,71,108,2026-01-21 07:07:00,22,37.52
13439,99,254,223,2026-01-21 07:13:00,51,81.01
8646,410,1,96,2026-01-21 07:15:00,25,38.72
18478,159,59,181,2026-01-21 07:17:00,42,63.86
2865,12,215,199,2026-01-21 07:35:00,20,34.3
8469,59,8,185,2026-01-21 07:38:00,32,51.64
16969,421,7,123,2026-01-21 07:43:00,13,20.91
4244,43,155,133,2026-01-21 07:52:00,13,19.43
9856,110,23,58,2026-01-21 07:57:00,13,20.53
5249,111,149,245,2026-01-21 08:00:00,53,82.4
9675,444,46,137,2026-01-21 08:05:00,8,14.6
19293,227,197,11,2026-01-21 08:09:00,12,22.47
2289,437,216,46,2026-01-21 08:11:00,17,28.38
14429,86,124,238,2026-01-21 08:38:00,25,42.38
3250,345,13,186,2026-01-21 08:39:00,46,75.04
2862,42,225,137,2026-01-21 08:41:00,22,38.16
1708,333,249,206,2026-01-21 08:47:00,35,51.84
11832,445,14,17,2026-01-21 08:49:00,57,89.0
8914,44,136,99,2026-01-21 08:54:00,56,87.38
9512,139,70,91,2026-01-21 08:55:00,7,11.11
7881,275,176,98,2026-01-21 08:56:00,58,89.7
134,365,153,20,2026-01-21 08:57:00,18,27.04
9981,326,23,67,2026-01-21 08:59:00,49,77.21
4444,115,89,109,2026-01-21 09:14:00,18,28.48
8486,245,248,220,2026-01-21 09:15:00,9,18.5
11972,118,166,27,2026-01-21 09:26:00,44,69.69
16011,439,113,209,2026-01-21 09:34:00,45,72.06
17344,465,151,138,2026-01-21 09:42:00,35,53.36
18289,475,34,38,2026-01-21 09:49:00,35,54.21
14028,421,105,49,2026-01-21 09:52:00,55,85.36
3661,254,132,248,2026-01-21 09:53:00,35,52.31
773,239,254,10,2026-01-21 10:06:00,52,83.24
4695,434,180,220,2026-01-21 10:08:00,58,90.69
9498,263,181,26,2026-01-21 10:08:00,55,84.82
11148,266,114,197,2026-01-21 10:25:00,43,66.52
1466,29,264,19,2026-01-21 10:27:00,10,15.38
9569,71,243,243,2026-01-21 10:29:00,17,25.52
3872,477,177,177,2026-01-21 10:39:00,20,30.4
15113,325,133,47,2026-01-21 10:46:00,23,40.2
15649,378,121,142,2026-01-21 10:50:00,35,58.08
3414,383,128,9,2026-01-21 11:15:00,55,82.28
10232,480,109,193,2026-01-21 11:29:00,11,17.04
3265,500,215,129,2026-01-21 11:39:00,47,69.69
8926,21,175,41,2026-01-21 11:50:00,55,85.47
19743,111,200,161,2026-01-21 11:54:00,11,19.21
7318,183,195,152,2026-01-21 11:55:00,50,79.58
19875,165,112,257,2026-01-21 12:06:00,28,45.38
14902,243,47,201,2026-01-21 12:07:00,58,86.71
13112,499,179,205,2026-01-21 12:26:00,32,51.34
7897,10,200,240,2026-01-21 12:36:00,16,28.77
16407,32,2,109,2026-01-21 12:41:00,24,37.51
17985,112,175,193,2026-01-21 12:44:00,23,37.75
4243,68,146,165,2026-01-21 12:52:00,9,21.47
18414,218,162,24,2026-01-21 12:52:00,14,22.87
10707,495,6,18,2026-01-21 13:05:00,7,14.64
17042,428,18,146,2026-01-21 13:30:00,50,78.96
4822,29,9,138,2026-01-21 13:33:00,33,52.98
9846,52,23,46,2026-01-21 13:37:00,14,21.7
12704,342,126,131,2026-01-21 13:41:00,31,49.8
13,5,84,198,2026-01-21 13:45:00,31,44.95
16382,158,112,41,2026-01-21 13:46:00,37,59.14
13425,283,166,215,2026-01-21 13:53:00,56,86.88
11779,81,44,36,2026-01-21 13:54:00,57,87.28
10360,181,251,146,2026-01-21 13:57:00,31,52.71
7116,369,75,146,2026-01-21 14:00:00,28,45.82
8400,290,67,226,2026-01-21 14:02:00,37,58.61
15969,89,73,261,2026-01-21 14:23:00,37,60.3
10503,263,175,108,2026-01-21 14:24:00,22,34.52
12109,222,70,53,2026-01-21 14:33:00,25,40.15
3350,367,1,79,2026-01-21 14:34:00,25,41.78
9363,124,202,114,2026-01-21 14:38:00,46,75.65
11040,278,162,133,2026-01-21 14:47:00,13,22.38
431,145,151,263,2026-01-21 14:52:00,6,7.07
9139,256,94,39,2026-01-21 15:00:00,31,47.05
17489,425,176,256,2026-01-21 15:13:00,16,27.77
14815,179,126,177,2026-01-21 15:28:00,59,93.65
6767,246,133,60,2026-01-21 15:30:00,49,81.58
13694,469,6,170,2026-01-21 15:32:00,16,30.12
9497,29,154,45,2026-01-21 15:32:00,45,73.4
11798,135,107,230,2026-01-21 15:34:00,26,42.87
6106,415,199,96,2026-01-21 15:39:00,12,23.69
8154,288,206,165,2026-01-21 15:48:00,53,84.84
15297,94,78,191,2026-01-21 16:22:00,35,56.12
16646,20,187,157,2026-01-21 16:31:00,34,52.69
15334,395,231,182,2026-01-21 16:35:00,50,74.87
19806,63,218,145,2026-01-21 16:38:00,52,81.96
411,94,99,249,2026-01-21 16:39:00,40,66.6
7170,190,108,52,2026-01-21 16:39:00,24,38.32
8869,293,46,66,2026-01-21 16:52:00,53,83.97
7158,339,236,11,2026-01-21 16:57:00,57,86.5
8930,295,167,96,2026-01-21 17:06:00,15,20.64
8793,357,38,97,2026-01-21 17:10:00,36,57.33
9438,286,144,236,2026-01-21 17:13:00,52,81.84
5393,159,152,204,2026-01-21 17:13:00,31,44.82
18121,258,116,210,2026-01-21 17:17:00,26,42.61
8585,472,186,226,2026-01-21 17:23:00,44,69.59
13418,282,33,124,2026-01-21 17:23:00,8,17.26
6341,344,2,167,2026-01-21 17:26:00,41,64.38
14515,68,242,90,2026-01-21 17:32:00,57,86.15
9695,223,116,126,2026-01-21 17:42:00,48,77.62
1868,104,118,91,2026-01-21 17:44:00,41,67.17
5512,310,77,231,2026-01-21 17:45:00,56,85.38
19266,436,171,9,2026-01-21 17:45:00,15,24.91
19242,94,150,239,2026-01-21 17:58:00,33,49.46
8592,225,154,200,2026-01-21 18:01:00,23,40.47
5039,120,185,71,2026-01-21 18:17:00,6,11.94
10688,361,264,253,2026-01-21 18:21:00,16,28.52
1879,375,189,187,2026-01-21 18:24:00,40,65.31
16439,168,34,26,2026-01-21 18:27:00,14,24.86
14349,471,250,83,2026-01-21 18:31:00,32,51.76
15163,426,228,144,2026-01-21 18:37:00,21,31.76
18423,415,265,221,2026-01-21 18:39:00,28,43.96
13080,355,99,110,2026-01-21 18:44:00,15,23.53
9045,141,85,10,2026-01-21 18:48:00,7,14.54
330,200,43,116,2026-01-21 19:26:00,37,57.07
2167,210,167,54,2026-01-21 19:36:00,28,46.07
3510,240,258,83,2026-01-21 19:39:00,13,21.32
10819,409,205,114,2026-01-21 19:49:00,19,33.14
7722,486,129,135,2026-01-21 19:54:00,31,48.37
6404,286,75,40,2026-01-21 19:59:00,9,17.89
19963,139,240,76,2026-01-21 20:00:00,34,57.78
17384,425,169,69,2026-01-21 20:06:00,53,82.25
1818,212,234,162,2026-01-21 20:06:00,57,87.58
8465,209,64,237,2026-01-21 20:11:00,53,80.29
6693,438,120,214,2026-01-21 20:13:00,56,91.73
1991,171,82,254,2026-01-21 20:16:00,41,64.02
606,408,93,185,2026-01-21 20:17:00,58,90.92
14878,181,9,250,2026-01-21 20:17:00,53,81.9
8816,422,143,231,2026-01-21 20:21:00,24,40.24
12496,77,229,170,2026-01-21 20:30:00,18,28.14
5095,388,34,9,2026-01-21 20:33:00,29,46.32
3023,463,64,77,2026-01-21 20:33:00,6,12.81
5051,40,133,52,2026-01-21 20:34:00,37,57.45
18678,88,42,181,2026-01-21 20:50:00,48,75.32
2814,275,224,112,2026-01-21 20:54:00,11,15.13
16748,344,104,51,2026-01-21 21:18:00,56,86.69
10730,15,163,238,2026-01-21 21:39:00,50,79.28
16316,129,44,230,2026-01-21 21:43:00,40,61.86
18018,184,20,216,2026-01-21 21:50:00,24,38.59
3388,122,48,9,2026-01-21 21:53:00,40,60.4
13099,171,38,165,2026-01-21 22:32:00,47,71.01
9114,5,103,96,2026-01-21 22:41:00,43,67.57
14268,193,124,264,2026-01-21 22:48:00,46,72.42
6068,222,21,175,2026-01-21 22:55:00,34,53.86
4053,86,87,84,2026-01-21 22:56:00,11,18.16
10453,191,215,33,2026-01-21 22:57:00,12,21.52
14205,328,259,130,2026-01-21 22:59:00,58,88.04
19474,308,97,77,2026-01-21 22:59:00,56,87.79
3747,180,85,187,2026-01-21 23:02:00,27,44.01
15736,314,181,86,2026-01-21 23:07:00,41,64.16
11777,467,145,193,2026-01-21 23:14:00,57,88.31
10567,282,167,102,2026-01-21 23:17:00,57,89.62
16976,41,190,113,2026-01-21 23:17:00,13,22.63
17272,20,132,180,2026-01-21 23:34:00,40,62.51
9474,233,96,202,2026-01-21 23:34:00,16,25.62
9495,129,133,211,2026-01-21 23:39:00,42,66.67
15662,64,25,66,2026-01-21 23:41:00,43,66.91
17943,383,32,70,2026-01-21 23:50:00,47,73.83
13731,120,209,117,2026-01-21 23:52:00,48,75.33
11178,140,259,208,2026-01-22 00:07:00,10,19.64
9121,127,162,83,2026-01-22 00:08:00,60,94.54
7717,32,60,34,2026-01-22 00:22:00,15,28.21
18982,121,105,130,2026-01-22 00:34:00,60,97.25
1693,411,212,208,2026-01-22 00:38:00,47,73.42
12549,182,18,199,2026-01-22 00:40:00,6,12.16
3630,210,265,99,2026-01-22 00:54:00,55,85.39
1698,252,65,200,2026-01-22 01:03:00,55,89.11
4417,319,149,191,2026-01-22 01:08:00,9,19.48
16264,267,54,3,2026-01-22 01:33:00,5,8.6
9196,303,28,258,2026-01-22 01:35:00,38,60.85
17574,416,221,238,2026-01-22 01:56:00,17,26.35
7716,159,201,158,2026-01-22 02:08:00,46,72.93
14627,192,12,92,2026-01-22 02:10:00,59,91.67
9062,63,252,41,2026-01-22 02:15:00,60,93.84
17604,285,172,99,2026-01-22 02:21:00,9,12.0
1976,484,241,88,2026-01-22 02:24:00,47,71.06
13103,487,241,54,2026-01-22 02:25:00,27,42.42
1749,146,56,191,2026-01-22 02:31:00,26,35.74
5496,213,172,57,2026-01-22 02:31:00,53,82.45
8212,49,246,251,2026-01-22 02:32:00,7,12.37
11928,500,11,174,2026-01-22 02:32:00,34,51.28
12341,194,125,110,2026-01-22 02:39:00,37,60.54
15443,169,71,194,2026-01-22 02:52:00,35,55.34
19209,353,221,134,2026-01-22 02:53:00,6,8.29
12821,352,23,264,2026-01-22 02:57:00,11,21.79
11267,413,61,19,2026-01-22 03:08:00,41,60.88
10807,38,64,158,2026-01-22 03:11:00,26,42.43
5261,102,37,252,2026-01-22 03:12:00,53,81.78
11168,355,148,49,2026-01-22 03:14:00,47,74.08
9197,7,238,156,2026-01-22 03:19:00,59,92.07
5497,181,185,114,2026-01-22 03:25:00,58,92.91
10047,309,139,198,2026-01-22 03:26:00,35,53.52
3711,441,44,210,2026-01-22 03:28:00,38,57.99
12179,229,175,186,2026-01-22 03:34:00,13,23.38
9404,373,175,221,2026-01-22 03:36:00,15,22.79
235,499,37,121,2026-01-22 03:45:00,41,67.94
12474,367,184,226,2026-01-22 03:49:00,31,49.83
19436,265,117,44,2026-01-22 03:58:00,40,66.07
16793,427,102,200,2026-01-22 04:01:00,41,60.61
318,185,23,33,2026-01-22 04:01:00,16,25.01
10656,257,212,204,2026-01-22 04:04:00,47,74.16
7375,77,22,103,2026-01-22 04:18:00,22,34.67
2672,455,254,159,2026-01-22 04:19:00,19,31.76
5264,60,223,196,2026-01-22 04:21:00,41,64.54
18872,2,216,24,2026-01-22 04:22:00,37,60.75
18637,47,193,219,2026-01-22 04:32:00,11,23.78
1669,28,83,103,2026-01-22 04:38:00,34,51.28
8365,345,137,192,2026-01-22 04:43:00,51,79.6
10484,16,204,160,2026-01-22 04:44:00,53,83.36
19624,150,214,72,2026-01-22 04:53:00,14,24.65
7343,422,63,229,2026-01-22 04:55:00,23,41.14
16091,151,29,18,2026-01-22 04:57:00,34,52.52
16873,294,159,37,2026-01-22 05:06:00,16,23.65
10894,303,114,159,2026-01-22 05:20:00,26,41.53
12352,350,15,201,2026-01-22 05:25:00,52,81.45
10599,416,151,49,2026-01-22 05:26:00,6,14.67
5195,370,81,232,2026-01-22 05:30:00,57,87.45
13434,89,108,116,2026-01-22 05:36:00,32,47.98
19987,237,167,17,2026-01-22 05:43:00,14,25.4
6768,151,189,175,2026-01-22 05:44:00,30,50.97
499,309,206,82,2026-01-22 05:47:00,18,28.97
4238,148,210,131,2026-01-22 05:48:00,15,21.99
11490,213,160,7,2026-01-22 05:52:00,29,47.96
17576,49,152,26,2026-01-22 05:58:00,16,25.78
14430,114,88,43,2026-01-22 06:14:00,21,33.94
1497,166,196,161,2026-01-22 06:22:00,35,57.68
11232,174,241,173,2026-01-22 06:30:00,50,76.88
17433,344,252,169,2026-01-22 06:34:00,40,64.3
12508,292,208,79,2026-01-22 06:40:00,47,72.79
2248,30,228,71,2026-01-22 06:40:00,58,92.48
15869,349,256,242,2026-01-22 06:46:00,40,62.16
15102,407,220,217,2026-01-22 06:52:00,30,46.85
18492,381,166,79,2026-01-22 07:07:00,30,50.2
9853,338,106,56,2026-01-22 07:07:00,13,22.87
11741,476,254,6,2026-01-22 07:11:00,59,89.56
16932,493,140,104,2026-01-22 07:16:00,52,82.22
5821,301,12,134,2026-01-22 07:19:00,44,66.59
11498,477,38,265,2026-01-22 07:21:00,60,93.16
17669,266,162,158,2026-01-22 07:22:00,19,30.77
15211,298,144,131,2026-01-22 07:23:00,30,46.49
6352,401,132,150,2026-01-22 07:35:00,59,90.47
14111,32,203,159,2026-01-22 07:38:00,14,27.6
10825,392,220,19,2026-01-22 07:47:00,58,87.78
5270,154,166,249,2026-01-22 07:48:00,13,21.74
14461,121,55,122,2026-01-22 07:52:00,45,70.21
11567,174,108,204,2026-01-22 07:59:00,10,18.86
14286,327,29,106,2026-01-22 08:00:00,58,84.3
5212,364,170,230,2026-01-22 08:02:00,9,0.0
5322,152,30,140,2026-01-22 08:10:00,30,50.56
9180,290,226,53,2026-01-22 08:18:00,27,44.41
16447,448,244,88,2026-01-22 08:20:00,43,66.98
9862,377,221,19,2026-01-22 08:27:00,29,45.81
12572,326,158,101,2026-01-22 08:27:00,43,67.42
13102,297,157,106,2026-01-22 08:35:00,23,39.44
6710,419,88,40,2026-01-22 08:38:00,39,61.22
19755,401,217,133,2026-01-22 08:47:00,48,72.81
18408,129,20,176,2026-01-22 08:51:00,23,39.39
15694,394,225,184,2026-01-22 08:53:00,14,21.71
7247,211,235,54,2026-01-22 09:00:00,27,46.26
12682,353,146,132,2026-01-22 09:05:00,14,24.15
14716,278,242,154,2026-01-22 09:07:00,20,31.57
8533,286,9,67,2026-01-22 09:09:00,11,20.44
6461,421,124,152,2026-01-22 09:14:00,33,51.91
13951,267,127,67,2026-01-22 09:28:00,59,88.56
2107,177,224,48,2026-01-22 09:33:00,28,44.01
8485,447,104,225,2026-01-22 09:40:00,24,39.34
4230,224,116,250,2026-01-22 09:51:00,11,17.38
19102,202,156,35,2026-01-22 09:56:00,57,89.24
503,227,64,165,2026-01-22 10:19:00,21,33.48
4007,177,138,121,2026-01-22 10:23:00,50,79.22
274,466,37,187,2026-01-22 10:34:00,52,79.56
10462,483,145,110,2026-01-22 10:37:00,11,19.18
3631,298,11,37,2026-01-22 11:14:00,28,47.79
3743,49,261,66,2026-01-22 11:17:00,29,46.57
4239,386,135,31,2026-01-22 11:17:00,33,51.67
11663,312,3,134,2026-01-22 11:31:00,20,33.77
1645,287,166,241,2026-01-22 11:31:00,26,43.42
12358,21,204,80,2026-01-22 11:34:00,56,87.75
7969,122,260,114,2026-01-22 11:48:00,36,56.8
5612,345,199,103,2026-01-22 11:50:00,38,64.47
8296,430,159,180,2026-01-22 11:51:00,54,86.41
2461,341,16,116,2026-01-22 11:59:00,56,85.99
5525,366,67,165,2026-01-22 12:10:00,16,27.93
16310,440,131,210,2026-01-22 12:19:00,36,59.7
18832,419,1,221,2026-01-22 12:21:00,54,84.65
5527,257,145,92,2026-01-22 12:26:00,8,13.24
17159,54,93,132,2026-01-22 12:29:00,46,69.67
9768,233,97,33,2026-01-22 12:35:00,60,94.16
2472,35,78,89,2026-01-22 12:56:00,44,64.43
8741,299,237,89,2026-01-22 12:57:00,45,70.88
2318,415,116,9,2026-01-22 13:20:00,39,62.5
5493,72,53,121,2026-01-22 13:23:00,60,90.25
11991,63,248,250,2026-01-22 13:24:00,58,88.82
2027,117,78,244,2026-01-22 13:27:00,6,9.2
1218,382,94,86,2026-01-22 13:33:00,47,74.05
3122,475,8,111,2026-01-22 13:38:00,35,55.63
10722,77,71,239,2026-01-22 13:49:00,13,25.06
9230,130,232,100,2026-01-22 13:49:00,31,47.25
15787,276,169,102,2026-01-22 14:00:00,49,75.69
18,411,149,175,2026-01-22 14:00:00,29,46.33
6522,107,143,207,2026-01-22 14:03:00,6,12.66
14813,276,27,16,2026-01-22 14:18:00,47,70.3
17937,365,93,33,2026-01-22 14:18:00,38,60.17
4985,194,213,255,2026-01-22 14:25:00,16,28.04
16325,76,168,84,2026-01-22 14:35:00,43,68.09
4839,250,204,196,2026-01-22 14:46:00,20,32.09
17357,461,125,243,2026-01-22 14:46:00,25,43.64
4486,333,34,95,2026-01-22 14:57:00,53,84.36
5648,300,158,218,2026-01-22 14:57:00,19,31.26
1999,204,17,52,2026-01-22 14:58:00,35,58.07
12554,242,210,265,2026-01-22 15:03:00,25,41.64
4119,70,19,28,2026-01-22 15:06:00,45,71.36
6746,187,170,125,2026-01-22 15:09:00,27,41.12
9333,39,231,48,2026-01-22 15:15:00,54,85.16
16135,20,257,222,2026-01-22 15:19:00,15,25.07
11192,1,248,203,2026-01-22 15:47:00,51,77.84
11696,372,131,57,2026-01-22 15:48:00,18,32.05
15035,205,196,38,2026-01-22 15:52:00,40,62.67
12452,23,200,176,2026-01-22 15:59:00,16,28.36
9566,230,6,48,2026-01-22 16:00:00,6,11.81
18929,12,135,15,2026-01-22 16:04:00,5,12.17
16216,202,50,175,2026-01-22 16:07:00,22,37.27
4253,452,115,165,2026-01-22 16:09:00,5,9.52
13569,451,264,216,2026-01-22 16:13:00,17,23.0
19228,81,178,191,2026-01-22 16:14:00,9,15.34
2826,304,139,66,2026-01-22 16:14:00,28,48.75
15208,500,172,14,2026-01-22 16:18:00,12,21.74
18806,124,162,184,2026-01-22 16:21:00,6,7.95
7041,206,12,220,2026-01-22 16:47:00,40,60.93
8763,360,199,89,2026-01-22 16:51:00,6,13.84
11399,179,134,31,2026-01-22 16:57:00,42,67.05
40,133,15,128,2026-01-22 17:17:00,21,36.87
5787,446,211,164,2026-01-22 17:20:00,51,80.96
1744,427,179,205,2026-01-22 17:35:00,21,32.77
16615,397,213,195,2026-01-22 17:57:00,16,25.77
12881,422,91,166,2026-01-22 17:58:00,59,92.65
18031,286,41,188,2026-01-22 18:11:00,27,43.85
1022,215,216,115,2026-01-22 18:12:00,32,53.46
5656,276,96,213,2026-01-22 18:19:00,31,48.41
669,333,82,43,2026-01-22 18:22:00,14,24.76
7937,11,31,168,2026-01-22 18:28:00,23,38.98
8773,72,86,6,2026-01-22 18:42:00,27,42.09
16095,145,100,220,2026-01-22 18:57:00,27,42.23
8898,411,219,229,2026-01-22 18:57:00,17,30.15
12777,264,219,141,2026-01-22 19:00:00,43,68.66
10958,150,149,143,2026-01-22 19:02:00,34,54.96
12999,246,153,66,2026-01-22 19:06:00,43,66.65
11187,327,58,194,2026-01-22 19:06:00,12,22.17
17266,50,155,114,2026-01-22 19:08:00,9,14.59
8335,90,226,135,2026-01-22 19:16:00,41,67.04
14563,362,177,256,2026-01-22 19:18:00,57,88.62
17981,304,39,147,2026-01-22 19:22:00,7,17.46
535,291,190,103,2026-01-22 19:35:00,19,33.13
11524,397,47,221,2026-01-22 19:36:00,24,41.45
17904,132,179,1,2026-01-22 19:38:00,8,13.23
12970,178,5,147,2026-01-22 19:41:00,56,85.29
298,486,212,71,2026-01-22 19:53:00,17,27.86
7516,407,9,121,2026-01-22 19:56:00,29,47.39
17618,10,3,65,2026-01-22 19:59:00,42,63.86
6906,341,162,95,2026-01-22 20:29:00,28,46.61
15362,477,63,233,2026-01-22 20:30:00,5,8.4
9126,78,152,163,2026-01-22 20:52:00,34,51.66
18967,37,81,74,2026-01-22 20:54:00,5,8.8
15755,138,17,200,2026-01-22 21:00:00,48,75.89
12076,241,215,218,2026-01-22 21:21:00,60,94.54
4129,26,134,166,2026-01-22 21:22:00,10,18.07
19786,440,181,54,2026-01-22 21:24:00,15,29.47
7888,140,57,95,2026-01-22 21:34:00,35,53.28
14244,226,154,249,2026-01-22 21:45:00,13,23.79
5748,335,191,39,2026-01-22 21:54:00,42,65.79
1503,10,68,157,2026-01-22 21:56:00,7,14.03
7526,20,239,220,2026-01-22 22:03:00,51,73.9
388,211,25,170,2026-01-22 22:14:00,39,61.05
19910,230,135,58,2026-01-22 22:18:00,17,27.96
12087,30,39,207,2026-01-22 22:38:00,53,82.74
13389,292,132,191,2026-01-22 22:43:00,37,57.83
7909,275,24,215,2026-01-22 22:47:00,55,84.23
12499,297,35,134,2026-01-22 22:48:00,14,25.68
2537,301,193,45,2026-01-22 22:51:00,21,35.11
15115,115,40,97,2026-01-22 22:52:00,34,48.99
11194,219,40,44,2026-01-22 22:55:00,7,14.68
13211,68,183,100,2026-01-22 22:57:00,57,91.06
3381,211,109,234,2026-01-22 23:01:00,8,13.45
1394,97,27,54,2026-01-22 23:06:00,55,85.42
18888,215,237,157,2026-01-22 23:06:00,52,83.13
13906,334,63,10,2026-01-22 23:08:00,7,18.0
918,30,28,124,2026-01-22 23:25:00,19,30.65
6323,181,72,194,2026-01-22 23:33:00,59,91.32
12841,447,122,119,2026-01-23 00:02:00,23,36.33
15728,394,32,71,2026-01-23 00:03:00,48,76.05
10780,38,111,137,2026-01-23 00:03:00,16,26.28
18728,3,226,123,2026-01-23 00:10:00,18,31.01
4498,175,207,154,2026-01-23 00:12:00,27,44.44
11228,265,221,235,2026-01-23 00:31:00,30,49.15
19657,149,44,258,2026-01-23 00:53:00,6,8.65
10194,356,53,127,2026-01-23 01:04:00,44,69.78
15659,86,52,67,2026-01-23 01:26:00,33,49.89
3202,481,159,143,2026-01-23 01:27:00,23,32.35
5079,184,264,215,2026-01-23 01:38:00,52,80.72
11508,466,6,176,2026-01-23 01:52:00,39,62.58
10543,323,71,205,2026-01-23 01:59:00,32,47.48
4476,455,249,114,2026-01-23 02:00:00,18,30.75
16521,380,215,2,2026-01-23 02:06:00,58,93.23
15491,251,165,166,2026-01-23 02:13:00,31,50.4
9246,222,5,176,2026-01-23 02:21:00,60,89.72
14211,37,177,95,2026-01-23 02:27:00,47,73.74
13305,187,260,170,2026-01-23 02:31:00,30,47.43
11653,394,145,179,2026-01-23 02:32:00,24,38.43
5335,499,242,71,2026-01-23 02:33:00,39,64.8
3741,180,248,57,2026-01-23 02:41:00,46,68.63
11692,326,63,244,2026-01-23 02:44:00,55,88.71
2353,102,82,174,2026-01-23 02:50:00,48,76.47
3624,71,114,113,2026-01-23 03:04:00,57,87.05
15831,18,189,127,2026-01-23 03:05:00,52,79.55
7624,374,48,238,2026-01-23 03:17:00,17,30.2
12117,488,162,17,2026-01-23 03:24:00,23,37.64
2782,214,1,176,2026-01-23 03:24:00,56,87.58
2518,291,44,234,2026-01-23 03:25:00,5,10.19
13598,391,212,32,2026-01-23 03:33:00,32,53.33
19618,39,15,137,2026-01-23 03:34:00,16,24.18
9242,202,28,81,2026-01-23 03:36:00,58,90.52
1318,240,26,229,2026-01-23 03:40:00,37,58.29
16210,401,115,130,2026-01-23 04:16:00,31,49.96
11860,320,162,225,2026-01-23 04:18:00,11,21.0
929,188,121,188,2026-01-23 04:20:00,5,11.67
3151,179,133,25,2026-01-23 04:29:00,29,48.54
427,383,120,150,2026-01-23 04:30:00,34,54.19
13657,71,221,209,2026-01-23 04:34:00,5,12.64
8987,226,236,34,2026-01-23 04:45:00,15,25.16
2296,6,190,95,2026-01-23 04:46:00,25,42.67
8532,158,141,154,2026-01-23 04:52:00,37,57.77
11796,483,94,18,2026-01-23 04:57:00,28,46.27
13911,410,138,68,2026-01-23 05:00:00,15,27.4
11337,205,180,171,2026-01-23 05:06:00,24,36.88
16859,216,190,121,2026-01-23 05:18:00,26,43.27
12057,133,202,123,2026-01-23 05:19:00,54,79.64
9358,45,34,189,2026-01-23 05:22:00,33,53.28
16239,171,104,76,2026-01-23 05:24:00,19,30.0
14044,249,245,42,2026-01-23 05:26:00,25,41.63
11441,413,9,147,2026-01-23 05:26:00,13,20.26
5453,213,231,146,2026-01-23 05:29:00,57,87.8
18833,350,229,170,2026-01-23 05:34:00,40,61.85
8061,324,57,97,2026-01-23 05:51:00,23,36.72
19841,139,227,60,2026-01-23 06:05:00,5,14.71
902,435,14,191,2026-01-23 06:06:00,37,59.37
4844,388,113,227,2026-01-23 06:11:00,22,35.86
2392,106,60,108,2026-01-23 06:15:00,34,55.47
18528,156,156,204,2026-01-23 06:19:00,51,79.46
2197,387,26,145,2026-01-23 06:24:00,30,47.11
7237,389,37,175,2026-01-23 06:28:00,14,26.02
12238,77,219,160,2026-01-23 06:28:00,43,65.58
3459,332,243,192,2026-01-23 06:46:00,9,17.41
10265,481,209,139,2026-01-23 06:50:00,51,76.91
7179,460,192,39,2026-01-23 06:52:00,29,49.82
1376,418,130,233,2026-01-23 06:54:00,47,73.47
19709,464,152,2,2026-01-23 06:57:00,52,84.64
2943,342,244,220,2026-01-23 07:02:00,27,44.69
14168,398,180,183,2026-01-23 07:14:00,8,13.1
1824,336,256,205,2026-01-23 07:15:00,7,12.2
13308,346,256,110,2026-01-23 07:18:00,33,51.93
13460,171,131,104,2026-01-23 07:19:00,37,56.76
14203,474,37,81,2026-01-23 07:26:00,25,40.7
4116,62,193,59,2026-01-23 07:31:00,25,40.33
9487,193,155,73,2026-01-23 07:32:00,46,75.94
19271,484,102,117,2026-01-23 07:33:00,18,30.16
6116,125,115,100,2026-01-23 07:33:00,52,82.36
8918,96,149,178,2026-01-23 07:39:00,16,29.67
18711,252,113,28,2026-01-23 07:45:00,34,52.55
10976,114,4,158,2026-01-23 07:46:00,55,84.58
16890,37,164,115,2026-01-23 07:53:00,19,32.98
12904,487,219,113,2026-01-23 07:54:00,12,22.04
15233,123,261,25,2026-01-23 08:02:00,27,46.85
18748,342,148,38,2026-01-23 08:03:00,10,15.06
7163,224,8,24,2026-01-23 08:05:00,38,64.06
12743,95,170,145,2026-01-23 08:14:00,50,77.48
14764,392,98,233,2026-01-23 08:25:00,17,25.31
16276,204,51,203,2026-01-23 08:34:00,34,53.23
17421,391,41,197,2026-01-23 08:44:00,9,15.46
14474,378,161,143,2026-01-23 08:45:00,26,40.77
13618,349,201,150,2026-01-23 08:47:00,10,15.98
16260,395,91,120,2026-01-23 08:52:00,53,86.35
16306,252,45,129,2026-01-23 09:01:00,53,85.6
16025,253,55,47,2026-01-23 09:16:00,14,24.89
11482,497,128,129,2026-01-23 09:17:00,8,14.78
17099,237,194,142,2026-01-23 09:37:00,17,27.05
2875,350,196,245,2026-01-23 09:37:00,56,89.24
11522,26,49,91,2026-01-23 09:39:00,60,94.02
8490,226,169,201,2026-01-23 09:44:00,18,30.66
1311,61,41,93,2026-01-23 10:02:00,54,83.23
15793,15,186,57,2026-01-23 10:04:00,57,85.14
152,299,63,180,2026-01-23 10:05:00,43,66.7
14604,69,5,67,2026-01-23 10:22:00,55,85.01
2986,149,31,57,2026-01-23 10:25:00,25,35.37
13551,171,148,199,2026-01-23 10:33:00,58,90.06
6657,47,222,57,2026-01-23 10:36:00,46,69.81
97,441,58,155,2026-01-23 10:42:00,33,0.0
2833,263,156,240,2026-01-23 10:42:00,25,42.22
19469,446,48,115,2026-01-23 10:47:00,38,61.72
2409,308,19,45,2026-01-23 10:51:00,22,33.83
11526,385,11,96,2026-01-23 10:58:00,35,54.63
14912,168,54,96,2026-01-23 11:02:00,13,18.22
13913,188,54,254,2026-01-23 11:06:00,8,14.17
1056,325,48,39,2026-01-23 11:12:00,31,50.89
8884,354,254,224,2026-01-23 11:14:00,34,58.39
18447,489,196,34,2026-01-23 11:30:00,59,94.08
1653,129,76,137,2026-01-23 11:32:00,47,73.51
10225,393,211,43,2026-01-23 11:39:00,7,12.33
8195,391,86,148,2026-01-23 11:50:00,31,46.29
13729,3,97,98,2026-01-23 11:50:00,53,78.56
12567,274,21,39,2026-01-23 11:51:00,50,80.68
86,499,215,96,2026-01-23 11:53:00,27,43.52
8547,129,167,228,2026-01-23 12:11:00,21,33.2
19551,172,128,43,2026-01-23 12:17:00,10,14.63
13126,33,264,180,2026-01-23 12:20:00,57,86.68
6852,245,181,46,2026-01-23 12:28:00,22,32.17
6769,54,72,96,2026-01-23 12:33:00,18,28.65
12350,61,130,49,2026-01-23 12:36:00,41,63.69
15538,411,206,165,2026-01-23 12:38:00,16,31.86
7137,165,210,13,2026-01-23 12:44:00,35,54.89
4339,196,22,46,2026-01-23 12:48:00,24,40.37
5939,90,162,164,2026-01-23 12:59:00,56,85.7
14827,117,98,241,2026-01-23 12:59:00,15,25.35
8062,80,66,54,2026-01-23 13:02:00,8,15.82
4261,416,67,10,2026-01-23 13:06:00,24,38.14
3216,386,41,6,2026-01-23 13:20:00,5,5.4
13632,320,195,86,2026-01-23 13:30:00,12,21.74
8866,457,108,145,2026-01-23 13:42:00,7,14.65
9946,111,11,45,2026-01-23 13:53:00,34,53.69
19960,392,201,73,2026-01-23 13:55:00,6,12.1
7180,476,153,258,2026-01-23 14:06:00,30,49.31
7629,164,94,16,2026-01-23 14:18:00,41,64.84
18206,8,224,207,2026-01-23 14:22:00,35,54.88
15567,409,102,127,2026-01-23 14:41:00,37,58.63
6004,233,92,36,2026-01-23 14:46:00,55,83.85
11035,256,29,21,2026-01-23 14:53:00,48,75.94
2614,490,181,169,2026-01-23 14:59:00,49,77.73
16046,440,205,110,2026-01-23 15:07:00,55,84.5
7034,163,243,117,2026-01-23 15:16:00,6,14.52
150,405,134,144,2026-01-23 15:29:00,54,85.27
8060,267,156,17,2026-01-23 15:40:00,32,51.11
11736,364,66,265,2026-01-23 15:59:00,51,78.68
17398,35,20,113,2026-01-23 16:03:00,52,83.85
9552,322,51,234,2026-01-23 16:04:00,39,61.76
13957,108,143,248,2026-01-23 16:14:00,18,29.82
5344,284,241,1,2026-01-23 16:18:00,20,33.16
9518,482,75,190,2026-01-23 16:20:00,44,70.35
1409,77,28,8,2026-01-23 16:21:00,19,30.61
5855,242,12,166,2026-01-23 16:24:00,53,79.66
3442,380,137,175,2026-01-23 16:30:00,56,88.3
16678,438,180,239,2026-01-23 16:36:00,16,26.64
6859,309,238,99,2026-01-23 16:38:00,18,30.32
5650,291,226,131,2026-01-23 16:49:00,33,50.85
17766,181,17,34,2026-01-23 17:01:00,48,74.13
5113,1,210,72,2026-01-23 17:04:00,27,43.42
862,154,183,133,2026-01-23 17:04:00,27,42.77
3020,19,217,96,2026-01-23 17:23:00,47,75.76
13452,218,196,84,2026-01-23 17:26:00,55,84.08
139,344,172,149,2026-01-23 17:38:00,49,80.63
5796,485,212,159,2026-01-23 17:40:00,31,46.76
16076,404,225,31,2026-01-23 17:41:00,30,49.63
18555,451,249,173,2026-01-23 17:42:00,14,23.63
14105,42,45,38,2026-01-23 17:44:00,49,74.59
6139,81,95,250,2026-01-23 17:54:00,34,53.75
10350,347,114,159,2026-01-23 17:56:00,38,59.54
2857,261,69,235,2026-01-23 17:57:00,35,56.14
1593,330,161,84,2026-01-23 18:07:00,55,88.67
16494,87,121,93,2026-01-23 18:15:00,54,85.52
2061,162,183,77,2026-01-23 18:16:00,10,14.68
14761,327,177,216,2026-01-23 18:19:00,51,80.3
6993,319,255,140,2026-01-23 18:30:00,12,21.32
17880,184,175,114,2026-01-23 18:34:00,28,47.62
13235,224,205,159,2026-01-23 18:39:00,5,10.59
5599,123,116,200,2026-01-23 18:40:00,21,35.01
12453,169,23,248,2026-01-23 18:45:00,11,21.54
4536,223,121,68,2026-01-23 18:46:00,33,52.13
6990,371,212,192,2026-01-23 18:48:00,59,90.05
19397,64,221,253,2026-01-23 18:51:00,39,58.68
4626,470,45,219,2026-01-23 19:03:00,48,75.58
15398,405,68,208,2026-01-23 19:03:00,55,87.13
7464,433,168,214,2026-01-23 19:04:00,42,67.94
3629,355,72,255,2026-01-23 19:10:00,58,92.87
2406,61,185,25,2026-01-23 19:14:00,47,75.51
14849,237,178,195,2026-01-23 19:17:00,42,66.92
4874,291,204,13,2026-01-23 19:35:00,41,64.77
8762,131,213,136,2026-01-23 19:36:00,6,10.54
4412,224,101,64,2026-01-23 19:38:00,51,78.81
3509,426,151,141,2026-01-23 19:40:00,34,53.3
14801,457,63,231,2026-01-23 19:43:00,24,39.92
4609,343,172,242,2026-01-23 19:44:00,40,65.79
15763,58,195,163,2026-01-23 19:46:00,42,65.18
13128,289,223,237,2026-01-23 19:53:00,27,44.43
18702,444,102,29,2026-01-23 19:55:00,23,39.89
13514,205,121,29,2026-01-23 19:56:00,43,71.29
141,224,5,106,2026-01-23 20:00:00,16,23.26
18188,381,197,79,2026-01-23 20:04:00,14,20.39
6556,158,256,45,2026-01-23 20:18:00,56,85.36
15704,102,110,253,2026-01-23 20:20:00,6,11.14
505,222,232,137,2026-01-23 20:22:00,8,14.75
14323,269,128,179,2026-01-23 20:25:00,31,49.06
14610,88,196,133,2026-01-23 20:30:00,25,39.09
10838,182,49,144,2026-01-23 20:46:00,44,70.3
17524,178,155,111,2026-01-23 20:54:00,13,25.01
12029,440,34,214,2026-01-23 21:01:00,8,12.1
17216,314,182,164,2026-01-23 21:15:00,15,25.85
16156,304,214,80,2026-01-23 21:17:00,48,78.27
3651,271,76,220,2026-01-23 21:24:00,21,34.6
17226,200,67,235,2026-01-23 21:37:00,38,62.29
19446,153,132,175,2026-01-23 21:39:00,26,42.97
19712,27,228,188,2026-01-23 21:42:00,11,18.64
368,257,71,193,2026-01-23 21:45:00,58,89.87
378,434,138,225,2026-01-23 21:45:00,13,21.09
14573,414,112,38,2026-01-23 21:51:00,31,48.98
17945,200,111,6,2026-01-23 22:04:00,57,91.65
1888,306,135,265,2026-01-23 22:12:00,51,78.41
9954,155,21,144,2026-01-23 22:13:00,12,20.96
16966,364,265,47,2026-01-23 22:14:00,18,27.48
12111,397,208,41,2026-01-23 22:25:00,33,48.04
18592,417,172,248,2026-01-23 22:36:00,5,12.22
14790,39,159,37,2026-01-23 22:53:00,57,86.78
11072,120,146,240,2026-01-23 22:54:00,57,93.65
7496,195,197,67,2026-01-23 22:56:00,15,28.64
12505,331,81,158,2026-01-23 23:08:00,59,90.47
8223,133,166,65,2026-01-23 23:23:00,6,12.62
12467,111,245,119,2026-01-23 23:26:00,58,90.13
18820,279,121,21,2026-01-23 23:37:00,22,36.56
5183,310,83,85,2026-01-23 23:40:00,41,63.51
10326,167,246,99,2026-01-23 23:44:00,45,71.66
3209,192,170,212,2026-01-23 23:45:00,19,29.06
248,23,213,187,2026-01-23 23:45:00,51,82.18
13450,61,193,33,2026-01-23 23:54:00,13,22.28
11616,251,225,186,2026-01-24 00:00:00,36,58.24
15042,322,155,111,2026-01-24 00:07:00,31,50.83
5786,18,10,131,2026-01-24 00:09:00,56,90.5
19974,127,54,255,2026-01-24 00:14:00,52,78.93
19884,440,260,149,2026-01-24 00:35:00,47,77.33
685,335,76,74,2026-01-24 00:36:00,31,48.3
12282,100,158,182,2026-01-24 00:41:00,57,88.49
1747,353,194,110,2026-01-24 00:43:00,41,65.01
2949,134,158,9,2026-01-24 00:49:00,40,61.33
9639,5,263,121,2026-01-24 00:53:00,43,66.46
11151,84,207,61,2026-01-24 00:59:00,26,39.87
7681,372,55,149,2026-01-24 01:05:00,17,29.14
8515,448,49,15,2026-01-24 01:05:00,27,47.4
12946,43,190,34,2026-01-24 01:07:00,27,46.21
3290,80,53,100,2026-01-24 01:15:00,45,70.59
1134,249,50,251,2026-01-24 01:30:00,7,12.02
3640,227,206,237,2026-01-24 01:36:00,54,81.34
5019,487,207,189,2026-01-24 01:36:00,11,16.43
2294,216,32,240,2026-01-24 01:40:00,28,44.14
5318,253,213,49,2026-01-24 01:49:00,52,80.21
16954,115,154,13,2026-01-24 01:51:00,45,73.31
4032,93,218,210,2026-01-24 02:08:00,21,31.67
9050,329,212,235,2026-01-24 02:11:00,36,61.31
15920,261,164,49,2026-01-24 02:15:00,31,51.52
15807,388,14,192,2026-01-24 02:24:00,33,52.24
19911,383,179,121,2026-01-24 02:31:00,19,29.52
8593,412,109,2,2026-01-24 02:35:00,30,50.64
7265,142,200,129,2026-01-24 02:40:00,17,27.48
2707,90,134,141,2026-01-24 02:40:00,16,27.97
8760,330,79,205,2026-01-24 03:05:00,51,78.93
720,403,51,147,2026-01-24 03:08:00,33,53.07
4132,194,107,70,2026-01-24 03:14:00,38,59.7
2441,81,131,92,2026-01-24 03:22:00,21,35.4
11861,280,231,68,2026-01-24 03:23:00,22,35.25
6146,155,240,235,2026-01-24 03:30:00,41,62.06
10327,297,205,191,2026-01-24 03:51:00,7,14.68
12276,385,112,228,2026-01-24 03:58:00,42,64.52
17570,288,64,240,2026-01-24 04:04:00,50,80.24
11700,123,196,42,2026-01-24 04:08:00,32,48.29
10587,467,15,165,2026-01-24 04:18:00,10,17.05
8128,427,216,232,2026-01-24 04:21:00,48,76.47
12515,239,113,222,2026-01-24 04:27:00,53,82.17
17792,126,71,118,2026-01-24 04:27:00,59,89.7
8457,124,115,74,2026-01-24 04:40:00,19,31.25
6595,163,96,151,2026-01-24 04:49:00,37,61.83
4907,74,1,104,2026-01-24 04:55:00,42,65.46
13773,481,157,144,2026-01-24 04:56:00,38,60.84
16410,389,36,194,2026-01-24 05:00:00,47,74.01
8148,291,257,250,2026-01-24 05:16:00,43,64.44
15751,19,48,104,2026-01-24 05:16:00,7,14.07
2532,443,10,187,2026-01-24 05:36:00,43,66.87
2536,271,84,11,2026-01-24 06:23:00,48,76.66
9641,193,248,110,2026-01-24 06:27:00,35,56.32
16625,6,154,87,2026-01-24 06:36:00,60,93.58
4254,223,259,88,2026-01-24 06:43:00,31,51.31
3067,400,110,81,2026-01-24 06:47:00,44,69.91
16546,50,98,187,2026-01-24 06:51:00,26,46.04
15615,73,253,53,2026-01-24 06:54:00,60,96.73
11857,178,19,184,2026-01-24 06:58:00,36,57.37
13040,125,186,230,2026-01-24 07:03:00,49,77.19
13611,433,138,10,2026-01-24 07:16:00,58,88.75
270,404,167,147,2026-01-24 07:20:00,26,41.46
16055,213,140,161,2026-01-24 07:24:00,15,28.13
16170,140,135,196,2026-01-24 07:33:00,24,38.12
6722,352,89,205,2026-01-24 07:39:00,15,23.93
9555,122,247,193,2026-01-24 07:40:00,40,66.66
9426,219,45,18,2026-01-24 07:41:00,21,33.84
4694,122,94,261,2026-01-24 07:44:00,5,9.18
18824,470,38,212,2026-01-24 07:45:00,8,14.18
16399,434,15,80,2026-01-24 07:54:00,7,12.28
9852,178,38,183,2026-01-24 07:56:00,22,35.21
2606,205,69,95,2026-01-24 08:07:00,16,23.07
14623,250,44,54,2026-01-24 08:15:00,34,56.89
7412,43,9,152,2026-01-24 08:18:00,57,90.34
15223,442,131,170,2026-01-24 08:25:00,25,36.4
18724,187,39,136,2026-01-24 08:34:00,16,29.87
1513,234,184,238,2026-01-24 08:50:00,41,63.66
6487,318,262,86,2026-01-24 08:52:00,32,51.29
3638,140,114,66,2026-01-24 08:54:00,44,72.75
3362,323,73,117,2026-01-24 08:56:00,21,33.36
6808,451,67,98,2026-01-24 08:57:00,54,85.8
14369,460,240,242,2026-01-24 08:58:00,21,36.11
10384,364,261,8,2026-01-24 09:01:00,26,42.23
13295,99,35,96,2026-01-24 09:05:00,35,55.72
16172,216,135,147,2026-01-24 09:15:00,7,16.88
8962,42,224,85,2026-01-24 09:21:00,17,29.69
16988,2,17,156,2026-01-24 09:34:00,36,58.28
13814,272,98,218,2026-01-24 09:35:00,50,77.03
1947,223,71,158,2026-01-24 09:43:00,18,30.24
15771,422,16,202,2026-01-24 09:46:00,11,18.15
1656,281,143,180,2026-01-24 10:09:00,37,60.5
10895,254,175,150,2026-01-24 10:15:00,11,17.34
12825,109,252,135,2026-01-24 10:17:00,44,70.02
2897,470,184,89,2026-01-24 10:27:00,44,67.79
2519,58,50,16,2026-01-24 10:31:00,60,91.74
18775,343,254,164,2026-01-24 10:40:00,12,20.36
7011,108,236,256,2026-01-24 10:45:00,57,88.72
11304,325,120,263,2026-01-24 10:51:00,12,16.48
7781,418,166,168,2026-01-24 10:53:00,10,17.9
3852,377,82,224,2026-01-24 11:01:00,7,12.68
5163,256,171,50,2026-01-24 11:23:00,37,57.25
17892,155,220,150,2026-01-24 11:40:00,36,58.91
17691,256,186,145,2026-01-24 11:43:00,12,19.97
9395,141,80,231,2026-01-24 11:44:00,45,71.02
1988,64,170,251,2026-01-24 11:46:00,13,24.39
7932,282,63,239,2026-01-24 11:48:00,26,42.67
16153,139,195,156,2026-01-24 12:12:00,46,74.32
1617,387,127,85,2026-01-24 12:15:00,25,39.0
4146,50,108,6,2026-01-24 12:18:00,29,46.1
14971,485,65,247,2026-01-24 12:26:00,34,52.48
9047,359,38,53,2026-01-24 12:44:00,47,74.75
18651,249,242,31,2026-01-24 12:44:00,22,37.46
9085,353,104,165,2026-01-24 13:02:00,14,21.18
15521,151,241,113,2026-01-24 13:23:00,58,91.46
19084,72,24,225,2026-01-24 13:33:00,34,55.23
11576,483,205,202,2026-01-24 13:38:00,10,19.59
11424,465,9,76,2026-01-24 13:48:00,39,64.33
4303,455,69,202,2026-01-24 14:00:00,11,18.38
19989,258,95,225,2026-01-24 14:09:00,10,13.27
16496,115,18,242,2026-01-24 14:35:00,48,73.83
17525,367,9,62,2026-01-24 14:54:00,44,66.87
18731,382,1,183,2026-01-24 15:08:00,56,85.37
9561,498,199,213,2026-01-24 15:16:00,41,62.83
1878,134,143,198,2026-01-24 15:24:00,57,88.07
10951,256,149,14,2026-01-24 15:27:00,37,57.79
11961,149,141,105,2026-01-24 15:27:00,32,50.97
10706,224,70,250,2026-01-24 15:35:00,6,10.93
19626,416,139,54,2026-01-24 15:53:00,47,75.97
11301,255,8,198,2026-01-24 16:07:00,37,59.36
9599,407,256,173,2026-01-24 16:07:00,60,95.18
18970,60,193,101,2026-01-24 16:13:00,20,35.22
14993,310,60,113,2026-01-24 16:26:00,17,26.98
3420,260,73,118,2026-01-24 16:27:00,20,31.5
4186,434,31,126,2026-01-24 16:47:00,48,74.83
15282,49,223,241,2026-01-24 16:48:00,41,65.54
6529,347,1,9,2026-01-24 16:52:00,41,64.96
7035,485,208,80,2026-01-24 17:00:00,28,44.66
18907,193,69,78,2026-01-24 17:08:00,59,88.78
10547,416,240,156,2026-01-24 17:10:00,34,50.35
14955,448,91,246,2026-01-24 17:12:00,48,74.72
12010,60,197,192,2026-01-24 17:16:00,21,36.99
7724,475,121,62,2026-01-24 17:48:00,5,10.69
7165,329,48,247,2026-01-24 18:06:00,51,76.18
2797,163,241,215,2026-01-24 18:07:00,35,54.59
9888,207,180,44,2026-01-24 18:18:00,60,91.89
13264,83,37,250,2026-01-24 18:25:00,53,83.59
15526,469,37,141,2026-01-24 18:37:00,11,19.9
10226,457,152,125,2026-01-24 18:37:00,5,9.37
371,442,179,175,2026-01-24 18:37:00,24,36.31
15414,4,125,211,2026-01-24 18:40:00,43,66.8
11411,131,102,236,2026-01-24 19:02:00,29,47.67
9241,327,174,97,2026-01-24 19:03:00,50,75.5
10130,231,221,218,2026-01-24 19:14:00,5,13.06
9521,241,209,128,2026-01-24 19:15:00,16,32.52
10588,410,264,198,2026-01-24 19:19:00,48,73.4
19243,92,165,105,2026-01-24 19:21:00,33,53.9
7222,153,203,4,2026-01-24 19:29:00,31,51.79
4778,163,1,121,2026-01-24 19:30:00,44,73.23
8412,255,167,37,2026-01-24 19:31:00,24,37.39
1563,313,8,216,2026-01-24 19:32:00,32,50.33
13087,391,220,235,2026-01-24 19:37:00,48,76.01
10904,415,30,14,2026-01-24 19:45:00,43,66.54
17324,233,52,216,2026-01-24 19:52:00,49,73.34
4045,364,153,207,2026-01-24 19:53:00,35,55.19
15589,82,178,40,2026-01-24 19:54:00,37,58.1
5201,294,257,54,2026-01-24 20:02:00,60,94.22
19400,369,202,66,2026-01-24 20:16:00,20,31.8
2106,95,124,222,2026-01-24 20:17:00,7,16.89
8951,405,46,100,2026-01-24 20:29:00,52,80.69
1606,310,107,14,2026-01-24 20:39:00,25,38.95
8629,220,56,232,2026-01-24 20:41:00,39,63.14
15695,157,217,103,2026-01-24 20:42:00,5,11.5
9221,244,116,222,2026-01-24 20:48:00,51,79.96
9957,107,145,158,2026-01-24 20:50:00,44,68.59
17207,489,6,155,2026-01-24 21:14:00,50,76.19
2003,423,129,150,2026-01-24 21:22:00,53,83.48
9935,71,75,136,2026-01-24 21:46:00,7,16.32
15477,107,25,118,2026-01-24 21:51:00,29,45.02
3478,105,130,199,2026-01-24 21:59:00,60,92.52
19574,110,116,239,2026-01-24 22:06:00,47,75.74
16469,85,69,217,2026-01-24 22:06:00,15,27.79
6784,98,222,139,2026-01-24 22:07:00,22,37.28
9589,173,71,230,2026-01-24 22:20:00,11,22.21
1686,298,19,256,2026-01-24 22:27:00,36,55.17
4386,27,214,22,2026-01-24 22:35:00,52,78.13
12277,116,83,170,2026-01-24 22:37:00,49,74.27
13134,336,246,237,2026-01-24 22:38:00,10,18.63
13730,30,181,161,2026-01-24 22:41:00,5,11.07
7059,8,80,15,2026-01-24 22:44:00,23,34.98
3013,328,120,215,2026-01-24 22:48:00,29,46.71
18718,283,198,50,2026-01-24 22:50:00,60,92.53
5333,246,122,202,2026-01-24 22:55:00,32,50.47
13116,305,25,70,2026-01-24 23:15:00,44,68.48
2093,79,144,115,2026-01-24 23:20:00,16,27.13
307,32,32,83,2026-01-24 23:22:00,7,10.69
10141,102,168,30,2026-01-24 23:23:00,37,56.6
16259,338,157,101,2026-01-24 23:27:00,41,63.28
8186,483,125,36,2026-01-24 23:38:00,16,30.45
1643,41,96,47,2026-01-24 23:39:00,42,64.99
16965,32,257,257,2026-01-24 23:39:00,15,20.93
18815,432,52,161,2026-01-24 23:56:00,55,87.06
584,95,203,264,2026-01-24 23:59:00,16,27.59
12888,51,58,84,2026-01-25 00:02:00,8,14.85
9931,420,18,214,2026-01-25 00:03:00,57,85.74
8642,225,190,122,2026-01-25 00:07:00,18,32.14
9161,192,133,118,2026-01-25 00:07:00,28,45.42
2770,338,178,192,2026-01-25 00:08:00,43,68.57
16638,106,222,37,2026-01-25 00:11:00,53,82.02
8235,206,52,113,2026-01-25 00:14:00,48,71.73
10205,248,204,103,2026-01-25 00:27:00,31,50.69
12699,388,40,77,2026-01-25 00:33:00,58,88.47
12465,167,235,104,2026-01-25 00:37:00,12,21.35
18331,170,47,183,2026-01-25 00:41:00,55,84.13
4551,322,127,46,2026-01-25 00:42:00,16,27.02
1200,493,234,132,2026-01-25 00:52:00,19,29.45
9313,136,75,155,2026-01-25 00:59:00,54,84.08
15077,299,149,217,2026-01-25 01:00:00,55,86.81
11049,186,66,194,2026-01-25 01:03:00,7,17.37
16477,337,168,213,2026-01-25 01:06:00,48,75.32
15496,148,166,52,2026-01-25 01:12:00,49,75.38
4837,149,110,54,2026-01-25 01:27:00,31,49.56
5391,143,194,45,2026-01-25 01:27:00,41,67.12
13226,44,53,54,2026-01-25 01:29:00,37,59.2
7472,175,80,205,2026-01-25 01:31:00,57,87.44
54,236,189,229,2026-01-25 01:41:00,42,67.41
11165,405,148,132,2026-01-25 01:43:00,18,30.57
8862,453,211,61,2026-01-25 01:50:00,35,53.71
15748,353,47,54,2026-01-25 01:51:00,18,29.9
13682,48,145,178,2026-01-25 02:02:00,32,49.19
19695,30,244,172,2026-01-25 02:07:00,49,74.83
3152,435,244,43,2026-01-25 02:09:00,53,81.97
6102,470,106,135,2026-01-25 02:09:00,41,64.14
5208,372,85,213,2026-01-25 02:10:00,44,70.33
13165,52,62,205,2026-01-25 02:21:00,44,68.98
4851,107,250,161,2026-01-25 02:38:00,38,57.99
7141,212,138,216,2026-01-25 02:40:00,36,51.89
11202,161,254,246,2026-01-25 02:44:00,53,83.15
7148,211,233,205,2026-01-25 02:44:00,22,38.51
12715,358,253,7,2026-01-25 02:51:00,52,82.74
18301,33,176,251,2026-01-25 02:53:00,25,38.17
12145,400,210,209,2026-01-25 02:55:00,11,22.42
3310,486,7,190,2026-01-25 03:02:00,47,73.64
3701,306,243,189,2026-01-25 03:10:00,50,77.31
5245,399,100,113,2026-01-25 03:12:00,46,72.58
13676,14,234,23,2026-01-25 03:13:00,47,69.84
15256,205,110,83,2026-01-25 03:24:00,30,44.38
19567,484,256,158,2026-01-25 03:45:00,24,36.34
12444,260,80,148,2026-01-25 03:56:00,18,30.05
15782,427,188,44,2026-01-25 03:56:00,40,62.27
18156,82,242,155,2026-01-25 03:57:00,27,44.34
15635,478,56,53,2026-01-25 04:06:00,42,65.65
4857,154,151,197,2026-01-25 04:20:00,22,34.32
9173,351,150,87,2026-01-25 04:28:00,8,14.86
1885,304,221,56,2026-01-25 04:35:00,41,66.7
3369,187,2,187,2026-01-25 04:37:00,48,75.42
2063,284,227,140,2026-01-25 04:45:00,25,42.09
11629,350,171,45,2026-01-25 04:47:00,58,91.81
7191,156,181,71,2026-01-25 04:52:00,36,60.82
17046,19,53,45,2026-01-25 04:55:00,43,69.37
14885,450,30,223,2026-01-25 04:57:00,16,27.0
580,313,137,64,2026-01-25 05:17:00,15,25.84
19966,404,225,104,2026-01-25 05:22:00,17,29.62
15045,343,33,218,2026-01-25 05:29:00,6,8.98
6963,322,103,209,2026-01-25 05:34:00,29,42.87
17454,136,37,241,2026-01-25 05:36:00,40,61.61
12714,471,22,138,2026-01-25 05:39:00,29,48.29
6644,351,174,46,2026-01-25 05:43:00,33,53.89
7967,104,54,119,2026-01-25 05:53:00,16,26.82
4545,199,146,174,2026-01-25 06:01:00,9,17.17
13912,364,127,224,2026-01-25 06:06:00,16,24.87
18673,116,22,125,2026-01-25 06:07:00,51,83.01
2626,420,81,171,2026-01-25 06:07:00,16,27.08
6075,252,150,1,2026-01-25 06:14:00,54,85.91
2265,141,32,108,2026-01-25 06:22:00,46,74.82
13013,402,2,225,2026-01-25 06:46:00,51,77.81
154,121,19,16,2026-01-25 06:49:00,15,26.41
15489,283,6,112,2026-01-25 06:54:00,17,29.09
791,402,117,37,2026-01-25 06:55:00,47,74.71
10693,180,124,157,2026-01-25 07:03:00,25,40.87
16828,431,127,5,2026-01-25 07:05:00,29,47.44
9861,16,120,200,2026-01-25 07:07:00,32,54.33
3076,392,25,28,2026-01-25 07:10:00,18,32.24
2274,70,99,261,2026-01-25 07:11:00,58,86.88
5721,242,32,187,2026-01-25 07:14:00,47,73.02
9583,390,71,170,2026-01-25 07:18:00,56,87.89
13175,430,31,161,2026-01-25 07:20:00,52,80.45
19696,324,123,215,2026-01-25 07:41:00,18,28.84
19669,367,252,94,2026-01-25 07:42:00,17,27.46
3685,478,13,166,2026-01-25 07:44:00,6,12.22
5439,295,228,14,2026-01-25 07:54:00,20,34.48
15200,266,244,10,2026-01-25 08:03:00,51,80.4
8655,110,32,4,2026-01-25 08:14:00,16,25.93
12337,35,232,161,2026-01-25 08:18:00,41,66.7
15289,73,117,46,2026-01-25 08:36:00,11,25.13
8838,455,197,20,2026-01-25 08:43:00,8,16.01
11772,260,83,255,2026-01-25 09:00:00,46,74.23
17053,373,200,71,2026-01-25 09:16:00,8,14.32
484,14,195,61,2026-01-25 09:33:00,53,82.89
9658,27,16,115,2026-01-25 09:33:00,41,65.59
11755,30,56,260,2026-01-25 09:42:00,34,53.58
586,306,64,124,2026-01-25 09:44:00,28,47.72
7645,259,171,155,2026-01-25 09:58:00,41,65.28
18344,350,156,124,2026-01-25 10:03:00,58,86.97
8450,323,63,59,2026-01-25 10:25:00,43,66.62
4592,247,218,196,2026-01-25 10:31:00,25,40.81
3091,453,107,157,2026-01-25 10:47:00,57,86.43
11863,104,229,236,2026-01-25 10:50:00,9,15.67
14210,342,27,4,2026-01-25 10:58:00,56,86.14
2978,234,227,218,2026-01-25 11:14:00,13,19.44
16776,400,92,70,2026-01-25 11:19:00,11,20.02
10953,433,9,6,2026-01-25 11:27:00,10,19.28
8919,398,156,220,2026-01-25 11:49:00,41,64.69
10391,131,5,205,2026-01-25 11:51:00,14,21.06
11985,10,142,74,2026-01-25 12:05:00,18,31.41
6097,97,259,123,2026-01-25 12:08:00,16,25.68
171,313,142,23,2026-01-25 12:13:00,27,43.44
16871,19,254,69,2026-01-25 12:14:00,38,60.67
11934,60,117,15,2026-01-25 12:15:00,35,53.94
10673,88,125,22,2026-01-25 12:18:00,5,9.39
5320,452,211,90,2026-01-25 12:22:00,24,40.07
5170,336,10,171,2026-01-25 12:42:00,26,40.91
7203,236,86,77,2026-01-25 12:50:00,23,34.09
16179,479,203,110,2026-01-25 12:54:00,40,65.11
5526,406,166,139,2026-01-25 12:57:00,33,51.61
6527,477,180,74,2026-01-25 13:01:00,50,74.66
7830,497,159,48,2026-01-25 13:03:00,15,23.38
8656,412,29,175,2026-01-25 13:13:00,7,15.7
5760,304,139,40,2026-01-25 13:17:00,14,21.5
2435,141,127,94,2026-01-25 13:18:00,35,52.66
3006,459,104,196,2026-01-25 13:30:00,8,13.28
12873,202,198,125,2026-01-25 13:30:00,22,36.13
13961,463,230,197,2026-01-25 13:37:00,28,42.62
13300,343,234,64,2026-01-25 13:40:00,13,22.65
3648,352,77,58,2026-01-25 13:43:00,32,50.24
8612,319,188,221,2026-01-25 13:45:00,10,20.12
8731,338,231,92,2026-01-25 13:52:00,43,64.66
15776,154,118,257,2026-01-25 13:56:00,40,63.57
18638,16,46,122,2026-01-25 14:05:00,10,16.14
19440,121,176,205,2026-01-25 14:12:00,13,21.39
6613,99,193,28,2026-01-25 14:12:00,32,53.43
7544,154,14,180,2026-01-25 14:14:00,38,55.35
4932,77,112,171,2026-01-25 14:14:00,31,52.75
2103,413,93,90,2026-01-25 14:19:00,41,63.17
11460,113,228,203,2026-01-25 14:20:00,18,27.44
17843,475,201,4,2026-01-25 14:28:00,25,41.19
13835,96,77,17,2026-01-25 14:32:00,23,38.81
7756,94,4,74,2026-01-25 14:33:00,14,23.57
1460,119,192,31,2026-01-25 14:40:00,29,47.83
19854,295,108,101,2026-01-25 14:46:00,34,55.4
10661,315,207,155,2026-01-25 15:02:00,36,55.66
4745,426,199,110,2026-01-25 15:03:00,59,95.07
7260,480,126,234,2026-01-25 15:05:00,43,66.86
2676,308,255,45,2026-01-25 15:08:00,6,13.92
13200,253,9,245,2026-01-25 15:12:00,32,51.24
4690,128,103,210,2026-01-25 15:16:00,46,73.39
18612,310,154,123,2026-01-25 15:17:00,30,50.69
8835,195,14,176,2026-01-25 15:27:00,42,66.92
8284,34,162,49,2026-01-25 15:35:00,44,72.76
9305,7,259,33,2026-01-25 15:38:00,7,15.52
17717,177,220,239,2026-01-25 15:41:00,55,81.41
2674,42,107,10,2026-01-25 15:46:00,11,19.59
4684,155,86,134,2026-01-25 15:46:00,28,48.08
9765,282,178,95,2026-01-25 15:49:00,43,65.34
13644,381,78,105,2026-01-25 16:02:00,59,92.76
17665,198,13,110,2026-01-25 16:04:00,17,28.58
5402,343,212,45,2026-01-25 16:05:00,5,12.07
3692,357,34,163,2026-01-25 16:16:00,8,13.63
1985,49,166,263,2026-01-25 16:25:00,46,72.32
972,358,4,163,2026-01-25 16:38:00,14,24.18
16716,171,230,257,2026-01-25 16:47:00,35,53.89
5771,362,186,218,2026-01-25 16:54:00,52,80.58
16485,349,106,184,2026-01-25 17:02:00,10,18.76
16171,365,121,177,2026-01-25 17:05:00,13,22.17
16445,125,108,195,2026-01-25 17:12:00,11,20.31
13741,294,153,45,2026-01-25 17:33:00,8,16.49
5834,159,27,157,2026-01-25 17:33:00,41,65.18
633,369,92,114,2026-01-25 17:53:00,18,26.61
13004,298,32,87,2026-01-25 18:11:00,49,80.22
1033,458,169,49,2026-01-25 18:12:00,34,54.69
3308,208,166,260,2026-01-25 18:19:00,27,44.98
5437,190,162,18,2026-01-25 18:21:00,20,35.05
11683,438,59,252,2026-01-25 18:23:00,47,75.77
661,253,221,38,2026-01-25 18:26:00,17,30.58
15627,462,156,84,2026-01-25 18:29:00,46,72.82
17022,494,232,235,2026-01-25 18:30:00,45,69.18
4846,313,77,72,2026-01-25 18:31:00,17,27.96
14189,296,48,145,2026-01-25 18:31:00,34,57.3
3938,344,254,173,2026-01-25 18:54:00,52,79.81
3333,187,89,169,2026-01-25 18:54:00,39,61.58
14853,341,37,81,2026-01-25 18:59:00,8,16.78
15754,117,161,26,2026-01-25 19:11:00,33,56.98
11515,183,31,134,2026-01-25 19:27:00,59,93.77
398,381,152,223,2026-01-25 19:27:00,27,43.74
1677,215,1,110,2026-01-25 19:30:00,57,89.55
13180,444,19,80,2026-01-25 19:35:00,49,79.09
14957,66,121,50,2026-01-25 19:41:00,56,86.11
17565,76,253,24,2026-01-25 19:46:00,27,47.29
17681,409,36,118,2026-01-25 19:46:00,48,74.15
9154,466,7,238,2026-01-25 19:55:00,15,26.66
10893,267,32,57,2026-01-25 20:01:00,12,21.92
17157,500,124,172,2026-01-25 20:07:00,56,86.88
15232,300,124,94,2026-01-25 20:13:00,56,87.36
12523,268,18,263,2026-01-25 20:24:00,50,76.14
19244,177,181,152,2026-01-25 20:29:00,37,58.32
16307,164,239,112,2026-01-25 20:38:00,56,86.59
10255,384,53,32,2026-01-25 20:39:00,21,33.74
14843,411,30,110,2026-01-25 20:47:00,10,15.83
2539,133,182,106,2026-01-25 21:00:00,58,89.56
8179,112,132,113,2026-01-25 21:01:00,15,25.01
16695,328,130,177,2026-01-25 21:05:00,34,55.22
15058,254,176,192,2026-01-25 21:06:00,59,89.13
15926,306,198,199,2026-01-25 21:09:00,8,15.42
9402,270,32,210,2026-01-25 21:16:00,42,68.2
19922,133,55,64,2026-01-25 21:18:00,59,93.54
4247,372,225,177,2026-01-25 21:28:00,5,6.7
4006,198,59,2,2026-01-25 21:38:00,32,47.93
18978,195,132,62,2026-01-25 21:51:00,33,52.21
16438,253,68,117,2026-01-25 21:51:00,40,60.72
4171,142,28,217,2026-01-25 21:59:00,52,81.09
5279,119,166,194,2026-01-25 22:06:00,33,54.23
12843,78,206,229,2026-01-25 22:12:00,60,92.5
4501,258,74,103,2026-01-25 22:25:00,40,64.71
6813,479,247,28,2026-01-25 22:28:00,60,96.76
18706,475,112,91,2026-01-25 22:28:00,56,89.72
5461,262,58,265,2026-01-25 22:31:00,47,75.52
13946,117,101,103,2026-01-25 22:43:00,13,20.37
509,309,48,213,2026-01-25 22:59:00,46,71.1
8418,40,245,140,2026-01-25 23:02:00,52,80.12
19535,135,185,258,2026-01-25 23:04:00,24,41.07
17243,496,242,261,2026-01-25 23:09:00,5,6.78
3547,22,169,152,2026-01-25 23:13:00,15,24.07
8542,137,9,114,2026-01-25 23:36:00,60,91.0
418,151,217,17,2026-01-25 23:45:00,29,46.63
9540,438,38,72,2026-01-25 23:50:00,42,64.65
13484,180,18,2,2026-01-26 00:04:00,10,15.89
3963,108,69,8,2026-01-26 00:22:00,51,79.7
12665,346,261,114,2026-01-26 00:26:00,29,47.33
8472,265,220,146,2026-01-26 00:31:00,12,21.24
12176,240,179,85,2026-01-26 00:34:00,36,58.56
8376,294,67,200,2026-01-26 00:50:00,46,72.4
8018,402,96,14,2026-01-26 01:08:00,34,50.86
5871,21,136,208,2026-01-26 01:12:00,49,73.54
9996,485,109,249,2026-01-26 01:13:00,51,77.57
7338,66,91,221,2026-01-26 01:23:00,13,24.46
8747,327,167,106,2026-01-26 01:33:00,60,91.38
18773,205,52,252,2026-01-26 01:34:00,19,31.73
16048,482,56,149,2026-01-26 01:37:00,56,87.21
13991,374,229,240,2026-01-26 01:39:00,20,31.82
7492,129,10,262,2026-01-26 01:41:00,31,52.15
11965,382,11,163,2026-01-26 01:41:00,34,54.75
14833,398,22,252,2026-01-26 01:47:00,17,31.2
11964,133,124,235,2026-01-26 01:48:00,27,45.78
14236,307,181,110,2026-01-26 01:53:00,20,34.72
13980,234,262,224,2026-01-26 01:56:00,21,36.63
18700,386,173,181,2026-01-26 02:05:00,50,76.72
19216,19,58,69,2026-01-26 02:19:00,40,58.99
13993,72,253,147,2026-01-26 02:22:00,46,71.5
17941,64,16,84,2026-01-26 02:35:00,29,46.3
15288,34,60,113,2026-01-26 02:42:00,21,33.87
4564,248,12,104,2026-01-26 02:42:00,33,56.06
6438,60,64,50,2026-01-26 02:45:00,7,9.42
15050,464,91,10,2026-01-26 03:00:00,38,59.63
17308,278,133,34,2026-01-26 03:03:00,13,23.42
18452,328,189,93,2026-01-26 03:06:00,57,89.53
1848,17,146,123,2026-01-26 03:41:00,56,86.95
6669,418,17,115,2026-01-26 03:49:00,59,91.95
2904,88,260,164,2026-01-26 03:53:00,28,44.26
10744,462,78,1,2026-01-26 04:21:00,51,78.96
19738,366,78,27,2026-01-26 04:40:00,22,36.46
4701,183,74,138,2026-01-26 04:50:00,53,79.41
8609,121,44,102,2026-01-26 04:59:00,24,40.23
3612,282,208,13,2026-01-26 04:59:00,40,60.8
11873,70,234,158,2026-01-26 05:02:00,49,77.44
6126,209,63,48,2026-01-26 05:07:00,29,47.02
17664,142,225,253,2026-01-26 05:23:00,36,56.5
10700,479,13,93,2026-01-26 05:29:00,11,17.69
17082,476,46,176,2026-01-26 05:40:00,10,18.28
3627,59,253,259,2026-01-26 05:47:00,17,28.11
9362,321,182,71,2026-01-26 05:48:00,34,52.25
7302,269,95,50,2026-01-26 05:50:00,15,26.06
6739,399,51,210,2026-01-26 05:54:00,25,42.05
5190,236,256,117,2026-01-26 06:07:00,50,77.88
1948,272,40,154,2026-01-26 06:15:00,20,30.32
13010,338,190,3,2026-01-26 06:18:00,20,34.41
711,336,143,253,2026-01-26 06:33:00,39,58.73
9265,135,112,55,2026-01-26 06:46:00,15,27.46
13629,59,85,181,2026-01-26 06:47:00,35,57.29
2465,66,169,244,2026-01-26 06:49:00,41,65.47
16037,104,105,138,2026-01-26 06:57:00,53,81.65
4639,321,150,73,2026-01-26 07:04:00,20,33.35
14794,220,225,225,2026-01-26 07:07:00,51,81.71
6777,378,181,215,2026-01-26 07:09:00,43,63.66
4242,498,34,97,2026-01-26 07:26:00,48,73.79
13557,416,152,177,2026-01-26 07:36:00,43,69.69
16123,189,235,90,2026-01-26 07:41:00,24,35.38
1610,24,113,93,2026-01-26 07:49:00,59,89.38
10985,175,177,178,2026-01-26 07:57:00,56,86.07
16704,378,229,99,2026-01-26 08:00:00,20,32.63
5677,294,116,225,2026-01-26 08:01:00,53,80.99
11523,461,125,41,2026-01-26 08:03:00,38,60.32
12574,45,161,89,2026-01-26 08:04:00,48,78.56
1202,475,25,81,2026-01-26 08:10:00,19,28.68
10546,258,188,25,2026-01-26 08:13:00,35,54.36
13510,15,75,24,2026-01-26 08:27:00,37,58.84
1506,175,221,133,2026-01-26 08:31:00,52,83.51
9721,37,215,110,2026-01-26 08:38:00,24,41.27
2866,175,39,134,2026-01-26 08:39:00,10,19.22
1654,467,209,263,2026-01-26 08:46:00,5,10.28
10900,309,167,93,2026-01-26 08:55:00,5,10.46
5713,166,121,173,2026-01-26 09:01:00,46,68.41
7251,151,5,34,2026-01-26 09:04:00,58,92.29
13270,264,248,54,2026-01-26 09:14:00,60,95.44
11124,316,68,7,2026-01-26 09:17:00,46,72.01
3263,205,265,50,2026-01-26 09:23:00,16,25.39
10414,79,15,2,2026-01-26 09:28:00,52,81.05
18273,323,255,225,2026-01-26 09:29:00,5,10.67
10897,18,9,135,2026-01-26 09:52:00,55,86.08
7341,65,264,241,2026-01-26 10:27:00,57,88.58
6486,486,212,202,2026-01-26 10:37:00,51,79.99
818,367,92,160,2026-01-26 10:50:00,38,58.11
10921,457,235,152,2026-01-26 11:23:00,45,69.01
7184,103,52,69,2026-01-26 11:34:00,28,43.58
4718,80,42,105,2026-01-26 11:36:00,20,30.1
18581,382,11,85,2026-01-26 11:52:00,47,73.64
12553,289,191,230,2026-01-26 12:06:00,34,55.93
16478,483,178,35,2026-01-26 12:22:00,18,34.57
11982,239,43,265,2026-01-26 12:31:00,51,79.0
13449,366,67,31,2026-01-26 12:31:00,42,65.38
1951,346,240,234,2026-01-26 12:33:00,23,36.9
6421,449,181,82,2026-01-26 12:36:00,12,24.71
12493,59,240,59,2026-01-26 12:40:00,22,37.9
19332,84,245,85,2026-01-26 12:42:00,8,12.41
2208,237,97,111,2026-01-26 12:59:00,42,70.13
9187,463,174,127,2026-01-26 13:02:00,36,54.93
6280,134,120,215,2026-01-26 13:03:00,17,28.87
17722,446,52,75,2026-01-26 13:04:00,51,77.59
18505,256,227,106,2026-01-26 13:05:00,44,69.97
19038,198,109,187,2026-01-26 13:09:00,55,85.68
16066,67,103,31,2026-01-26 13:13:00,33,50.97
19942,486,96,38,2026-01-26 13:16:00,16,26.1
15244,358,170,120,2026-01-26 13:23:00,18,32.69
4600,375,39,80,2026-01-26 13:28:00,17,30.0
9311,238,118,92,2026-01-26 13:30:00,28,45.64
18797,234,172,124,2026-01-26 13:31:00,40,60.65
5833,405,41,246,2026-01-26 13:52:00,60,91.77
14259,490,227,195,2026-01-26 13:53:00,14,25.37
4480,424,116,66,2026-01-26 13:59:00,6,13.06
11050,136,50,205,2026-01-26 14:05:00,33,55.15
7340,296,108,114,2026-01-26 14:10:00,26,43.91
4081,490,191,182,2026-01-26 14:10:00,16,27.54
8318,286,72,195,2026-01-26 14:19:00,21,39.03
14975,267,220,68,2026-01-26 14:30:00,37,56.77
1212,98,124,162,2026-01-26 14:34:00,41,66.09
3560,97,242,109,2026-01-26 14:38:00,8,13.57
11908,415,217,58,2026-01-26 14:42:00,13,20.53
13742,5,52,117,2026-01-26 14:48:00,28,43.87
1341,261,41,210,2026-01-26 15:01:00,45,69.59
12289,467,142,144,2026-01-26 15:02:00,57,88.29
5615,169,156,27,2026-01-26 15:16:00,7,13.91
17654,187,188,132,2026-01-26 15:34:00,51,81.48
4117,339,108,106,2026-01-26 15:38:00,44,69.22
16555,143,111,47,2026-01-26 15:41:00,60,92.59
1299,105,15,54,2026-01-26 15:43:00,60,92.31
5845,201,186,35,2026-01-26 16:05:00,59,88.25
13779,288,53,182,2026-01-26 16:08:00,47,75.35
2799,385,215,218,2026-01-26 16:08:00,55,85.57
15799,442,244,8,2026-01-26 16:27:00,15,27.68
15450,215,28,118,2026-01-26 16:35:00,47,70.36
16489,159,220,199,2026-01-26 16:39:00,19,31.19
299,27,101,20,2026-01-26 16:49:00,43,67.85
898,459,102,38,2026-01-26 16:51:00,32,49.56
241,254,158,208,2026-01-26 16:58:00,35,55.4
16680,221,260,63,2026-01-26 17:02:00,49,76.31
11339,403,7,56,2026-01-26 17:03:00,49,73.38
9375,382,186,127,2026-01-26 17:20:00,58,88.16
5384,370,250,179,2026-01-26 17:20:00,11,18.01
4983,3,31,139,2026-01-26 17:21:00,18,27.41
7027,410,66,190,2026-01-26 17:24:00,51,76.93
17875,138,49,153,2026-01-26 17:24:00,56,88.18
7579,5,82,126,2026-01-26 17:26:00,23,37.59
17514,316,184,139,2026-01-26 17:28:00,12,19.48
12045,62,138,143,2026-01-26 17:33:00,22,38.32
10005,360,24,154,2026-01-26 17:40:00,44,69.92
5476,177,70,37,2026-01-26 17:43:00,9,16.23
1638,449,63,215,2026-01-26 17:44:00,30,47.17
2925,267,27,66,2026-01-26 17:45:00,10,21.44
9001,63,208,126,2026-01-26 17:48:00,28,42.55
12320,330,22,202,2026-01-26 17:53:00,55,88.89
3739,278,57,102,2026-01-26 17:55:00,7,11.72
14021,204,244,172,2026-01-26 17:56:00,24,41.59
14187,223,51,76,2026-01-26 18:12:00,34,54.31
5581,113,226,257,2026-01-26 18:18:00,55,86.87
18381,50,123,42,2026-01-26 18:20:00,43,69.42
15386,87,173,58,2026-01-26 18:22:00,7,13.22
19047,357,171,32,2026-01-26 18:24:00,42,64.49
18730,488,104,144,2026-01-26 18:31:00,31,47.53
9289,12,66,112,2026-01-26 18:46:00,8,15.29
10433,209,22,166,2026-01-26 18:46:00,30,44.96
11300,423,232,202,2026-01-26 19:02:00,37,59.42
13924,221,2,100,2026-01-26 19:05:00,45,67.84
12021,474,104,129,2026-01-26 19:06:00,13,20.13
10291,383,10,206,2026-01-26 19:10:00,41,65.48
10840,313,170,169,2026-01-26 19:13:00,33,52.47
2463,65,160,82,2026-01-26 19:13:00,10,18.84
10657,256,230,102,2026-01-26 19:27:00,38,63.22
16552,348,246,259,2026-01-26 20:03:00,54,84.52
4063,158,108,5,2026-01-26 20:06:00,15,28.75
11761,354,87,14,2026-01-26 20:11:00,25,38.65
308,402,158,136,2026-01-26 20:14:00,40,65.06
5547,245,134,217,2026-01-26 20:23:00,54,86.01
13723,71,191,186,2026-01-26 20:26:00,33,46.88
9295,237,107,151,2026-01-26 20:39:00,37,57.47
12279,190,46,230,2026-01-26 20:39:00,59,92.25
16545,173,211,196,2026-01-26 20:48:00,14,25.01
10956,34,259,59,2026-01-26 20:54:00,48,75.6
2112,371,70,204,2026-01-26 20:56:00,34,53.78
18904,288,188,100,2026-01-26 21:01:00,16,24.9
6136,293,149,109,2026-01-26 21:03:00,47,73.52
16889,62,260,180,2026-01-26 21:04:00,7,15.1
18776,428,83,128,2026-01-26 21:13:00,29,42.7
17356,258,56,195,2026-01-26 21:28:00,17,31.27
1557,114,2,54,2026-01-26 21:28:00,48,72.76
1850,385,101,4,2026-01-26 21:29:00,5,10.34
18569,188,220,250,2026-01-26 21:48:00,28,44.37
925,214,46,14,2026-01-26 21:50:00,48,75.39
14972,46,92,194,2026-01-26 21:52:00,56,87.69
11423,372,22,141,2026-01-26 21:58:00,37,61.94
17752,499,9,56,2026-01-26 22:03:00,55,82.78
16211,346,195,174,2026-01-26 22:09:00,46,69.11
8873,253,96,207,2026-01-26 22:15:00,24,38.8
9774,296,106,55,2026-01-26 22:15:00,51,79.78
15687,312,204,141,2026-01-26 22:20:00,60,92.74
15590,154,162,246,2026-01-26 22:23:00,32,47.07
10781,221,55,197,2026-01-26 22:31:00,50,79.65
11378,192,203,190,2026-01-26 22:32:00,22,36.56
17064,154,77,102,2026-01-26 22:35:00,13,23.2
13616,456,224,172,2026-01-26 22:46:00,42,64.43
5006,461,124,179,2026-01-26 22:48:00,15,24.72
3178,449,117,135,2026-01-26 22:50:00,19,33.56
10338,415,161,58,2026-01-26 23:06:00,15,27.68
16295,194,196,245,2026-01-26 23:14:00,7,12.59
16616,112,134,132,2026-01-26 23:25:00,25,38.02
7312,11,117,12,2026-01-26 23:27:00,45,70.74
11023,98,157,129,2026-01-26 23:34:00,45,72.64
16764,209,62,58,2026-01-26 23:42:00,38,60.27
11347,467,227,147,2026-01-26 23:43:00,44,67.89
4766,420,242,256,2026-01-26 23:50:00,54,84.54
18781,444,103,257,2026-01-26 23:57:00,15,25.41
2149,343,167,61,2026-01-26 23:57:00,36,56.89
9448,395,137,33,2026-01-27 00:01:00,58,92.29
18595,53,255,76,2026-01-27 00:09:00,40,61.64
9329,41,259,22,2026-01-27 00:10:00,35,55.91
337,337,39,8,2026-01-27 00:15:00,48,76.38
7481,300,240,5,2026-01-27 00:17:00,52,80.32
19773,197,226,226,2026-01-27 00:18:00,58,88.93
13381,257,162,103,2026-01-27 00:18:00,60,94.61
11120,170,253,229,2026-01-27 00:20:00,29,46.43
4092,283,59,58,2026-01-27 00:23:00,17,26.54
17621,85,47,202,2026-01-27 00:28:00,21,36.85
4518,369,14,159,2026-01-27 00:28:00,17,29.31
1157,4,48,173,2026-01-27 00:31:00,17,25.09
11000,219,119,33,2026-01-27 00:38:00,36,56.43
3248,290,96,237,2026-01-27 00:40:00,8,13.5
8366,44,244,183,2026-01-27 00:47:00,35,60.36
16103,73,255,77,2026-01-27 00:51:00,58,93.65
15451,335,6,258,2026-01-27 00:55:00,10,15.03
8590,63,81,1,2026-01-27 00:56:00,16,25.64
707,334,110,171,2026-01-27 01:00:00,5,15.57
7973,300,174,222,2026-01-27 01:05:00,55,82.96
11760,311,126,214,2026-01-27 01:18:00,22,33.69
18126,333,83,191,2026-01-27 01:19:00,57,90.96
18996,276,129,137,2026-01-27 01:36:00,11,19.37
15716,461,256,22,2026-01-27 01:37:00,5,6.63
17667,148,28,39,2026-01-27 01:39:00,10,16.84
18869,466,240,46,2026-01-27 01:54:00,17,27.64
16234,90,17,96,2026-01-27 01:55:00,30,47.11
7571,357,226,220,2026-01-27 02:00:00,30,46.48
5829,196,40,169,2026-01-27 02:03:00,42,66.74
12147,105,185,165,2026-01-27 02:06:00,8,15.79
8781,414,76,249,2026-01-27 02:09:00,15,25.21
6206,399,234,261,2026-01-27 02:09:00,39,59.96
9908,495,151,138,2026-01-27 02:10:00,26,40.92
9579,17,113,81,2026-01-27 02:10:00,42,68.1
13467,160,199,101,2026-01-27 02:19:00,44,72.88
12374,63,92,5,2026-01-27 02:34:00,29,43.43
3289,118,241,117,2026-01-27 02:35:00,47,75.3
16682,491,13,134,2026-01-27 02:38:00,21,36.8
8602,46,188,78,2026-01-27 02:46:00,55,84.02
12637,194,128,65,2026-01-27 02:49:00,47,73.56
3600,317,183,49,2026-01-27 02:59:00,21,36.1
3198,61,97,103,2026-01-27 03:03:00,44,67.03
4218,144,43,257,2026-01-27 03:09:00,33,52.88
19771,228,181,193,2026-01-27 03:12:00,43,70.93
14984,10,21,77,2026-01-27 03:14:00,18,29.26
19544,203,162,243,2026-01-27 03:29:00,10,19.92
18962,313,191,32,2026-01-27 03:33:00,31,50.26
17920,179,123,1,2026-01-27 03:33:00,12,22.79
17780,451,250,217,2026-01-27 03:45:00,53,84.07
18930,383,167,221,2026-01-27 03:52:00,54,84.92
5040,230,218,1,2026-01-27 03:59:00,57,91.92
7608,304,84,91,2026-01-27 04:00:00,50,78.89
18006,88,85,183,2026-01-27 04:01:00,7,12.47
13292,121,115,238,2026-01-27 04:08:00,51,77.97
16329,129,217,247,2026-01-27 04:18:00,46,69.16
4723,145,262,91,2026-01-27 04:21:00,37,61.72
144,446,23,46,2026-01-27 04:32:00,19,32.0
17191,72,79,221,2026-01-27 04:43:00,13,22.74
12575,57,226,180,2026-01-27 04:49:00,39,59.95
14527,110,135,102,2026-01-27 05:07:00,59,92.16
1146,469,4,47,2026-01-27 05:10:00,19,35.17
5491,422,123,46,2026-01-27 05:12:00,26,41.41
16360,52,155,113,2026-01-27 05:15:00,49,76.07
9882,250,245,79,2026-01-27 05:25:00,17,30.95
2812,200,160,60,2026-01-27 05:28:00,34,53.16
2688,205,57,173,2026-01-27 05:30:00,59,90.46
11656,324,131,248,2026-01-27 05:35:00,41,68.25
4418,427,129,129,2026-01-27 05:35:00,29,46.89
7388,152,256,2,2026-01-27 06:05:00,49,74.06
19848,64,51,176,2026-01-27 06:07:00,9,14.95
19265,225,27,106,2026-01-27 06:22:00,14,25.04
15337,308,151,256,2026-01-27 06:37:00,14,25.8
10868,234,240,3,2026-01-27 06:38:00,40,62.0
8190,348,211,88,2026-01-27 06:51:00,41,62.39
18353,242,114,84,2026-01-27 06:54:00,28,43.75
12142,304,228,165,2026-01-27 07:10:00,34,54.83
15875,273,73,198,2026-01-27 07:13:00,20,36.22
3855,130,101,244,2026-01-27 07:15:00,38,58.08
13823,226,223,262,2026-01-27 07:16:00,45,70.92
2210,415,251,9,2026-01-27 07:18:00,54,83.7
425,93,187,162,2026-01-27 07:22:00,14,24.88
17747,321,10,11,2026-01-27 07:29:00,55,84.37
10427,329,127,237,2026-01-27 07:32:00,59,91.87
1246,374,241,232,2026-01-27 07:50:00,57,87.09
9224,140,245,64,2026-01-27 08:01:00,9,14.32
13969,4,259,100,2026-01-27 08:13:00,17,30.81
11634,159,159,178,2026-01-27 08:23:00,5,9.81
4056,448,201,262,2026-01-27 08:25:00,19,30.84
13995,443,79,223,2026-01-27 08:26:00,27,41.67
2939,258,175,196,2026-01-27 08:28:00,45,72.21
5536,207,202,35,2026-01-27 08:30:00,15,27.21
14214,314,93,222,2026-01-27 08:44:00,16,24.88
1286,290,221,232,2026-01-27 09:05:00,37,56.94
19840,250,136,140,2026-01-27 09:07:00,39,61.07
4306,47,236,62,2026-01-27 09:11:00,21,32.75
18564,153,162,199,2026-01-27 09:13:00,56,87.7
310,392,122,209,2026-01-27 09:20:00,21,33.93
18016,304,9,230,2026-01-27 09:30:00,52,77.86
9109,128,100,125,2026-01-27 09:32:00,50,77.6
7372,162,116,42,2026-01-27 09:33:00,54,85.01
5554,91,208,96,2026-01-27 09:36:00,48,78.22
3620,462,137,221,2026-01-27 09:36:00,26,45.79
5854,440,220,179,2026-01-27 09:39:00,24,38.14
12678,254,135,94,2026-01-27 09:40:00,56,89.26
19309,223,218,79,2026-01-27 09:41:00,55,86.06
19856,224,4,178,2026-01-27 09:43:00,50,79.49
18916,337,184,14,2026-01-27 09:48:00,55,81.46
14903,475,20,181,2026-01-27 09:57:00,48,75.5
5552,402,46,91,2026-01-27 10:04:00,17,30.77
15430,217,27,233,2026-01-27 10:05:00,42,68.21
18952,146,6,53,2026-01-27 10:27:00,11,18.66
7056,465,198,93,2026-01-27 10:27:00,26,44.43
7605,464,192,144,2026-01-27 10:35:00,6,12.83
12459,355,218,192,2026-01-27 10:36:00,48,74.9
3386,329,228,35,2026-01-27 10:39:00,60,92.3
11209,366,203,186,2026-01-27 10:44:00,48,72.64
5776,149,88,48,2026-01-27 10:52:00,49,76.95
14598,214,12,137,2026-01-27 10:56:00,35,55.11
12345,36,249,82,2026-01-27 10:56:00,28,47.35
16711,317,112,7,2026-01-27 11:08:00,21,32.16
1458,481,38,220,2026-01-27 11:15:00,14,23.81
943,375,28,155,2026-01-27 11:16:00,45,72.08
815,44,96,72,2026-01-27 11:24:00,45,71.66
17080,178,76,108,2026-01-27 11:26:00,13,21.18
17364,12,158,100,2026-01-27 11:32:00,45,70.82
16120,400,24,73,2026-01-27 11:38:00,7,12.94
13815,331,217,29,2026-01-27 11:50:00,50,76.73
390,132,175,81,2026-01-27 11:56:00,9,0.0
16567,226,10,259,2026-01-27 12:13:00,28,47.65
2538,30,115,124,2026-01-27 12:25:00,28,46.23
11324,494,85,103,2026-01-27 12:29:00,34,51.45
12482,337,79,265,2026-01-27 12:35:00,29,48.08
3085,320,117,154,2026-01-27 12:38:00,37,55.81
557,148,8,147,2026-01-27 12:41:00,57,89.83
15735,15,108,170,2026-01-27 12:48:00,17,25.76
18512,198,169,61,2026-01-27 12:50:00,60,94.99
6125,196,24,162,2026-01-27 13:03:00,32,57.67
10475,177,187,132,2026-01-27 13:07:00,60,93.93
4396,59,164,223,2026-01-27 13:08:00,16,27.02
18285,35,53,122,2026-01-27 13:16:00,39,61.13
18227,378,124,230,2026-01-27 13:27:00,22,35.56
10162,46,161,77,2026-01-27 13:30:00,27,44.16
16104,163,96,234,2026-01-27 13:33:00,10,18.42
4655,77,34,63,2026-01-27 13:33:00,60,94.07
13802,73,107,189,2026-01-27 13:33:00,51,82.09
16915,340,199,173,2026-01-27 13:47:00,19,31.9
2950,428,241,48,2026-01-27 14:23:00,44,68.35
10572,75,129,138,2026-01-27 14:29:00,33,54.01
5258,86,56,238,2026-01-27 14:40:00,48,73.26
229,196,230,100,2026-01-27 14:44:00,58,90.61
16767,43,133,95,2026-01-27 15:00:00,28,45.25
2576,22,53,262,2026-01-27 15:00:00,30,47.77
3592,342,127,164,2026-01-27 15:02:00,55,81.5
1023,93,158,69,2026-01-27 15:10:00,38,62.24
6926,430,216,197,2026-01-27 15:20:00,43,68.94
8477,162,208,158,2026-01-27 15:20:00,5,7.85
5189,155,149,257,2026-01-27 15:27:00,60,92.32
7432,204,161,168,2026-01-27 15:30:00,22,33.06
1821,66,206,180,2026-01-27 15:36:00,6,13.76
3086,76,96,75,2026-01-27 15:44:00,11,15.68
17787,119,96,99,2026-01-27 15:52:00,26,38.42
5550,96,77,113,2026-01-27 16:28:00,34,52.74
4369,431,115,198,2026-01-27 16:35:00,43,67.09
7846,328,168,203,2026-01-27 16:36:00,37,55.17
3490,238,45,47,2026-01-27 16:36:00,32,50.45
9793,177,260,225,2026-01-27 16:40:00,8,14.41
11929,73,62,257,2026-01-27 16:46:00,8,16.49
18751,18,243,72,2026-01-27 16:54:00,18,36.96
16462,90,46,175,2026-01-27 17:06:00,42,64.13
18850,72,142,102,2026-01-27 17:13:00,57,85.52
11046,23,238,101,2026-01-27 17:16:00,26,45.05
7920,308,147,125,2026-01-27 17:24:00,10,17.13
2440,229,93,5,2026-01-27 17:28:00,25,41.62
12257,480,25,71,2026-01-27 17:36:00,23,37.13
12245,180,108,254,2026-01-27 17:44:00,27,43.26
8538,476,172,76,2026-01-27 17:53:00,54,84.58
19655,236,80,208,2026-01-27 17:57:00,27,41.96
6587,281,99,143,2026-01-27 18:04:00,44,67.16
19154,481,211,89,2026-01-27 18:12:00,9,14.84
8420,277,181,26,2026-01-27 18:13:00,54,84.05
12838,151,88,47,2026-01-27 18:21:00,27,41.47
11836,33,35,102,2026-01-27 18:34:00,60,90.09
16528,447,228,172,2026-01-27 18:38:00,32,49.54
18502,342,153,204,2026-01-27 18:47:00,53,81.35
15952,37,125,91,2026-01-27 18:52:00,29,47.1
10617,306,183,33,2026-01-27 19:02:00,44,70.98
14416,300,142,111,2026-01-27 19:25:00,11,18.94
5959,153,185,121,2026-01-27 19:26:00,14,24.71
12827,112,142,96,2026-01-27 19:37:00,16,24.89
15940,178,249,229,2026-01-27 20:02:00,25,39.58
10245,300,152,73,2026-01-27 20:05:00,11,18.64
2254,115,204,218,2026-01-27 20:08:00,41,64.17
4693,158,194,175,2026-01-27 20:08:00,9,15.47
7130,274,147,14,2026-01-27 20:09:00,44,65.28
10306,74,257,98,2026-01-27 20:25:00,59,92.18
7023,216,5,242,2026-01-27 20:26:00,20,31.51
4717,130,48,90,2026-01-27 20:28:00,30,45.03
18610,69,4,202,2026-01-27 20:35:00,25,44.41
15758,478,188,205,2026-01-27 20:37:00,60,96.75
10218,225,12,143,2026-01-27 20:40:00,7,14.29
18078,387,137,134,2026-01-27 20:42:00,21,34.13
15550,419,239,49,2026-01-27 20:43:00,40,61.27
18953,155,56,256,2026-01-27 20:44:00,53,85.06
2219,380,191,109,2026-01-27 20:45:00,15,25.14
1658,352,6,153,2026-01-27 20:46:00,50,77.66
6002,179,174,154,2026-01-27 20:47:00,36,58.68
11919,153,246,263,2026-01-27 20:51:00,9,16.6
3895,470,170,1,2026-01-27 20:52:00,45,68.94
750,372,223,69,2026-01-27 20:54:00,52,84.66
10136,284,229,41,2026-01-27 20:56:00,12,19.84
11544,147,8,147,2026-01-27 21:06:00,42,64.07
15400,37,15,52,2026-01-27 21:10:00,22,36.14
4598,263,175,71,2026-01-27 21:14:00,10,16.69
6652,439,65,22,2026-01-27 21:16:00,54,84.88
14439,490,26,204,2026-01-27 21:17:00,34,52.63
6541,63,197,152,2026-01-27 21:19:00,5,9.53
4871,414,250,189,2026-01-27 21:26:00,32,51.28
15928,57,156,159,2026-01-27 21:32:00,10,18.5
10577,430,256,232,2026-01-27 21:35:00,39,65.02
13585,8,107,264,2026-01-27 21:51:00,59,93.23
1679,48,40,181,2026-01-27 21:56:00,22,39.18
1178,17,182,236,2026-01-27 22:00:00,11,15.18
16137,57,250,133,2026-01-27 22:11:00,16,27.86
10343,187,219,27,2026-01-27 22:15:00,23,39.09
2317,232,100,22,2026-01-27 22:24:00,30,42.66
1959,316,27,237,2026-01-27 22:34:00,12,22.15
10323,3,236,28,2026-01-27 22:36:00,54,82.78
14886,287,62,34,2026-01-27 22:37:00,36,57.35
3057,103,246,114,2026-01-27 22:38:00,49,74.41
17333,195,154,189,2026-01-27 22:39:00,19,28.71
13606,169,170,243,2026-01-27 22:50:00,25,41.76
7929,239,257,139,2026-01-27 22:51:00,52,77.45
4155,209,42,69,2026-01-27 22:53:00,44,63.41
11551,11,46,124,2026-01-27 23:00:00,35,52.52
93,135,188,92,2026-01-27 23:01:00,18,29.02
11824,451,150,170,2026-01-27 23:06:00,50,78.76
3599,310,122,185,2026-01-27 23:08:00,40,61.7
18194,144,220,9,2026-01-27 23:20:00,22,35.87
10129,10,40,46,2026-01-27 23:23:00,10,17.09
19087,15,107,210,2026-01-27 23:23:00,32,51.98
19760,244,197,196,2026-01-27 23:28:00,9,15.24
12056,379,204,128,2026-01-27 23:32:00,21,35.22
6221,245,207,53,2026-01-27 23:38:00,58,88.98
16072,473,81,16,2026-01-27 23:57:00,25,36.57
1722,399,7,146,2026-01-27 23:59:00,52,79.73
13293,151,230,50,2026-01-28 00:05:00,13,22.46
2853,408,195,85,2026-01-28 00:23:00,5,9.36
18532,122,38,264,2026-01-28 00:23:00,25,39.92
7837,21,212,114,2026-01-28 00:42:00,21,35.46
1055,473,41,55,2026-01-28 00:42:00,20,32.95
6686,50,117,245,2026-01-28 00:45:00,10,18.08
16136,296,92,265,2026-01-28 01:06:00,19,31.89
4886,119,160,106,2026-01-28 01:07:00,59,89.71
1761,432,4,175,2026-01-28 01:16:00,7,14.46
9006,22,174,233,2026-01-28 01:25:00,39,61.0
9662,123,137,78,2026-01-28 01:46:00,52,81.05
680,168,54,54,2026-01-28 01:56:00,45,70.47
3970,180,233,103,2026-01-28 02:00:00,57,85.83
9331,323,10,253,2026-01-28 02:03:00,27,43.08
6621,199,107,29,2026-01-28 02:15:00,52,85.2
11454,234,175,119,2026-01-28 02:19:00,39,60.33
4523,351,40,176,2026-01-28 02:21:00,32,48.53
10418,21,70,71,2026-01-28 02:45:00,38,58.47
8505,383,211,141,2026-01-28 02:58:00,9,12.9
135,413,187,65,2026-01-28 03:04:00,54,83.83
11282,450,227,55,2026-01-28 03:07:00,51,77.68
3642,148,171,50,2026-01-28 03:18:00,54,81.45
19693,494,264,257,2026-01-28 03:19:00,42,68.72
9505,355,207,101,2026-01-28 03:34:00,6,11.54
17004,91,230,143,2026-01-28 03:45:00,55,86.15
4257,362,123,161,2026-01-28 04:38:00,11,19.32
9398,21,114,199,2026-01-28 04:40:00,24,40.78
10948,456,121,229,2026-01-28 04:41:00,56,86.33
14405,394,15,131,2026-01-28 04:43:00,58,90.04
4716,202,176,48,2026-01-28 04:52:00,23,41.24
14222,81,107,211,2026-01-28 05:01:00,29,43.83
2082,27,258,32,2026-01-28 05:01:00,28,45.02
16358,371,15,5,2026-01-28 05:01:00,12,20.74
16475,48,54,209,2026-01-28 05:02:00,21,34.28
16921,19,188,48,2026-01-28 05:06:00,42,62.6
16527,170,75,198,2026-01-28 05:07:00,38,62.23
11933,310,126,258,2026-01-28 05:07:00,18,28.07
16142,500,130,157,2026-01-28 05:10:00,60,93.36
7392,239,243,234,2026-01-28 05:14:00,21,32.38
17003,50,19,64,2026-01-28 05:20:00,28,44.25
1684,382,30,158,2026-01-28 05:24:00,9,18.62
16461,486,49,240,2026-01-28 05:33:00,41,65.14
13860,371,192,221,2026-01-28 06:08:00,56,87.25
10328,11,25,108,2026-01-28 06:15:00,48,76.21
4867,352,114,69,2026-01-28 06:20:00,30,47.53
14110,426,99,170,2026-01-28 06:24:00,12,21.15
2764,374,38,34,2026-01-28 06:25:00,30,48.26
9559,241,62,4,2026-01-28 06:41:00,50,76.88
7633,375,208,42,2026-01-28 06:49:00,21,39.3
1490,236,65,147,2026-01-28 06:49:00,15,28.16
19222,426,119,83,2026-01-28 06:55:00,47,74.25
14238,61,61,243,2026-01-28 07:03:00,50,77.58
3142,22,171,198,2026-01-28 07:05:00,45,67.23
13455,16,234,159,2026-01-28 07:10:00,34,53.55
11647,347,78,250,2026-01-28 07:12:00,8,13.2
14768,56,133,208,2026-01-28 07:27:00,16,26.58
3874,253,119,258,2026-01-28 07:36:00,29,45.29
8888,354,207,206,2026-01-28 07:37:00,47,75.42
3818,10,236,263,2026-01-28 07:56:00,21,34.12
10347,165,34,263,2026-01-28 08:44:00,27,42.94
15574,163,161,131,2026-01-28 08:50:00,47,74.57
6896,374,112,214,2026-01-28 08:54:00,38,57.91
2811,151,115,10,2026-01-28 08:55:00,24,36.74
18551,448,191,226,2026-01-28 08:58:00,36,58.71
17694,143,50,45,2026-01-28 09:06:00,44,68.73
7557,149,151,264,2026-01-28 09:16:00,37,61.11
8078,26,9,153,2026-01-28 09:21:00,6,8.58
15452,253,14,37,2026-01-28 09:29:00,19,31.01
10159,2,231,151,2026-01-28 09:29:00,28,46.98
16510,24,71,201,2026-01-28 09:42:00,59,91.78
10915,261,202,2,2026-01-28 09:43:00,37,58.94
5224,88,252,78,2026-01-28 09:53:00,13,22.75
15780,41,187,32,2026-01-28 09:56:00,52,80.08
17832,246,5,245,2026-01-28 09:58:00,58,87.27
1210,35,135,77,2026-01-28 10:07:00,24,37.57
17010,474,200,24,2026-01-28 10:07:00,23,41.08
18941,449,255,135,2026-01-28 10:19:00,32,53.35
10658,287,115,8,2026-01-28 10:21:00,44,70.23
9271,231,100,192,2026-01-28 10:21:00,5,11.28
16612,333,196,50,2026-01-28 10:35:00,52,82.64
6550,15,181,160,2026-01-28 10:45:00,24,34.34
9798,257,78,104,2026-01-28 10:47:00,14,21.85
6184,375,142,245,2026-01-28 10:55:00,33,52.55
44,425,257,153,2026-01-28 11:07:00,8,11.69
2551,209,71,265,2026-01-28 11:13:00,60,91.72
8141,403,64,213,2026-01-28 11:17:00,43,69.64
5623,232,202,259,2026-01-28 11:32:00,33,55.62
5523,321,19,113,2026-01-28 11:33:00,42,68.24
2013,265,22,56,2026-01-28 11:34:00,5,9.97
17195,5,176,170,2026-01-28 11:35:00,54,83.49
7299,400,121,191,2026-01-28 11:51:00,54,79.87
5061,370,261,57,2026-01-28 11:53:00,22,34.13
10665,489,19,250,2026-01-28 12:00:00,17,29.54
8658,253,154,55,2026-01-28 12:02:00,59,87.09
5263,10,109,261,2026-01-28 12:08:00,26,42.93
7169,118,121,173,2026-01-28 12:09:00,8,12.69
4318,410,81,90,2026-01-28 12:26:00,15,26.55
18758,495,233,110,2026-01-28 12:31:00,26,42.2
10913,1,211,226,2026-01-28 12:41:00,48,78.18
19828,362,66,225,2026-01-28 12:47:00,20,30.86
3929,191,256,136,2026-01-28 12:53:00,25,39.36
3058,224,121,115,2026-01-28 13:00:00,6,9.04
4028,300,36,246,2026-01-28 13:04:00,14,25.54
9810,420,76,55,2026-01-28 13:05:00,19,30.85
714,38,76,195,2026-01-28 13:07:00,48,79.18
10362,337,109,68,2026-01-28 13:18:00,32,49.39
13593,348,166,195,2026-01-28 13:36:00,54,83.47
11166,424,111,19,2026-01-28 13:44:00,30,47.68
10934,244,177,129,2026-01-28 13:45:00,31,49.71
15410,373,12,152,2026-01-28 13:50:00,27,41.3
9859,386,162,56,2026-01-28 13:58:00,58,92.0
18742,216,73,148,2026-01-28 14:01:00,13,23.83
1864,217,9,46,2026-01-28 14:03:00,22,38.72
16195,233,60,256,2026-01-28 14:08:00,32,51.7
12421,471,244,108,2026-01-28 14:19:00,31,50.15
15065,422,8,210,2026-01-28 14:38:00,9,0.0
17675,54,193,254,2026-01-28 14:42:00,10,21.04
15922,192,14,74,2026-01-28 14:49:00,19,30.0
17055,106,260,8,2026-01-28 14:50:00,15,24.39
3581,189,159,173,2026-01-28 14:53:00,49,74.62
7403,196,114,64,2026-01-28 14:54:00,18,31.73
15007,69,239,183,2026-01-28 15:01:00,44,67.51
8800,408,207,33,2026-01-28 15:04:00,27,38.61
824,348,34,100,2026-01-28 15:09:00,13,21.95
7333,147,43,257,2026-01-28 15:17:00,44,65.6
1990,170,56,176,2026-01-28 15:22:00,33,51.68
18821,455,72,2,2026-01-28 15:29:00,24,38.87
14854,270,187,173,2026-01-28 15:47:00,42,66.7
15235,414,239,224,2026-01-28 16:03:00,29,47.35
3354,136,140,165,2026-01-28 16:04:00,34,57.34
4004,110,127,168,2026-01-28 16:21:00,56,87.27
6957,273,231,224,2026-01-28 16:25:00,6,12.52
19700,237,62,34,2026-01-28 16:30:00,15,23.46
11955,258,141,78,2026-01-28 16:31:00,33,53.01
2053,29,57,243,2026-01-28 16:37:00,22,34.59
935,86,215,21,2026-01-28 16:48:00,21,35.01
7085,85,252,91,2026-01-28 16:51:00,55,86.63
10215,217,195,155,2026-01-28 16:51:00,19,32.15
9918,161,51,16,2026-01-28 16:54:00,53,82.53
4103,115,117,100,2026-01-28 16:59:00,24,38.81
7793,40,31,91,2026-01-28 17:04:00,36,56.24
19299,392,201,256,2026-01-28 17:13:00,40,62.59
14000,42,110,215,2026-01-28 17:15:00,30,45.25
14308,114,165,154,2026-01-28 17:22:00,53,81.0
5543,402,262,78,2026-01-28 17:25:00,17,31.24
15302,426,181,83,2026-01-28 17:27:00,15,22.97
15936,105,51,69,2026-01-28 17:32:00,11,16.19
12355,296,255,21,2026-01-28 17:46:00,27,43.68
13199,328,79,31,2026-01-28 17:50:00,54,80.65
9192,243,156,146,2026-01-28 18:02:00,41,64.86
19357,211,137,252,2026-01-28 18:02:00,5,12.99
4165,49,68,3,2026-01-28 18:07:00,13,22.96
19633,410,66,140,2026-01-28 18:19:00,59,93.53
14697,359,232,263,2026-01-28 18:33:00,18,31.47
15826,88,220,184,2026-01-28 18:41:00,28,43.97
8603,364,63,227,2026-01-28 18:42:00,7,15.47
12202,194,13,193,2026-01-28 18:53:00,5,10.73
8294,56,62,136,2026-01-28 18:55:00,27,46.15
17337,345,161,36,2026-01-28 18:55:00,59,94.1
18403,71,234,148,2026-01-28 19:00:00,25,38.15
18793,463,30,239,2026-01-28 19:07:00,39,57.66
2245,103,36,141,2026-01-28 19:19:00,35,53.59
16204,227,196,94,2026-01-28 19:22:00,16,29.49
18800,24,45,107,2026-01-28 19:24:00,56,86.82
17222,193,209,190,2026-01-28 19:28:00,35,57.01
11302,319,160,179,2026-01-28 19:38:00,35,52.16
15277,93,157,261,2026-01-28 19:40:00,44,66.86
10279,247,196,42,2026-01-28 20:03:00,29,45.94
12583,388,174,89,2026-01-28 20:08:00,28,45.16
14247,206,4,227,2026-01-28 20:17:00,56,85.57
14043,202,258,166,2026-01-28 20:19:00,7,16.72
15892,458,107,176,2026-01-28 20:37:00,51,76.72
16193,9,265,44,2026-01-28 20:46:00,46,74.38
7101,488,185,81,2026-01-28 20:53:00,54,85.21
12683,60,233,111,2026-01-28 20:54:00,36,58.53
16934,349,227,191,2026-01-28 21:00:00,27,45.71
2920,195,161,244,2026-01-28 21:18:00,20,34.22
215,40,84,211,2026-01-28 21:22:00,9,18.39
1550,353,180,44,2026-01-28 21:29:00,35,54.81
194,163,149,186,2026-01-28 21:30:00,59,90.52
17697,324,257,67,2026-01-28 21:33:00,37,57.88
19464,421,182,32,2026-01-28 21:41:00,50,80.65
4681,196,184,31,2026-01-28 21:55:00,43,64.54
15460,480,145,252,2026-01-28 22:03:00,16,24.68
7952,449,152,224,2026-01-28 22:04:00,40,67.67
2929,415,237,31,2026-01-28 22:14:00,36,61.79
7609,42,135,152,2026-01-28 22:16:00,58,90.68
4944,195,43,13,2026-01-28 22:21:00,55,85.84
2380,482,217,30,2026-01-28 22:26:00,28,45.69
2829,75,223,261,2026-01-28 22:31:00,24,37.04
6447,319,151,235,2026-01-28 22:37:00,49,80.47
13900,418,124,40,2026-01-28 22:51:00,19,29.4
17603,433,253,66,2026-01-28 22:51:00,10,21.31
15669,202,129,125,2026-01-28 22:52:00,10,18.45
19288,19,92,23,2026-01-28 22:53:00,35,56.61
2974,496,193,2,2026-01-28 23:04:00,59,92.35
2785,171,60,39,2026-01-28 23:09:00,43,62.95
8068,232,133,103,2026-01-28 23:10:00,51,80.3
10795,216,162,204,2026-01-28 23:20:00,24,37.1
11407,261,229,148,2026-01-28 23:23:00,47,73.37
8020,351,120,52,2026-01-28 23:29:00,38,56.68
12155,252,210,123,2026-01-28 23:31:00,55,86.86
9303,463,176,5,2026-01-28 23:45:00,45,66.17
76,469,32,49,2026-01-28 23:50:00,12,24.06
13193,380,146,260,2026-01-29 00:26:00,60,94.98
19578,230,80,178,2026-01-29 00:38:00,37,61.35
19892,300,239,111,2026-01-29 00:41:00,10,19.31
12130,165,149,135,2026-01-29 00:42:00,33,53.27
2863,396,76,125,2026-01-29 00:59:00,47,70.86
6061,368,70,219,2026-01-29 00:59:00,36,57.52
4023,315,13,29,2026-01-29 01:15:00,35,56.35
11691,404,253,15,2026-01-29 01:24:00,8,14.07
11638,453,91,11,2026-01-29 01:30:00,58,90.82
15536,215,47,124,2026-01-29 01:34:00,8,17.56
3534,423,159,245,2026-01-29 01:38:00,16,28.28
5805,45,56,17,2026-01-29 01:43:00,16,25.96
15100,397,7,263,2026-01-29 02:08:00,9,19.02
14013,369,228,123,2026-01-29 02:11:00,19,29.08
12822,457,151,27,2026-01-29 02:18:00,26,40.8
11089,160,119,82,2026-01-29 02:23:00,57,92.68
12203,351,27,173,2026-01-29 02:24:00,58,89.55
17947,294,123,142,2026-01-29 02:33:00,21,35.38
5332,5,143,141,2026-01-29 02:35:00,43,66.75
14572,54,47,54,2026-01-29 02:35:00,32,53.4
6436,392,20,128,2026-01-29 02:36:00,17,25.89
10748,155,259,142,2026-01-29 02:39:00,36,55.31
6325,500,78,220,2026-01-29 02:41:00,34,54.85
5082,45,157,216,2026-01-29 02:41:00,8,15.65
14860,36,138,145,2026-01-29 02:47:00,38,60.02
16854,70,71,120,2026-01-29 02:48:00,32,48.74
17644,385,88,236,2026-01-29 03:10:00,14,22.33
17737,73,44,59,2026-01-29 03:18:00,19,31.67
3,323,117,100,2026-01-29 03:19:00,14,20.49
5484,200,109,205,2026-01-29 03:25:00,14,25.03
4804,316,145,255,2026-01-29 03:35:00,32,52.06
19725,176,54,33,2026-01-29 03:40:00,55,85.8
13494,114,186,33,2026-01-29 03:56:00,49,72.97
4121,166,82,153,2026-01-29 04:00:00,33,52.11
2504,406,175,190,2026-01-29 04:00:00,26,40.12
15220,145,71,87,2026-01-29 04:02:00,59,91.79
11152,410,31,240,2026-01-29 04:02:00,55,84.83
18208,82,87,47,2026-01-29 04:20:00,60,92.89
9966,192,167,157,2026-01-29 04:20:00,23,38.93
7843,60,92,157,2026-01-29 04:25:00,47,76.19
10142,460,160,174,2026-01-29 04:38:00,24,39.78
17296,356,220,49,2026-01-29 04:53:00,38,60.63
12932,489,195,44,2026-01-29 04:57:00,20,33.01
13222,130,216,11,2026-01-29 05:01:00,46,72.23
19605,36,48,146,2026-01-29 05:31:00,52,80.95
15245,271,109,262,2026-01-29 05:34:00,57,84.14
3046,124,148,7,2026-01-29 05:38:00,16,26.9
11903,146,129,149,2026-01-29 05:43:00,35,54.24
8814,262,61,127,2026-01-29 05:43:00,32,54.64
14342,431,13,28,2026-01-29 05:46:00,19,29.36
6783,116,138,137,2026-01-29 05:47:00,53,85.61
7801,15,102,210,2026-01-29 06:26:00,49,76.83
11127,264,206,192,2026-01-29 06:27:00,23,38.43
5531,180,190,213,2026-01-29 06:39:00,26,44.03
19954,292,42,110,2026-01-29 06:43:00,40,62.2
7448,363,10,121,2026-01-29 06:45:00,13,14.78
2425,123,126,196,2026-01-29 07:08:00,16,24.83
13333,485,107,173,2026-01-29 07:19:00,14,24.75
12842,44,99,48,2026-01-29 07:29:00,49,75.0
1831,329,48,50,2026-01-29 07:44:00,38,59.12
14333,382,45,186,2026-01-29 07:46:00,26,43.04
10324,339,58,159,2026-01-29 07:48:00,59,91.73
7784,460,31,119,2026-01-29 08:03:00,17,32.35
15424,127,242,70,2026-01-29 08:16:00,46,75.14
14837,351,171,116,2026-01-29 08:16:00,5,7.87
864,41,200,6,2026-01-29 08:17:00,24,39.8
6684,47,115,72,2026-01-29 08:19:00,33,51.6
13871,451,93,135,2026-01-29 08:28:00,9,16.4
6683,178,14,24,2026-01-29 08:29:00,52,83.78
6910,450,219,27,2026-01-29 08:35:00,57,90.6
15025,355,77,265,2026-01-29 08:39:00,55,85.27
18860,266,192,211,2026-01-29 08:43:00,53,81.05
1618,448,56,31,2026-01-29 09:01:00,49,73.53
18853,93,80,97,2026-01-29 09:26:00,45,71.37
4950,234,64,51,2026-01-29 09:28:00,35,55.59
2902,72,33,13,2026-01-29 09:41:00,38,61.3
8269,336,114,243,2026-01-29 09:54:00,60,92.67
3947,279,105,61,2026-01-29 09:56:00,30,46.64
14354,92,54,179,2026-01-29 10:23:00,38,60.0
17457,230,12,105,2026-01-29 10:37:00,44,69.46
6878,185,221,29,2026-01-29 10:43:00,38,61.33
6534,441,64,214,2026-01-29 10:45:00,60,96.49
7723,322,103,107,2026-01-29 10:48:00,17,27.9
5358,478,72,140,2026-01-29 10:48:00,52,80.16
12755,499,102,107,2026-01-29 10:49:00,5,13.29
18196,63,121,139,2026-01-29 10:52:00,12,25.94
17270,464,8,122,2026-01-29 10:56:00,14,23.84
13330,269,4,91,2026-01-29 11:14:00,56,87.19
1191,382,23,46,2026-01-29 11:18:00,28,48.97
12805,350,20,102,2026-01-29 11:20:00,26,44.66
9063,222,4,166,2026-01-29 11:26:00,38,58.45
5172,224,264,32,2026-01-29 11:29:00,36,56.41
5950,172,231,76,2026-01-29 11:37:00,31,48.23
19485,458,175,149,2026-01-29 11:39:00,9,16.58
12720,306,232,8,2026-01-29 11:40:00,24,36.02
6319,44,138,53,2026-01-29 11:50:00,24,42.16
8501,250,181,50,2026-01-29 12:15:00,29,46.04
11845,243,143,181,2026-01-29 12:29:00,6,13.12
5870,311,175,214,2026-01-29 12:32:00,12,21.94
870,264,187,183,2026-01-29 12:36:00,40,63.78
16919,485,234,251,2026-01-29 12:36:00,18,31.25
17559,222,193,132,2026-01-29 12:40:00,41,60.08
17591,472,126,220,2026-01-29 12:46:00,23,37.51
18946,322,222,66,2026-01-29 12:46:00,36,54.45
16458,47,102,102,2026-01-29 12:50:00,27,43.35
5463,16,38,180,2026-01-29 12:59:00,54,86.56
1101,480,40,13,2026-01-29 13:01:00,14,25.03
10380,107,124,157,2026-01-29 13:03:00,42,62.82
5311,192,265,9,2026-01-29 13:11:00,59,92.99
12763,77,132,10,2026-01-29 13:35:00,51,79.41
8105,145,166,30,2026-01-29 13:43:00,56,89.6
3415,262,19,169,2026-01-29 13:51:00,41,62.03
8797,386,123,66,2026-01-29 14:05:00,47,75.09
19923,465,189,54,2026-01-29 14:10:00,8,14.94
12132,439,184,69,2026-01-29 14:17:00,49,74.83
4762,439,133,229,2026-01-29 14:21:00,54,86.89
16635,77,117,141,2026-01-29 14:21:00,39,60.98
13329,153,199,213,2026-01-29 14:24:00,43,67.92
16685,340,96,111,2026-01-29 14:28:00,14,25.36
16290,162,125,260,2026-01-29 14:30:00,10,17.87
17555,406,256,219,2026-01-29 14:35:00,43,65.7
3257,116,258,196,2026-01-29 14:48:00,29,47.51
19688,86,122,107,2026-01-29 14:57:00,17,29.35
12187,226,171,30,2026-01-29 15:00:00,48,0.0
5086,91,39,169,2026-01-29 15:23:00,7,15.18
2800,61,236,13,2026-01-29 15:23:00,60,93.12
3235,430,92,151,2026-01-29 15:46:00,38,58.66
19904,337,86,249,2026-01-29 15:48:00,46,71.03
12433,302,194,145,2026-01-29 15:50:00,25,40.78
18380,115,159,137,2026-01-29 16:04:00,22,39.93
19318,417,104,226,2026-01-29 16:06:00,57,82.7
13970,348,203,210,2026-01-29 16:21:00,24,34.06
18215,255,209,115,2026-01-29 16:25:00,58,90.47
16064,433,240,50,2026-01-29 16:26:00,27,46.61
13415,144,14,75,2026-01-29 16:31:00,46,68.7
4727,385,108,13,2026-01-29 16:32:00,31,49.21
2855,355,255,147,2026-01-29 16:33:00,57,92.32
8530,314,104,111,2026-01-29 16:34:00,36,57.44
14909,14,90,180,2026-01-29 16:40:00,31,49.8
5907,82,100,28,2026-01-29 16:42:00,31,49.53
11835,349,212,261,2026-01-29 16:42:00,55,87.53
13121,293,167,154,2026-01-29 16:47:00,53,82.15
12489,136,51,120,2026-01-29 17:00:00,54,86.89
13899,343,21,94,2026-01-29 17:02:00,22,40.63
5872,247,200,116,2026-01-29 17:07:00,24,41.29
18309,223,56,224,2026-01-29 17:19:00,14,25.04
8543,368,49,98,2026-01-29 17:22:00,37,57.29
18346,371,178,164,2026-01-29 17:24:00,51,78.59
17500,110,231,115,2026-01-29 17:27:00,49,74.5
19682,213,74,182,2026-01-29 17:30:00,49,75.33
11815,243,230,157,2026-01-29 17:30:00,16,25.77
15447,497,25,223,2026-01-29 17:45:00,18,30.43
12937,438,26,102,2026-01-29 17:50:00,35,58.26
10161,441,259,228,2026-01-29 18:11:00,36,58.42
485,22,147,253,2026-01-29 18:11:00,8,16.71
9531,262,154,37,2026-01-29 18:13:00,38,60.38
323,2,54,134,2026-01-29 18:16:00,43,67.08
12573,445,23,176,2026-01-29 18:18:00,27,46.44
15210,120,264,215,2026-01-29 18:20:00,24,35.79
5288,252,149,183,2026-01-29 18:25:00,40,60.63
1114,142,205,147,2026-01-29 18:31:00,40,66.06
3316,98,91,218,2026-01-29 18:31:00,25,38.4
6010,202,254,229,2026-01-29 18:32:00,22,36.37
3229,405,59,39,2026-01-29 18:32:00,21,34.08
14185,35,153,241,2026-01-29 18:53:00,35,54.99
2739,500,67,105,2026-01-29 19:00:00,55,84.25
14968,146,201,126,2026-01-29 19:00:00,32,50.42
5155,492,49,130,2026-01-29 19:04:00,30,47.67
10740,238,188,127,2026-01-29 19:04:00,23,36.39
9686,342,232,236,2026-01-29 19:11:00,10,17.6
1792,158,81,22,2026-01-29 19:20:00,42,67.05
2462,161,246,98,2026-01-29 19:28:00,33,54.17
10330,253,202,206,2026-01-29 19:30:00,48,72.66
5769,407,135,247,2026-01-29 19:34:00,12,21.07
5388,155,63,195,2026-01-29 19:34:00,19,30.2
967,38,192,133,2026-01-29 19:37:00,60,92.66
12313,72,1,110,2026-01-29 19:40:00,36,58.25
19891,17,233,95,2026-01-29 19:41:00,53,82.66
9602,244,143,155,2026-01-29 19:58:00,34,51.05
6563,158,197,212,2026-01-29 19:58:00,8,15.96
885,50,258,265,2026-01-29 20:05:00,23,39.31
19082,310,15,103,2026-01-29 20:08:00,18,33.33
14107,418,122,245,2026-01-29 20:13:00,41,65.66
11163,391,50,201,2026-01-29 20:15:00,51,78.28
14696,214,110,42,2026-01-29 20:18:00,57,88.43
11855,232,69,48,2026-01-29 20:20:00,37,57.66
13337,483,124,132,2026-01-29 20:30:00,29,44.86
10757,393,120,234,2026-01-29 20:40:00,17,27.04
11844,25,3,11,2026-01-29 20:49:00,49,73.76
19753,69,191,23,2026-01-29 20:59:00,55,84.24
12144,135,259,55,2026-01-29 21:05:00,11,20.74
1953,35,179,102,2026-01-29 21:05:00,41,69.38
12495,219,60,263,2026-01-29 21:06:00,44,69.17
14134,318,28,141,2026-01-29 21:18:00,21,33.62
19336,187,75,71,2026-01-29 21:24:00,36,53.75
18154,127,130,55,2026-01-29 21:32:00,12,21.65
16808,498,24,18,2026-01-29 21:36:00,47,72.74
5944,391,73,160,2026-01-29 21:36:00,58,90.44
11687,259,248,34,2026-01-29 21:36:00,60,93.33
18603,207,229,97,2026-01-29 21:42:00,12,23.42
1297,298,105,23,2026-01-29 21:43:00,45,70.17
9678,16,19,147,2026-01-29 22:03:00,37,58.91
11531,335,263,122,2026-01-29 22:03:00,42,63.46
18432,12,99,251,2026-01-29 22:03:00,34,50.36
8511,457,196,186,2026-01-29 22:09:00,57,89.65
1160,81,34,65,2026-01-29 22:23:00,19,30.87
9813,348,257,143,2026-01-29 22:26:00,46,71.88
1057,303,237,88,2026-01-29 22:26:00,32,53.87
2386,488,114,7,2026-01-29 22:26:00,27,46.41
14653,399,131,116,2026-01-29 22:45:00,57,90.77
14593,379,256,209,2026-01-29 22:48:00,6,9.68
11926,402,52,265,2026-01-29 22:55:00,50,76.95
14938,215,169,232,2026-01-29 23:12:00,12,22.93
15263,104,185,243,2026-01-29 23:18:00,59,91.86
14988,465,163,91,2026-01-29 23:24:00,40,63.0
581,140,257,152,2026-01-29 23:30:00,20,35.65
17924,269,174,229,2026-01-29 23:38:00,8,12.13
3437,263,153,103,2026-01-29 23:39:00,56,85.49
14254,11,167,57,2026-01-29 23:56:00,44,67.22
15855,487,145,226,2026-01-29 23:57:00,33,53.05
16611,149,72,7,2026-01-30 00:02:00,40,61.68
16870,332,255,7,2026-01-30 00:06:00,8,15.21
18060,196,247,186,2026-01-30 00:11:00,52,78.94
17279,302,155,105,2026-01-30 00:19:00,32,48.96
16862,423,107,188,2026-01-30 00:21:00,29,42.95
1775,343,71,2,2026-01-30 00:27:00,13,19.54
3860,500,235,44,2026-01-30 00:36:00,19,32.45
6450,392,33,247,2026-01-30 00:40:00,9,19.19
19642,362,232,129,2026-01-30 00:41:00,33,53.38
8834,310,150,253,2026-01-30 00:53:00,55,83.5
9060,210,239,35,2026-01-30 01:02:00,13,23.24
5216,221,170,209,2026-01-30 01:15:00,20,31.37
11385,426,103,69,2026-01-30 01:25:00,28,47.03
763,141,135,181,2026-01-30 01:34:00,32,54.17
2699,6,256,223,2026-01-30 01:48:00,34,48.71
15123,291,62,123,2026-01-30 01:59:00,34,54.83
17949,253,156,185,2026-01-30 02:02:00,59,90.96
10611,156,77,13,2026-01-30 02:09:00,52,82.45
4768,201,155,45,2026-01-30 02:10:00,28,46.55
18557,36,134,95,2026-01-30 02:18:00,11,16.29
16980,48,201,122,2026-01-30 02:29:00,49,76.15
4064,8,225,192,2026-01-30 02:38:00,44,70.64
8209,326,95,93,2026-01-30 02:54:00,21,35.07
8847,124,100,165,2026-01-30 03:02:00,60,0.0
9406,92,158,24,2026-01-30 03:13:00,48,75.74
6225,283,4,157,2026-01-30 03:13:00,24,37.38
7533,332,60,193,2026-01-30 03:18:00,35,52.6
4560,459,154,261,2026-01-30 03:23:00,14,24.28
7021,216,51,40,2026-01-30 03:29:00,44,73.08
11285,74,218,191,2026-01-30 03:42:00,14,27.04
14104,330,58,20,2026-01-30 03:45:00,6,13.83
222,365,45,125,2026-01-30 03:54:00,17,27.29
14525,192,150,40,2026-01-30 04:02:00,49,74.98
15937,191,77,229,2026-01-30 04:19:00,57,88.86
3694,277,56,201,2026-01-30 04:31:00,55,85.62
2698,320,229,190,2026-01-30 04:33:00,18,26.91
1599,128,244,235,2026-01-30 04:42:00,6,12.32
8038,314,141,158,2026-01-30 04:42:00,56,87.87
16982,442,190,225,2026-01-30 04:46:00,21,30.86
8893,421,256,109,2026-01-30 04:58:00,47,71.67
5852,489,229,135,2026-01-30 05:00:00,50,80.37
4847,400,264,21,2026-01-30 05:00:00,33,54.74
9600,409,228,129,2026-01-30 05:08:00,39,60.14
8988,128,148,19,2026-01-30 05:14:00,17,31.27
6889,337,46,51,2026-01-30 05:15:00,12,22.14
18835,274,103,91,2026-01-30 05:21:00,5,7.82
6593,346,144,29,2026-01-30 05:22:00,12,22.72
12820,338,74,82,2026-01-30 05:28:00,15,25.28
12687,249,10,166,2026-01-30 05:32:00,11,18.27
1141,46,171,28,2026-01-30 05:37:00,38,61.03
16380,470,153,26,2026-01-30 05:42:00,32,53.16
2998,325,140,58,2026-01-30 06:04:00,39,63.87
275,370,194,176,2026-01-30 06:09:00,12,21.21
4316,470,145,148,2026-01-30 06:25:00,22,34.33
6151,45,3,131,2026-01-30 06:27:00,51,77.16
13872,93,194,81,2026-01-30 06:29:00,14,20.93
15124,90,230,165,2026-01-30 06:34:00,53,78.15
19552,70,118,182,2026-01-30 06:37:00,40,60.81
14875,464,48,82,2026-01-30 06:41:00,41,60.83
14139,478,219,64,2026-01-30 06:50:00,20,34.01
7208,397,82,88,2026-01-30 06:51:00,19,33.16
3106,201,157,67,2026-01-30 06:51:00,32,50.0
3054,410,109,120,2026-01-30 06:54:00,17,29.05
2278,439,182,236,2026-01-30 07:09:00,50,79.44
13726,449,217,145,2026-01-30 07:10:00,51,79.2
18936,427,82,62,2026-01-30 07:12:00,48,78.35
19459,219,258,144,2026-01-30 07:15:00,5,9.01
18455,421,200,209,2026-01-30 07:30:00,34,50.97
16366,389,220,245,2026-01-30 07:41:00,44,69.0
6688,232,15,205,2026-01-30 07:50:00,32,50.34
9138,423,252,210,2026-01-30 07:59:00,19,31.13
13138,222,130,249,2026-01-30 07:59:00,37,61.68
4163,222,104,64,2026-01-30 07:59:00,60,95.79
2138,47,142,187,2026-01-30 08:01:00,6,10.98
16689,177,108,80,2026-01-30 08:20:00,41,67.76
575,155,138,188,2026-01-30 08:43:00,6,11.71
11184,433,79,56,2026-01-30 08:46:00,54,81.16
13530,27,80,184,2026-01-30 08:47:00,49,77.85
3552,319,225,57,2026-01-30 08:50:00,41,64.98
11900,276,26,153,2026-01-30 08:59:00,25,42.39
2172,461,201,78,2026-01-30 09:10:00,38,62.08
9269,157,92,131,2026-01-30 09:25:00,5,10.92
11078,256,156,122,2026-01-30 09:33:00,8,14.29
14146,101,83,115,2026-01-30 09:33:00,44,68.62
10608,160,64,31,2026-01-30 09:37:00,55,83.43
5274,234,14,41,2026-01-30 09:37:00,55,85.4
3538,265,171,78,2026-01-30 09:39:00,31,47.65
9777,116,225,80,2026-01-30 09:42:00,54,85.62
6334,209,135,111,2026-01-30 09:43:00,57,89.42
4722,255,110,44,2026-01-30 10:02:00,22,34.71
5698,160,10,247,2026-01-30 10:11:00,55,82.45
4889,427,196,158,2026-01-30 10:17:00,21,33.43
14272,243,123,92,2026-01-30 10:17:00,34,53.68
14950,102,218,129,2026-01-30 10:22:00,24,39.41
13847,210,49,174,2026-01-30 10:26:00,31,51.98
17745,248,51,102,2026-01-30 10:37:00,9,0.0
18884,172,130,144,2026-01-30 10:53:00,8,13.42
17088,284,107,22,2026-01-30 10:57:00,15,24.79
5054,175,39,82,2026-01-30 10:58:00,44,67.93
19914,441,39,234,2026-01-30 11:03:00,43,66.07
9288,324,108,206,2026-01-30 11:20:00,7,13.66
1399,190,101,49,2026-01-30 11:48:00,60,92.42
17005,186,117,237,2026-01-30 11:52:00,57,90.34
11694,281,92,118,2026-01-30 11:54:00,44,68.61
11803,304,214,153,2026-01-30 11:57:00,11,24.47
19380,489,36,99,2026-01-30 12:03:00,48,75.1
19039,46,228,140,2026-01-30 12:19:00,27,41.23
12183,225,63,14,2026-01-30 12:29:00,36,58.91
14892,53,47,256,2026-01-30 12:46:00,58,88.62
19206,407,81,19,2026-01-30 12:50:00,39,60.96
11289,313,85,222,2026-01-30 13:19:00,53,85.81
9336,125,146,254,2026-01-30 13:26:00,29,47.84
4758,112,264,127,2026-01-30 13:27:00,50,77.09
284,222,261,121,2026-01-30 13:27:00,7,11.72
19598,284,97,240,2026-01-30 13:33:00,45,69.77
2499,325,229,71,2026-01-30 13:36:00,46,72.27
5928,469,93,171,2026-01-30 13:38:00,20,35.56
19155,349,108,104,2026-01-30 13:46:00,5,10.18
8675,243,81,254,2026-01-30 13:51:00,54,78.22
4489,419,199,264,2026-01-30 13:56:00,20,29.34
14115,487,46,109,2026-01-30 14:00:00,58,87.65
17235,34,118,179,2026-01-30 14:13:00,52,79.87
11511,301,175,4,2026-01-30 14:13:00,35,54.64
4906,70,105,175,2026-01-30 14:13:00,40,64.51
15173,240,166,215,2026-01-30 14:18:00,26,43.52
6931,387,158,103,2026-01-30 14:20:00,17,27.89
13597,118,83,16,2026-01-30 14:25:00,57,87.02
4705,231,66,215,2026-01-30 14:26:00,28,46.67
18566,247,106,196,2026-01-30 14:31:00,23,34.93
17295,21,176,12,2026-01-30 14:33:00,51,81.96
8250,196,11,78,2026-01-30 14:33:00,39,64.78
6569,73,182,56,2026-01-30 14:44:00,47,71.52
10873,200,82,238,2026-01-30 15:08:00,37,58.25
7733,78,119,13,2026-01-30 15:08:00,33,49.91
8072,266,134,210,2026-01-30 15:12:00,49,76.26
4808,371,18,183,2026-01-30 15:14:00,31,49.15
1927,138,175,228,2026-01-30 15:24:00,29,45.68
4732,330,233,114,2026-01-30 15:30:00,10,19.8
8010,144,235,127,2026-01-30 15:38:00,33,53.98
13967,359,16,117,2026-01-30 15:40:00,7,14.26
11818,499,261,11,2026-01-30 15:44:00,28,44.12
7084,466,5,29,2026-01-30 15:50:00,19,33.28
10292,399,89,215,2026-01-30 15:58:00,54,86.75
4960,272,250,233,2026-01-30 16:08:00,8,15.31
1167,127,217,173,2026-01-30 16:41:00,54,84.68
17601,208,97,175,2026-01-30 16:46:00,17,30.21
13173,194,197,127,2026-01-30 16:49:00,41,65.89
14951,128,136,140,2026-01-30 16:55:00,47,76.55
16901,196,173,140,2026-01-30 16:57:00,44,66.76
15551,134,138,226,2026-01-30 16:57:00,40,63.75
3197,266,159,257,2026-01-30 17:55:00,34,50.96
9002,385,94,108,2026-01-30 18:17:00,41,63.34
6691,34,222,241,2026-01-30 18:22:00,17,31.11
15724,489,261,43,2026-01-30 18:23:00,26,40.89
6019,469,214,103,2026-01-30 18:30:00,45,70.72
6315,214,240,9,2026-01-30 18:38:00,40,65.39
15915,65,12,234,2026-01-30 18:48:00,57,92.76
2256,394,228,57,2026-01-30 18:48:00,22,36.62
8088,165,27,247,2026-01-30 18:51:00,18,32.58
1519,64,81,25,2026-01-30 19:06:00,40,67.34
18453,354,168,225,2026-01-30 19:14:00,6,12.07
7766,403,116,74,2026-01-30 19:14:00,28,45.27
17452,26,252,150,2026-01-30 19:27:00,15,21.85
6599,149,5,11,2026-01-30 19:27:00,22,35.26
5024,101,233,38,2026-01-30 19:31:00,7,14.5
1272,300,223,263,2026-01-30 19:41:00,38,60.79
1229,123,32,142,2026-01-30 19:46:00,22,33.54
9727,133,229,13,2026-01-30 19:57:00,31,47.05
13123,393,155,161,2026-01-30 20:24:00,43,66.54
8839,78,243,218,2026-01-30 20:30:00,20,34.62
13719,223,66,139,2026-01-30 20:32:00,5,11.51
16412,318,34,75,2026-01-30 20:39:00,14,23.12
3313,20,73,189,2026-01-30 20:42:00,37,61.61
10485,45,106,62,2026-01-30 20:52:00,37,61.41
10946,121,116,114,2026-01-30 21:00:00,9,14.44
3403,450,23,107,2026-01-30 21:00:00,8,15.37
10490,113,167,207,2026-01-30 21:00:00,44,71.32
15790,217,220,133,2026-01-30 21:02:00,53,85.41
26,117,187,151,2026-01-30 21:07:00,52,81.62
12300,370,249,158,2026-01-30 21:07:00,23,38.17
5837,485,256,225,2026-01-30 21:08:00,21,33.87
10372,177,42,234,2026-01-30 21:23:00,30,48.63
10214,443,181,204,2026-01-30 21:27:00,54,84.03
4156,375,113,173,2026-01-30 21:31:00,28,46.13
19270,10,123,17,2026-01-30 21:42:00,29,47.65
24,280,183,127,2026-01-30 21:52:00,15,24.52
13981,469,233,120,2026-01-30 22:00:00,19,31.9
5772,344,134,207,2026-01-30 22:05:00,24,41.24
18247,278,89,111,2026-01-30 22:08:00,47,77.8
5862,5,163,253,2026-01-30 22:12:00,29,43.46
17175,453,187,264,2026-01-30 22:17:00,28,44.45
10686,216,72,94,2026-01-30 22:25:00,22,34.59
4059,67,202,258,2026-01-30 22:27:00,5,9.53
9789,336,169,88,2026-01-30 22:32:00,15,25.49
11793,110,5,98,2026-01-30 22:34:00,26,41.14
7028,102,214,201,2026-01-30 22:36:00,13,22.43
14710,485,3,166,2026-01-30 22:49:00,25,39.55
8174,60,5,138,2026-01-30 22:56:00,41,64.11
1833,363,35,222,2026-01-30 23:01:00,38,55.67
4364,400,187,57,2026-01-30 23:02:00,34,52.73
18908,277,207,232,2026-01-30 23:02:00,59,90.0
2407,307,238,30,2026-01-30 23:03:00,18,26.76
3370,69,252,32,2026-01-30 23:11:00,30,49.77
3746,295,163,215,2026-01-30 23:15:00,15,30.11
7416,243,105,214,2026-01-30 23:15:00,26,42.08
11150,310,131,108,2026-01-30 23:23:00,40,63.44
2269,81,10,191,2026-01-30 23:33:00,8,14.11
10833,167,189,161,2026-01-30 23:42:00,30,49.83
17127,155,130,193,2026-01-30 23:47:00,60,94.41
5314,488,26,29,2026-01-30 23:48:00,44,68.88
4395,190,38,188,2026-01-30 23:52:00,36,51.7
9849,360,212,133,2026-01-30 23:54:00,49,78.22
4208,345,183,178,2026-01-30 23:54:00,40,63.27
11458,250,159,38,2026-01-30 23:55:00,15,27.95
7566,217,30,241,2026-01-31 00:00:00,19,29.92
10402,68,65,219,2026-01-31 00:06:00,15,23.84
8846,171,194,140,2026-01-31 00:17:00,60,92.18
5199,375,7,75,2026-01-31 00:26:00,50,80.1
37,131,262,186,2026-01-31 00:26:00,26,41.71
10853,320,144,250,2026-01-31 00:33:00,19,31.56
16229,152,29,262,2026-01-31 00:37:00,8,18.23
891,1,177,47,2026-01-31 00:37:00,56,86.38
13088,3,176,202,2026-01-31 00:40:00,43,65.2
14326,383,2,253,2026-01-31 00:42:00,32,51.88
19250,106,111,114,2026-01-31 01:00:00,23,35.17
13637,115,156,68,2026-01-31 01:27:00,28,45.85
8015,314,57,16,2026-01-31 01:28:00,19,35.66
5633,329,238,185,2026-01-31 01:29:00,49,75.16
10511,41,36,79,2026-01-31 01:34:00,35,52.56
10278,410,75,204,2026-01-31 01:41:00,56,84.51
13935,300,264,180,2026-01-31 01:57:00,32,49.87
603,27,252,56,2026-01-31 01:57:00,10,17.5
13733,184,245,138,2026-01-31 02:05:00,51,77.38
13949,290,247,237,2026-01-31 02:12:00,27,44.99
6312,450,153,262,2026-01-31 02:14:00,35,54.18
1317,32,180,123,2026-01-31 02:19:00,52,81.68
18393,37,182,65,2026-01-31 02:22:00,27,46.19
17855,411,225,193,2026-01-31 02:26:00,23,37.44
12055,498,128,194,2026-01-31 02:30:00,38,57.83
19362,114,104,85,2026-01-31 02:34:00,6,11.11
17962,488,185,237,2026-01-31 02:41:00,42,65.6
13231,141,45,72,2026-01-31 02:51:00,34,53.48
11996,94,115,92,2026-01-31 02:53:00,35,55.07
9390,28,210,234,2026-01-31 02:54:00,55,82.16
16864,357,153,14,2026-01-31 03:04:00,40,61.7
12134,267,99,57,2026-01-31 03:04:00,40,65.98
12780,185,127,93,2026-01-31 03:05:00,40,62.76
19547,129,116,160,2026-01-31 03:12:00,48,74.02
18798,263,192,148,2026-01-31 03:30:00,43,67.38
9297,109,176,134,2026-01-31 03:33:00,33,53.32
16372,107,189,177,2026-01-31 03:34:00,12,21.73
2404,50,234,113,2026-01-31 03:36:00,12,21.08
9212,106,14,255,2026-01-31 03:36:00,41,63.39
5985,14,132,48,2026-01-31 03:37:00,46,70.18
18984,317,152,202,2026-01-31 03:40:00,13,22.64
8342,259,2,49,2026-01-31 03:57:00,8,12.09
8101,387,127,50,2026-01-31 04:01:00,39,63.83
15529,302,186,91,2026-01-31 04:20:00,9,18.06
17050,159,100,62,2026-01-31 04:35:00,26,45.1
16809,312,41,8,2026-01-31 04:47:00,10,18.59
5120,477,75,17,2026-01-31 04:57:00,49,79.87
1391,218,123,191,2026-01-31 05:01:00,29,46.09
13692,465,56,42,2026-01-31 05:08:00,48,72.08
10642,231,166,212,2026-01-31 05:15:00,14,22.51
12836,270,25,26,2026-01-31 05:15:00,57,88.89
11390,353,150,145,2026-01-31 05:18:00,16,25.98
547,308,92,49,2026-01-31 05:19:00,60,94.1
17803,461,84,191,2026-01-31 05:30:00,16,25.8
1597,198,229,36,2026-01-31 05:40:00,8,14.11
1608,472,142,40,2026-01-31 05:44:00,39,58.08
4589,282,200,188,2026-01-31 05:51:00,16,25.98
19095,336,89,20,2026-01-31 06:03:00,31,49.33
7320,73,196,167,2026-01-31 06:10:00,43,71.2
19196,289,227,183,2026-01-31 06:11:00,7,15.96
3422,34,150,13,2026-01-31 06:12:00,42,63.19
2681,346,77,157,2026-01-31 06:21:00,53,83.85
868,126,163,76,2026-01-31 06:46:00,40,66.8
5369,191,231,196,2026-01-31 06:49:00,57,87.73
19557,314,149,3,2026-01-31 06:59:00,33,51.79
1705,81,204,11,2026-01-31 07:04:00,44,69.4
8905,211,121,94,2026-01-31 07:14:00,47,72.28
12136,126,158,34,2026-01-31 07:14:00,58,89.9
16719,312,150,160,2026-01-31 07:18:00,22,38.88
2136,121,153,245,2026-01-31 07:32:00,22,33.65
8271,296,120,51,2026-01-31 07:40:00,5,11.61
14832,483,244,179,2026-01-31 07:42:00,58,87.75
651,137,31,46,2026-01-31 07:48:00,29,48.39
11603,248,104,76,2026-01-31 07:57:00,41,64.76
14170,297,50,8,2026-01-31 08:15:00,14,25.23
8813,201,80,1,2026-01-31 08:26:00,35,55.51
16856,156,201,51,2026-01-31 08:29:00,48,74.68
12895,222,21,187,2026-01-31 08:35:00,55,89.15
12768,307,173,77,2026-01-31 08:45:00,59,90.87
16535,230,16,129,2026-01-31 08:53:00,31,51.64
13668,354,182,77,2026-01-31 08:55:00,57,87.0
15194,45,242,186,2026-01-31 09:14:00,37,59.4
6356,483,55,160,2026-01-31 09:25:00,15,25.7
9467,445,1,2,2026-01-31 09:28:00,48,75.68
1081,68,245,36,2026-01-31 09:38:00,48,76.73
13613,412,110,89,2026-01-31 09:41:00,36,54.33
8573,357,72,40,2026-01-31 09:48:00,13,23.35
7980,117,207,53,2026-01-31 09:49:00,31,48.31
17227,113,143,147,2026-01-31 09:57:00,28,45.91
10379,431,44,195,2026-01-31 10:05:00,55,85.81
11229,164,59,185,2026-01-31 10:06:00,42,64.88
2624,228,100,191,2026-01-31 10:06:00,36,62.71
9704,237,198,222,2026-01-31 10:14:00,60,96.28
3340,194,119,146,2026-01-31 10:20:00,36,52.58
16449,358,193,88,2026-01-31 10:32:00,39,62.82
13920,303,265,22,2026-01-31 10:44:00,50,76.06
13357,433,162,40,2026-01-31 10:45:00,51,77.57
3732,71,223,168,2026-01-31 11:01:00,20,35.24
17887,248,29,99,2026-01-31 11:03:00,29,49.29
17484,153,148,159,2026-01-31 11:05:00,23,38.55
7193,282,241,255,2026-01-31 11:13:00,36,55.33
75,334,87,57,2026-01-31 11:17:00,11,20.09
18617,56,61,228,2026-01-31 11:18:00,11,18.98
10149,163,177,54,2026-01-31 11:27:00,46,70.62
6923,102,102,104,2026-01-31 11:35:00,40,63.73
12747,252,155,232,2026-01-31 11:39:00,53,81.2
12473,375,31,8,2026-01-31 11:46:00,43,71.17
6381,184,124,228,2026-01-31 11:48:00,9,18.33
5557,188,21,144,2026-01-31 11:51:00,12,19.38
1825,201,260,81,2026-01-31 11:54:00,33,49.64
10420,417,23,165,2026-01-31 11:58:00,29,46.79
19342,432,124,212,2026-01-31 12:08:00,5,8.43
4534,180,12,125,2026-01-31 12:09:00,19,32.65
5413,33,109,175,2026-01-31 12:11:00,55,83.95
2223,497,176,227,2026-01-31 12:22:00,48,72.31
18184,112,58,52,2026-01-31 12:24:00,18,29.88
3653,425,41,261,2026-01-31 12:31:00,55,84.97
4203,139,113,252,2026-01-31 12:32:00,24,40.5
1102,142,212,160,2026-01-31 12:33:00,13,22.39
10553,180,2,231,2026-01-31 12:37:00,6,10.89
10181,100,16,179,2026-01-31 12:45:00,11,18.57
3990,491,205,182,2026-01-31 12:48:00,43,67.77
8506,260,246,41,2026-01-31 12:59:00,54,81.58
15027,262,43,60,2026-01-31 12:59:00,58,89.64
12404,289,60,116,2026-01-31 12:59:00,54,84.96
5866,213,103,49,2026-01-31 13:07:00,32,48.66
19673,340,231,138,2026-01-31 13:19:00,52,81.26
7183,471,224,209,2026-01-31 13:22:00,32,52.8
5215,113,2,237,2026-01-31 13:24:00,60,97.18
1489,89,149,220,2026-01-31 13:29:00,25,39.49
18943,59,80,91,2026-01-31 13:35:00,53,81.8
17529,369,140,256,2026-01-31 13:56:00,32,46.98
2526,339,68,130,2026-01-31 13:56:00,35,53.74
4565,98,166,263,2026-01-31 14:14:00,53,84.06
19121,11,156,248,2026-01-31 14:25:00,14,23.35
3366,315,94,254,2026-01-31 14:30:00,54,82.53
13615,130,141,240,2026-01-31 14:38:00,33,52.13
8468,483,125,141,2026-01-31 14:53:00,23,36.74
10381,449,16,95,2026-01-31 14:58:00,6,10.9
13625,485,39,100,2026-01-31 15:14:00,26,39.44
15660,2,83,40,2026-01-31 15:17:00,24,38.12
10846,290,186,136,2026-01-31 15:30:00,46,69.3
2077,153,239,142,2026-01-31 15:48:00,60,95.97
6393,54,22,94,2026-01-31 15:56:00,17,29.23
3823,394,146,204,2026-01-31 15:56:00,29,47.31
647,482,162,140,2026-01-31 16:00:00,48,74.04
16342,159,205,121,2026-01-31 16:17:00,25,39.55
2534,276,210,15,2026-01-31 16:19:00,11,20.99
19351,452,234,85,2026-01-31 16:21:00,30,47.15
12348,123,228,57,2026-01-31 16:24:00,20,35.41
17040,245,242,136,2026-01-31 16:27:00,50,76.08
19224,287,135,75,2026-01-31 16:30:00,24,39.07
6999,408,177,244,2026-01-31 16:33:00,35,50.62
9367,445,20,2,2026-01-31 16:34:00,25,37.81
1731,83,169,126,2026-01-31 16:44:00,25,37.45
18217,455,74,214,2026-01-31 16:48:00,36,56.22
4181,209,161,124,2026-01-31 16:55:00,7,12.94
2414,219,26,73,2026-01-31 16:57:00,48,73.29
16654,98,128,1,2026-01-31 17:02:00,34,53.13
8017,355,41,39,2026-01-31 17:05:00,17,29.85
6074,221,100,231,2026-01-31 17:06:00,11,21.29
2654,67,219,141,2026-01-31 17:23:00,49,77.54
12240,339,112,131,2026-01-31 17:30:00,43,68.19
12225,295,100,151,2026-01-31 17:43:00,59,90.2
1622,125,210,52,2026-01-31 18:14:00,42,68.49
688,100,116,186,2026-01-31 18:24:00,39,61.69
7383,34,50,65,2026-01-31 18:27:00,51,80.31
14099,222,188,65,2026-01-31 18:33:00,40,64.71
11260,384,141,104,2026-01-31 18:51:00,47,72.64
15951,77,160,75,2026-01-31 18:53:00,17,25.97
3221,248,254,173,2026-01-31 18:53:00,18,29.21
1815,147,82,1,2026-01-31 19:06:00,33,54.44
1523,365,62,201,2026-01-31 19:14:00,23,35.03
10455,259,114,21,2026-01-31 19:18:00,16,26.19
3676,121,191,143,2026-01-31 19:19:00,8,13.83
5141,128,167,202,2026-01-31 19:32:00,21,33.09
5984,318,179,111,2026-01-31 19:37:00,18,29.23
8379,438,17,185,2026-01-31 19:56:00,11,21.15
11211,377,84,138,2026-01-31 20:03:00,56,86.36
15159,63,173,19,2026-01-31 20:18:00,39,61.67
5110,1,141,185,2026-01-31 20:22:00,13,22.72
13278,314,177,212,2026-01-31 20:27:00,45,70.46
3427,12,20,102,2026-01-31 20:33:00,51,80.22
2225,250,170,82,2026-01-31 20:53:00,41,62.96
11065,457,38,42,2026-01-31 20:59:00,36,56.1
3808,339,197,11,2026-01-31 21:17:00,14,27.2
6826,471,69,2,2026-01-31 21:26:00,19,30.41
11794,462,176,68,2026-01-31 21:26:00,48,74.02
6379,255,39,92,2026-01-31 21:29:00,5,8.76
7570,409,20,62,2026-01-31 21:34:00,36,60.73
22,210,82,156,2026-01-31 21:34:00,20,30.62
5773,455,143,109,2026-01-31 21:37:00,50,75.93
1322,323,162,150,2026-01-31 21:39:00,45,68.35
17567,1,14,94,2026-01-31 21:42:00,50,75.92
15621,480,160,7,2026-01-31 21:46:00,35,52.8
13198,348,240,237,2026-01-31 21:55:00,50,79.7
11276,298,153,67,2026-01-31 22:04:00,58,88.87
16501,401,98,67,2026-01-31 22:13:00,15,25.38
18191,380,235,138,2026-01-31 22:24:00,5,9.46
9653,222,45,162,2026-01-31 22:30:00,14,22.14
1405,463,249,17,2026-01-31 22:34:00,42,67.24
2135,56,159,42,2026-01-31 22:54:00,13,22.15
7166,378,209,68,2026-01-31 22:55:00,40,64.32
14190,59,109,11,2026-01-31 22:56:00,40,63.16
6448,207,145,208,2026-01-31 22:57:00,16,27.82
13350,180,137,215,2026-01-31 22:58:00,14,26.84
10128,231,119,234,2026-01-31 23:04:00,26,40.27
6545,95,70,62,2026-01-31 23:04:00,41,63.22
1053,382,7,66,2026-01-31 23:17:00,7,11.54
6760,64,165,215,2026-01-31 23:18:00,47,73.14
19152,144,156,77,2026-01-31 23:22:00,54,84.98
11560,65,64,17,2026-01-31 23:23:00,32,46.11
5975,15,124,28,2026-01-31 23:37:00,38,58.01
13310,132,244,252,2026-01-31 23:37:00,59,90.76
6130,142,86,16,2026-01-31 23:38:00,24,40.2
14718,149,44,123,2026-01-31 23:42:00,25,39.31
2238,263,30,207,2026-01-31 23:50:00,31,54.82
16150,371,62,261,2026-01-31 23:54:00,34,57.18
9061,39,238,215,2026-02-01 00:00:00,57,92.41
18291,368,257,173,2026-02-01 00:12:00,50,80.88
11191,392,124,206,2026-02-01 00:27:00,37,59.97
5205,278,224,17,2026-02-01 00:34:00,28,46.23
1594,432,41,206,2026-02-01 01:02:00,38,58.85
18911,63,153,31,2026-02-01 01:06:00,42,67.09
369,388,12,230,2026-02-01 01:21:00,33,51.25
8959,421,77,189,2026-02-01 01:35:00,5,10.36
14888,57,39,225,2026-02-01 01:41:00,17,29.56
11548,81,257,21,2026-02-01 01:43:00,26,41.68
9679,19,177,58,2026-02-01 01:46:00,32,53.65
1754,449,102,7,2026-02-01 01:51:00,39,61.24
17198,338,156,140,2026-02-01 02:08:00,30,48.19
5135,391,37,243,2026-02-01 02:22:00,17,27.53
43,149,154,106,2026-02-01 02:22:00,5,5.04
6159,119,204,213,2026-02-01 02:23:00,55,84.88
3470,119,145,74,2026-02-01 02:26:00,13,21.85
9024,6,93,13,2026-02-01 02:30:00,9,15.49
7112,408,18,90,2026-02-01 02:35:00,15,23.92
12210,67,62,161,2026-02-01 02:40:00,5,13.37
3337,254,91,3,2026-02-01 02:47:00,8,14.51
19456,117,99,242,2026-02-01 02:51:00,27,42.4
11710,412,179,185,2026-02-01 02:52:00,46,71.0
16374,360,54,125,2026-02-01 02:59:00,15,24.51
19439,198,259,43,2026-02-01 03:02:00,45,67.99
18691,10,222,131,2026-02-01 03:07:00,47,70.08
8734,199,6,239,2026-02-01 03:10:00,9,16.94
2938,431,148,79,2026-02-01 03:12:00,10,19.33
13359,460,120,173,2026-02-01 03:13:00,26,42.86
14817,358,153,22,2026-02-01 03:14:00,21,38.3
8292,394,165,11,2026-02-01 03:18:00,15,26.02
11618,289,40,260,2026-02-01 03:19:00,17,30.36
2842,500,12,108,2026-02-01 03:21:00,58,89.55
9059,11,120,100,2026-02-01 03:47:00,11,19.77
4061,135,264,86,2026-02-01 04:00:00,17,29.37
17113,27,230,82,2026-02-01 04:12:00,43,69.24
628,69,220,45,2026-02-01 04:20:00,15,25.37
15941,195,60,103,2026-02-01 04:22:00,51,83.31
6917,278,262,196,2026-02-01 04:31:00,51,79.22
1901,147,219,134,2026-02-01 04:38:00,43,65.45
11088,295,68,76,2026-02-01 04:42:00,33,49.81
17428,293,221,192,2026-02-01 04:58:00,21,33.34
3663,41,180,167,2026-02-01 05:02:00,32,53.54
18948,9,191,197,2026-02-01 05:06:00,51,78.64
1847,451,205,86,2026-02-01 05:22:00,56,88.78
8267,306,25,221,2026-02-01 05:24:00,5,13.65
2267,445,223,146,2026-02-01 05:25:00,38,55.4
11943,146,195,132,2026-02-01 05:27:00,37,59.19
7316,410,92,258,2026-02-01 05:33:00,51,78.06
15680,116,80,190,2026-02-01 05:46:00,31,48.73
155,127,35,12,2026-02-01 06:09:00,22,32.97
11457,332,30,78,2026-02-01 06:29:00,50,79.5
16392,201,154,31,2026-02-01 06:32:00,25,41.41
921,334,170,191,2026-02-01 06:33:00,5,8.53
18370,194,66,65,2026-02-01 06:43:00,19,30.44
5342,395,105,231,2026-02-01 06:48:00,49,78.37
12368,320,216,22,2026-02-01 06:51:00,15,25.14
12598,459,122,191,2026-02-01 06:51:00,5,10.76
17834,253,114,222,2026-02-01 07:00:00,13,21.38
19287,345,237,103,2026-02-01 07:02:00,31,48.79
7959,341,34,260,2026-02-01 07:12:00,27,44.62
12536,253,105,159,2026-02-01 07:15:00,60,93.89
7687,333,253,141,2026-02-01 07:18:00,37,59.88
10681,207,220,168,2026-02-01 07:31:00,15,26.7
5545,151,228,151,2026-02-01 07:32:00,28,46.01
1856,291,161,255,2026-02-01 07:43:00,21,32.7
3078,158,225,61,2026-02-01 07:52:00,57,91.71
991,332,235,107,2026-02-01 08:01:00,58,89.34
18419,283,59,229,2026-02-01 08:02:00,15,26.72
2981,292,208,186,2026-02-01 08:06:00,59,89.22
5712,339,207,261,2026-02-01 08:23:00,60,96.98
1179,6,107,109,2026-02-01 08:29:00,37,55.75
14956,476,64,258,2026-02-01 08:33:00,12,21.57
11898,202,105,15,2026-02-01 08:34:00,37,55.99
19533,492,82,204,2026-02-01 08:40:00,20,31.55
19329,406,117,21,2026-02-01 08:45:00,52,83.36
1742,168,228,257,2026-02-01 08:45:00,7,14.69
14894,225,255,205,2026-02-01 08:52:00,50,80.88
10024,225,135,238,2026-02-01 08:58:00,55,86.53
5675,355,175,26,2026-02-01 08:59:00,13,20.81
8356,344,126,20,2026-02-01 09:00:00,35,50.99
5542,313,84,237,2026-02-01 09:13:00,49,74.4
13505,500,87,63,2026-02-01 09:31:00,46,76.57
9572,235,64,216,2026-02-01 09:36:00,39,62.43
2333,327,176,264,2026-02-01 09:37:00,11,21.63
12390,418,155,139,2026-02-01 09:37:00,44,66.27
5004,230,34,119,2026-02-01 09:47:00,53,81.42
6838,251,141,149,2026-02-01 09:58:00,49,78.58
4135,35,211,262,2026-02-01 10:50:00,23,34.37
9014,389,7,202,2026-02-01 10:54:00,60,91.8
8661,406,209,5,2026-02-01 10:56:00,20,33.67
9804,123,64,28,2026-02-01 11:02:00,43,68.87
6473,58,182,107,2026-02-01 11:03:00,32,48.48
132,235,108,128,2026-02-01 11:05:00,34,52.98
3514,492,262,77,2026-02-01 11:11:00,39,59.12
4987,483,34,240,2026-02-01 11:18:00,49,75.95
9612,15,92,96,2026-02-01 11:22:00,29,42.32
6893,57,12,106,2026-02-01 11:22:00,31,49.1
3807,158,265,171,2026-02-01 11:39:00,51,80.91
13208,32,172,50,2026-02-01 11:41:00,48,76.0
8433,287,260,96,2026-02-01 11:51:00,57,87.74
18157,220,102,158,2026-02-01 11:55:00,26,38.8
16935,461,247,182,2026-02-01 11:59:00,26,43.44
629,189,6,125,2026-02-01 12:03:00,35,53.39
9164,193,84,107,2026-02-01 12:11:00,57,89.56
7054,411,212,62,2026-02-01 12:11:00,35,52.24
14488,143,106,169,2026-02-01 12:15:00,25,42.24
6156,438,163,165,2026-02-01 12:20:00,26,39.61
14471,52,80,211,2026-02-01 12:25:00,53,82.67
14637,449,73,239,2026-02-01 12:35:00,41,65.24
1183,188,257,108,2026-02-01 12:52:00,38,60.57
9749,315,63,240,2026-02-01 12:53:00,40,62.94
3007,318,35,166,2026-02-01 12:58:00,59,89.9
15712,364,247,27,2026-02-01 13:06:00,29,44.97
7907,375,150,157,2026-02-01 13:21:00,33,52.36
3218,21,55,98,2026-02-01 13:23:00,10,16.29
1010,224,237,250,2026-02-01 13:33:00,55,86.94
17101,155,140,223,2026-02-01 13:35:00,59,89.73
7275,314,117,89,2026-02-01 13:35:00,38,60.47
11948,18,235,78,2026-02-01 13:36:00,33,52.01
2286,345,34,144,2026-02-01 13:39:00,46,72.81
18304,473,197,152,2026-02-01 13:45:00,19,33.77
12748,424,4,225,2026-02-01 13:53:00,10,20.49
16283,468,228,262,2026-02-01 13:56:00,56,86.87
6774,489,167,6,2026-02-01 13:57:00,9,17.7
14338,417,182,21,2026-02-01 13:59:00,10,22.67
6137,70,64,193,2026-02-01 13:59:00,9,15.35
10550,268,168,34,2026-02-01 14:00:00,42,64.7
12997,297,74,169,2026-02-01 14:01:00,5,7.34
5124,380,38,75,2026-02-01 14:06:00,54,83.22
12539,129,219,229,2026-02-01 14:46:00,7,11.28
1419,51,46,135,2026-02-01 14:49:00,52,78.66
11888,441,118,195,2026-02-01 14:51:00,32,48.04
14325,469,171,249,2026-02-01 14:55:00,48,77.45
8288,218,196,260,2026-02-01 14:56:00,29,47.54
19099,193,86,173,2026-02-01 15:08:00,37,58.99
8481,119,216,61,2026-02-01 15:24:00,58,89.03
14806,322,156,8,2026-02-01 15:25:00,47,69.4
2301,436,25,83,2026-02-01 15:35:00,39,59.63
18382,280,186,233,2026-02-01 15:41:00,43,71.44
826,14,96,164,2026-02-01 15:42:00,49,74.04
13366,219,129,214,2026-02-01 15:42:00,16,24.96
8701,408,144,57,2026-02-01 15:47:00,19,30.58
17150,406,72,177,2026-02-01 15:49:00,21,37.13
18104,233,218,22,2026-02-01 15:49:00,23,38.11
6083,375,63,51,2026-02-01 15:51:00,20,32.17
18462,462,224,110,2026-02-01 15:53:00,55,83.76
1217,178,55,20,2026-02-01 16:02:00,42,64.4
11356,400,16,29,2026-02-01 16:13:00,9,18.4
6790,346,206,235,2026-02-01 16:16:00,59,88.02
2451,306,59,257,2026-02-01 16:29:00,24,37.07
6806,205,37,11,2026-02-01 16:29:00,49,74.26
9240,185,61,109,2026-02-01 16:37:00,36,55.83
4567,89,53,21,2026-02-01 16:44:00,42,63.29
10103,97,119,5,2026-02-01 16:44:00,40,65.57
11492,138,173,140,2026-02-01 16:48:00,40,62.8
18190,450,84,45,2026-02-01 16:54:00,43,69.6
1729,234,36,247,2026-02-01 17:11:00,33,53.54
10248,159,110,63,2026-02-01 17:12:00,36,57.29
6648,67,71,188,2026-02-01 17:31:00,29,48.99
5969,397,101,114,2026-02-01 17:32:00,32,48.14
8525,84,123,226,2026-02-01 18:04:00,54,83.71
1030,282,123,263,2026-02-01 18:06:00,58,91.56
1776,405,162,103,2026-02-01 18:11:00,56,86.95
10483,209,79,173,2026-02-01 18:13:00,38,56.89
2783,66,85,137,2026-02-01 18:17:00,29,45.99
4936,297,165,265,2026-02-01 18:36:00,8,15.16
13895,161,49,25,2026-02-01 18:39:00,12,21.51
3215,18,5,26,2026-02-01 18:44:00,58,92.51
4686,78,187,157,2026-02-01 18:50:00,11,23.07
19130,191,53,119,2026-02-01 18:59:00,40,63.78
409,298,165,143,2026-02-01 19:01:00,13,20.27
5018,29,128,139,2026-02-01 19:17:00,37,57.45
1777,74,124,243,2026-02-01 19:22:00,9,18.08
1250,239,57,233,2026-02-01 19:22:00,40,64.52
13524,23,100,141,2026-02-01 19:24:00,25,38.34
18334,88,79,151,2026-02-01 19:28:00,19,31.52
12484,497,173,56,2026-02-01 19:31:00,18,30.77
1794,245,125,238,2026-02-01 19:46:00,19,30.5
6819,328,211,51,2026-02-01 19:46:00,57,86.23
5480,43,38,83,2026-02-01 19:48:00,55,85.09
3148,184,19,209,2026-02-01 19:54:00,32,55.62
4344,494,209,255,2026-02-01 20:03:00,59,94.38
13717,389,25,153,2026-02-01 20:15:00,32,49.49
13605,50,262,172,2026-02-01 20:23:00,50,79.18
1104,213,138,140,2026-02-01 20:26:00,27,41.51
18705,200,78,104,2026-02-01 20:30:00,21,37.16
8211,10,16,61,2026-02-01 20:33:00,5,7.4
1803,291,26,263,2026-02-01 20:34:00,34,55.65
1710,495,170,257,2026-02-01 20:36:00,14,23.39
15784,330,89,155,2026-02-01 20:55:00,50,77.04
14478,255,31,102,2026-02-01 21:10:00,16,24.51
1691,91,146,12,2026-02-01 21:36:00,33,54.11
12007,486,160,71,2026-02-01 21:36:00,38,59.31
15917,410,26,15,2026-02-01 21:37:00,47,75.2
4313,331,185,184,2026-02-01 21:48:00,31,50.65
4522,248,117,39,2026-02-01 22:05:00,52,83.54
253,396,190,37,2026-02-01 22:24:00,11,20.29
3082,251,207,239,2026-02-01 22:25:00,36,57.41
4959,247,112,61,2026-02-01 22:30:00,21,35.5
13341,50,227,6,2026-02-01 22:46:00,37,57.74
13575,126,184,120,2026-02-01 22:50:00,50,78.2
9057,205,79,164,2026-02-01 22:52:00,13,24.91
16576,60,138,126,2026-02-01 23:11:00,42,69.52
12346,259,242,30,2026-02-01 23:13:00,57,89.92
12765,496,213,234,2026-02-01 23:24:00,13,23.48
8780,84,140,191,2026-02-01 23:24:00,43,67.46
16761,333,170,94,2026-02-01 23:37:00,8,15.52
2881,369,190,102,2026-02-01 23:38:00,34,52.79
8206,423,65,102,2026-02-01 23:41:00,60,90.51
4575,317,200,231,2026-02-01 23:43:00,19,31.89
12722,386,106,37,2026-02-01 23:49:00,52,77.94
5237,316,15,102,2026-02-01 23:59:00,31,51.37
12998,94,135,174,2026-02-02 00:20:00,32,50.93
6815,10,256,131,2026-02-02 00:29:00,26,42.17
9457,86,16,229,2026-02-02 00:33:00,54,84.5
11837,455,120,112,2026-02-02 00:41:00,10,17.63
12555,166,233,202,2026-02-02 00:45:00,55,84.95
10358,219,232,33,2026-02-02 00:45:00,25,41.68
15440,20,179,121,2026-02-02 00:49:00,42,67.85
7956,398,43,233,2026-02-02 00:55:00,42,65.33
14171,461,194,11,2026-02-02 01:01:00,55,85.46
17435,380,230,265,2026-02-02 01:09:00,29,46.78
11453,274,197,209,2026-02-02 01:10:00,16,27.4
11527,250,56,223,2026-02-02 01:19:00,55,88.89
13271,273,26,9,2026-02-02 01:35:00,23,32.54
9502,319,189,62,2026-02-02 01:44:00,46,72.77
1142,473,27,3,2026-02-02 01:44:00,36,56.4
4260,461,63,70,2026-02-02 01:49:00,20,33.69
4751,161,139,30,2026-02-02 01:50:00,38,59.09
13803,178,263,202,2026-02-02 01:53:00,52,78.96
7618,126,60,64,2026-02-02 01:53:00,24,38.15
8872,244,132,107,2026-02-02 01:55:00,27,43.39
1562,331,211,34,2026-02-02 01:57:00,49,79.24
3307,123,42,49,2026-02-02 02:12:00,43,64.5
18435,349,111,205,2026-02-02 02:13:00,36,59.32
8024,482,176,45,2026-02-02 02:19:00,39,63.44
11913,224,57,43,2026-02-02 02:22:00,37,58.46
4638,331,20,199,2026-02-02 02:37:00,52,80.92
16049,131,206,264,2026-02-02 02:50:00,41,62.87
2660,58,8,250,2026-02-02 02:59:00,40,64.2
8833,225,66,22,2026-02-02 03:03:00,46,72.68
13133,403,11,2,2026-02-02 03:07:00,9,17.98
16592,331,193,259,2026-02-02 03:26:00,32,53.36
16004,308,51,98,2026-02-02 03:27:00,15,26.02
8970,441,86,135,2026-02-02 03:36:00,7,13.01
19462,237,69,170,2026-02-02 03:42:00,15,23.86
7625,269,209,36,2026-02-02 04:01:00,40,63.54
3187,219,17,63,2026-02-02 04:07:00,19,30.89
3913,215,79,39,2026-02-02 04:11:00,46,72.7
9916,263,59,193,2026-02-02 04:12:00,16,26.6
14382,268,187,138,2026-02-02 04:21:00,5,12.18
12653,484,78,223,2026-02-02 04:21:00,48,75.51
3805,211,210,88,2026-02-02 04:27:00,32,49.89
15759,22,7,213,2026-02-02 04:28:00,29,47.61
2215,219,91,202,2026-02-02 04:34:00,35,54.25
9669,55,255,218,2026-02-02 04:55:00,54,84.53
1164,16,206,158,2026-02-02 05:08:00,14,26.91
7273,251,181,209,2026-02-02 05:08:00,57,86.72
10222,153,200,18,2026-02-02 05:14:00,52,81.71
10627,216,42,197,2026-02-02 05:40:00,48,75.85
1903,301,226,196,2026-02-02 05:46:00,24,39.06
1911,486,19,86,2026-02-02 06:02:00,42,67.11
15021,175,123,61,2026-02-02 06:08:00,19,31.56
8623,81,92,165,2026-02-02 06:10:00,19,30.39
13619,141,11,219,2026-02-02 06:17:00,9,15.06
8597,278,110,152,2026-02-02 06:18:00,39,61.73
8227,453,218,190,2026-02-02 06:20:00,37,58.12
5238,496,205,106,2026-02-02 06:23:00,10,12.84
10914,202,229,180,2026-02-02 06:25:00,12,24.61
1368,178,38,245,2026-02-02 06:26:00,14,25.68
11295,426,173,237,2026-02-02 06:26:00,23,37.74
14500,473,24,193,2026-02-02 06:31:00,26,44.73
1600,387,144,56,2026-02-02 06:34:00,40,66.34
9372,255,241,6,2026-02-02 06:37:00,57,88.4
512,320,52,38,2026-02-02 06:53:00,58,90.87
8631,487,206,182,2026-02-02 06:59:00,15,23.81
12338,429,112,125,2026-02-02 07:15:00,46,71.9
15520,271,96,232,2026-02-02 07:24:00,8,15.75
16946,125,33,88,2026-02-02 07:29:00,51,78.42
6027,98,195,243,2026-02-02 07:30:00,8,14.7
2776,139,105,70,2026-02-02 07:40:00,49,81.17
17931,427,249,159,2026-02-02 07:57:00,23,33.75
15156,42,56,184,2026-02-02 08:00:00,38,60.25
10084,72,69,72,2026-02-02 08:12:00,23,35.36
4241,42,179,252,2026-02-02 08:29:00,44,67.48
1123,378,204,202,2026-02-02 08:37:00,17,27.1
9953,155,120,78,2026-02-02 08:39:00,41,69.22
8149,126,18,205,2026-02-02 09:01:00,7,13.08
9052,288,249,45,2026-02-02 09:18:00,14,23.09
5219,480,53,137,2026-02-02 09:24:00,6,12.77
4407,385,155,217,2026-02-02 09:28:00,37,61.08
2757,332,112,71,2026-02-02 09:39:00,44,70.98
12584,176,36,41,2026-02-02 09:39:00,31,50.67
4628,409,110,150,2026-02-02 09:53:00,12,25.38
12723,365,144,113,2026-02-02 09:55:00,9,15.6
2953,84,132,119,2026-02-02 09:56:00,50,76.33
6203,432,244,96,2026-02-02 10:06:00,26,42.58
8173,22,211,256,2026-02-02 10:10:00,6,12.5
19136,420,27,81,2026-02-02 10:18:00,31,48.92
1660,246,98,54,2026-02-02 10:27:00,45,73.26
7775,293,77,262,2026-02-02 10:32:00,37,53.92
4729,208,214,174,2026-02-02 10:37:00,31,0.0
4166,445,47,93,2026-02-02 10:56:00,60,94.31
5504,15,55,137,2026-02-02 11:04:00,50,80.86
8310,485,48,15,2026-02-02 11:04:00,11,18.54
5412,114,160,225,2026-02-02 11:06:00,17,27.69
3590,213,71,124,2026-02-02 11:16:00,52,85.41
13139,321,57,137,2026-02-02 11:18:00,20,32.72
9245,432,59,54,2026-02-02 11:21:00,56,84.66
16398,256,78,251,2026-02-02 11:22:00,17,28.51
7204,96,23,238,2026-02-02 11:23:00,39,64.19
14367,205,100,180,2026-02-02 11:31:00,24,40.57
8616,405,132,89,2026-02-02 11:36:00,16,26.31
11539,169,44,110,2026-02-02 11:39:00,53,83.5
19185,467,213,46,2026-02-02 11:45:00,32,52.27
3408,11,223,124,2026-02-02 11:50:00,50,79.56
16508,66,107,163,2026-02-02 11:53:00,38,61.44
5454,445,221,44,2026-02-02 11:58:00,23,38.33
11217,165,152,187,2026-02-02 12:02:00,18,30.64
16422,366,241,43,2026-02-02 12:11:00,40,61.59
3005,202,42,147,2026-02-02 12:33:00,24,34.35
8050,74,57,118,2026-02-02 12:47:00,16,23.66
15238,454,118,134,2026-02-02 12:56:00,58,89.43
9700,61,245,63,2026-02-02 13:02:00,16,29.88
4124,112,55,75,2026-02-02 13:03:00,50,80.93
12017,273,189,175,2026-02-02 13:11:00,57,87.16
7031,448,246,246,2026-02-02 13:11:00,39,61.38
12784,379,7,182,2026-02-02 13:12:00,43,64.11
19792,33,28,190,2026-02-02 13:39:00,7,12.66
6717,167,201,222,2026-02-02 13:39:00,17,28.57
14744,269,150,124,2026-02-02 13:50:00,37,56.21
13561,86,5,23,2026-02-02 13:50:00,45,74.88
11242,314,143,82,2026-02-02 13:51:00,58,93.92
17682,114,153,252,2026-02-02 13:59:00,11,19.42
14454,434,93,9,2026-02-02 14:19:00,33,50.61
17211,211,74,196,2026-02-02 14:21:00,49,76.88
15479,313,96,67,2026-02-02 14:40:00,35,58.03
2773,410,213,213,2026-02-02 14:51:00,36,58.21
7568,409,30,59,2026-02-02 14:54:00,13,25.62
4379,182,90,196,2026-02-02 14:54:00,22,37.3
3150,220,24,76,2026-02-02 14:55:00,42,63.23
6076,258,10,228,2026-02-02 14:56:00,55,87.3
3742,115,2,140,2026-02-02 15:04:00,54,84.6
18715,216,240,176,2026-02-02 15:07:00,44,67.22
5200,464,93,182,2026-02-02 15:10:00,57,88.2
12396,101,111,23,2026-02-02 15:15:00,46,74.51
13429,18,40,53,2026-02-02 15:16:00,15,23.27
9972,462,34,256,2026-02-02 15:30:00,44,70.43
17063,52,255,62,2026-02-02 15:38:00,41,64.2
18025,72,4,37,2026-02-02 15:45:00,17,27.94
4356,105,221,171,2026-02-02 15:58:00,60,93.12
4528,197,67,18,2026-02-02 16:10:00,7,10.62
1133,178,141,224,2026-02-02 16:13:00,41,66.92
15365,28,71,125,2026-02-02 16:20:00,13,21.27
9701,96,139,64,2026-02-02 16:35:00,25,43.34
19379,52,151,15,2026-02-02 16:41:00,37,57.5
14291,97,124,165,2026-02-02 17:04:00,56,86.84
17554,50,112,248,2026-02-02 17:05:00,29,47.1
6699,148,260,165,2026-02-02 17:15:00,58,88.41
17502,433,222,173,2026-02-02 17:36:00,47,73.83
14857,60,256,202,2026-02-02 17:55:00,5,11.09
1929,242,148,74,2026-02-02 17:59:00,9,13.38
15711,62,102,179,2026-02-02 18:00:00,38,61.71
16929,192,95,136,2026-02-02 18:00:00,56,86.25
17907,266,48,196,2026-02-02 18:13:00,42,63.13
6333,396,210,88,2026-02-02 18:27:00,36,55.62
9236,486,238,57,2026-02-02 18:29:00,12,22.83
2996,189,155,35,2026-02-02 18:29:00,29,43.89
12963,357,205,62,2026-02-02 18:35:00,6,12.39
11069,484,134,108,2026-02-02 18:35:00,35,52.84
11210,229,26,44,2026-02-02 18:35:00,31,47.89
9011,482,255,262,2026-02-02 18:35:00,51,79.62
16840,303,98,23,2026-02-02 18:54:00,38,59.98
13892,104,244,62,2026-02-02 18:59:00,36,63.77
2096,66,44,16,2026-02-02 19:00:00,47,76.04
15445,148,122,128,2026-02-02 19:04:00,22,32.01
19952,341,84,135,2026-02-02 19:25:00,28,44.76
362,85,255,16,2026-02-02 19:28:00,54,86.59
16795,97,58,231,2026-02-02 19:36:00,28,46.54
12537,424,118,93,2026-02-02 19:40:00,47,74.05
4699,207,80,84,2026-02-02 19:43:00,23,38.03
1040,391,172,252,2026-02-02 19:57:00,9,17.64
15957,160,80,114,2026-02-02 20:02:00,32,51.91
6414,463,228,261,2026-02-02 20:03:00,48,72.59
1447,24,223,183,2026-02-02 20:15:00,39,61.44
15607,11,250,168,2026-02-02 20:17:00,54,83.96
15732,466,257,82,2026-02-02 20:20:00,53,83.6
4999,250,114,113,2026-02-02 20:37:00,11,18.23
2838,385,231,31,2026-02-02 20:47:00,57,86.85
19004,333,209,38,2026-02-02 20:48:00,54,87.0
2422,370,199,123,2026-02-02 20:54:00,5,14.34
6093,295,205,228,2026-02-02 21:02:00,37,57.93
3830,186,196,29,2026-02-02 21:12:00,15,24.93
17316,247,197,126,2026-02-02 21:23:00,22,36.57
5861,433,167,72,2026-02-02 21:28:00,42,64.84
4367,492,198,216,2026-02-02 21:29:00,6,12.78
7393,498,3,103,2026-02-02 21:37:00,14,26.68
4992,198,212,168,2026-02-02 22:03:00,10,17.9
4637,438,97,237,2026-02-02 22:10:00,54,84.05
5571,38,136,71,2026-02-02 22:14:00,47,72.77
12310,63,20,197,2026-02-02 22:23:00,8,14.67
3473,145,2,46,2026-02-02 22:33:00,52,81.45
15205,491,171,92,2026-02-02 22:38:00,19,28.8
18519,363,223,116,2026-02-02 22:46:00,32,50.73
953,276,163,171,2026-02-02 22:49:00,37,61.45
3112,203,85,236,2026-02-02 22:49:00,13,23.04
9591,430,62,24,2026-02-02 22:49:00,10,17.73
11351,213,67,184,2026-02-02 22:58:00,35,54.98
9734,348,233,58,2026-02-02 23:10:00,51,81.28
5588,374,33,17,2026-02-02 23:16:00,45,72.47
2015,384,43,35,2026-02-02 23:18:00,5,7.28
9515,342,102,62,2026-02-02 23:18:00,26,41.61
13576,136,22,254,2026-02-02 23:22:00,37,56.3
2524,271,231,143,2026-02-02 23:23:00,29,50.18
13945,158,155,143,2026-02-02 23:26:00,14,23.95
1083,376,74,121,2026-02-02 23:27:00,19,32.42
12907,477,206,91,2026-02-02 23:32:00,15,26.86
18684,404,142,209,2026-02-02 23:48:00,26,41.55
1220,386,35,255,2026-02-03 00:00:00,15,25.18
10112,171,7,39,2026-02-03 00:01:00,45,68.62
7945,140,38,173,2026-02-03 00:08:00,29,46.68
16876,31,37,180,2026-02-03 00:36:00,26,42.4
8516,411,64,240,2026-02-03 00:44:00,55,84.37
6542,450,129,76,2026-02-03 00:48:00,35,56.09
2823,100,229,83,2026-02-03 00:50:00,28,44.44
16519,204,87,173,2026-02-03 01:03:00,24,39.32
7385,392,3,154,2026-02-03 01:24:00,42,70.33
17705,420,89,118,2026-02-03 01:29:00,41,65.1
5327,497,167,50,2026-02-03 01:32:00,54,80.81
946,373,124,86,2026-02-03 01:42:00,59,92.48
2928,138,64,241,2026-02-03 01:43:00,7,16.29
8075,71,135,214,2026-02-03 01:55:00,48,73.05
3716,4,10,130,2026-02-03 01:58:00,13,23.49
19279,74,240,103,2026-02-03 02:00:00,40,60.87
9177,208,58,214,2026-02-03 02:15:00,28,45.23
971,238,257,125,2026-02-03 02:39:00,26,42.84
15371,148,251,162,2026-02-03 02:45:00,17,26.9
2280,240,245,63,2026-02-03 02:50:00,12,22.92
19298,12,263,81,2026-02-03 03:05:00,47,74.55
7866,39,224,197,2026-02-03 03:09:00,25,40.59
12366,30,249,108,2026-02-03 03:10:00,33,50.91
17470,50,47,75,2026-02-03 03:35:00,41,65.83
2263,235,160,40,2026-02-03 03:37:00,12,20.48
11973,208,217,69,2026-02-03 03:45:00,53,84.02
14722,250,76,218,2026-02-03 03:46:00,56,87.23
6716,309,20,254,2026-02-03 03:49:00,16,25.03
817,45,149,216,2026-02-03 03:51:00,33,53.75
12387,449,10,183,2026-02-03 04:15:00,49,78.64
17761,445,41,204,2026-02-03 04:22:00,54,84.36
5875,118,83,135,2026-02-03 04:25:00,9,14.26
2342,130,137,148,2026-02-03 04:26:00,53,80.44
18750,246,165,118,2026-02-03 04:28:00,56,85.6
14155,155,145,213,2026-02-03 04:28:00,28,44.81
19078,195,196,61,2026-02-03 04:37:00,23,38.13
8143,307,129,118,2026-02-03 04:52:00,50,77.71
16470,161,237,209,2026-02-03 04:54:00,44,69.21
9779,325,233,128,2026-02-03 05:00:00,59,93.12
4018,40,62,101,2026-02-03 05:03:00,21,32.58
14136,102,98,130,2026-02-03 05:22:00,31,55.66
6196,162,248,67,2026-02-03 05:30:00,43,66.26
11509,470,182,80,2026-02-03 05:31:00,26,42.9
3037,254,3,215,2026-02-03 05:55:00,30,49.51
10046,182,116,263,2026-02-03 06:04:00,28,45.8
14383,373,116,104,2026-02-03 06:05:00,55,82.74
7001,443,182,187,2026-02-03 06:06:00,17,29.7
17464,362,256,243,2026-02-03 06:12:00,42,63.14
5770,266,240,90,2026-02-03 06:12:00,44,68.79
4127,320,123,220,2026-02-03 06:23:00,46,73.62
18655,480,180,71,2026-02-03 06:28:00,21,33.68
6467,365,33,36,2026-02-03 06:39:00,46,72.01
13399,75,35,207,2026-02-03 06:40:00,53,83.23
10943,16,15,99,2026-02-03 06:44:00,39,60.33
6439,193,120,151,2026-02-03 06:49:00,44,66.59
13884,60,144,170,2026-02-03 06:58:00,23,37.55
15764,433,21,79,2026-02-03 07:01:00,53,80.78
7132,335,246,171,2026-02-03 07:02:00,40,62.81
5567,281,187,216,2026-02-03 07:07:00,46,71.05
13588,269,245,32,2026-02-03 07:12:00,33,51.7
14597,245,122,35,2026-02-03 07:40:00,59,88.74
6059,473,77,120,2026-02-03 07:45:00,51,76.86
2133,375,206,21,2026-02-03 07:45:00,8,16.18
18602,131,205,57,2026-02-03 07:55:00,12,19.68
9291,55,163,68,2026-02-03 07:58:00,17,30.41
1909,329,231,181,2026-02-03 08:04:00,26,41.99
11051,417,32,245,2026-02-03 08:16:00,20,33.76
2571,25,256,17,2026-02-03 08:24:00,22,34.61
17188,77,13,255,2026-02-03 08:30:00,58,88.05
4807,373,1,247,2026-02-03 08:34:00,42,67.4
7151,406,229,39,2026-02-03 08:44:00,12,20.24
15524,428,167,39,2026-02-03 08:45:00,55,88.24
14538,475,102,153,2026-02-03 08:46:00,38,55.64
345,1,103,115,2026-02-03 09:03:00,56,87.11
12116,453,5,51,2026-02-03 09:05:00,15,27.34
9911,277,117,139,2026-02-03 09:15:00,34,51.59
8700,145,258,89,2026-02-03 09:16:00,21,32.67
7264,362,208,171,2026-02-03 09:28:00,33,55.53
10890,87,246,240,2026-02-03 09:29:00,54,83.86
13385,141,192,86,2026-02-03 09:32:00,20,34.33
19721,343,264,70,2026-02-03 09:35:00,25,38.88
13628,191,59,211,2026-02-03 09:40:00,44,68.11
10534,286,5,220,2026-02-03 09:41:00,57,88.31
3245,21,215,182,2026-02-03 09:41:00,45,69.67
5220,374,179,260,2026-02-03 10:09:00,7,14.34
934,42,71,117,2026-02-03 10:16:00,59,91.69
18356,495,188,5,2026-02-03 10:17:00,28,49.74
8163,130,99,155,2026-02-03 10:32:00,41,64.73
3323,419,121,264,2026-02-03 10:32:00,32,53.44
11183,495,261,160,2026-02-03 10:33:00,46,71.91
10209,188,260,66,2026-02-03 10:43:00,41,67.92
3028,151,162,246,2026-02-03 10:48:00,6,11.19
15005,106,83,237,2026-02-03 10:50:00,46,71.94
10785,313,227,224,2026-02-03 10:51:00,46,73.01
18879,465,264,135,2026-02-03 11:03:00,24,36.2
15054,485,15,153,2026-02-03 11:04:00,41,64.18
10499,253,237,82,2026-02-03 11:08:00,56,87.94
3699,170,244,29,2026-02-03 11:10:00,12,21.88
7535,410,201,88,2026-02-03 11:15:00,16,29.54
1930,74,261,155,2026-02-03 11:27:00,24,36.85
2937,387,85,259,2026-02-03 11:28:00,47,72.74
18628,346,88,246,2026-02-03 11:35:00,39,61.31
7405,335,166,115,2026-02-03 11:36:00,32,52.93
16843,64,48,117,2026-02-03 11:49:00,33,53.73
6907,313,98,98,2026-02-03 11:56:00,42,69.03
5755,163,14,250,2026-02-03 11:57:00,27,47.65
18687,169,244,58,2026-02-03 11:57:00,45,69.03
6713,302,111,255,2026-02-03 12:06:00,48,75.49
19950,185,161,33,2026-02-03 12:10:00,43,65.0
6552,94,30,42,2026-02-03 12:19:00,34,52.62
6780,499,86,236,2026-02-03 12:19:00,7,15.61
3017,434,223,201,2026-02-03 12:21:00,30,49.09
11437,28,134,133,2026-02-03 12:25:00,53,88.82
3712,240,253,130,2026-02-03 12:34:00,50,78.03
17231,224,160,114,2026-02-03 12:36:00,41,64.72
5156,467,226,163,2026-02-03 12:49:00,58,92.81
16085,239,247,142,2026-02-03 12:50:00,19,35.12
13384,472,219,184,2026-02-03 12:53:00,53,80.92
3588,365,216,18,2026-02-03 12:54:00,36,53.68
7006,422,215,25,2026-02-03 12:54:00,5,9.94
17823,241,129,253,2026-02-03 12:55:00,43,66.68
12698,218,125,156,2026-02-03 13:03:00,46,71.11
9501,463,14,254,2026-02-03 13:06:00,35,55.09
6411,417,138,216,2026-02-03 13:07:00,28,48.0
11780,210,116,161,2026-02-03 13:21:00,9,14.07
1843,418,135,258,2026-02-03 13:26:00,23,36.3
19837,43,58,16,2026-02-03 13:38:00,12,21.96
2748,431,96,40,2026-02-03 13:49:00,60,90.12
1603,399,110,195,2026-02-03 14:04:00,48,73.99
14426,478,208,112,2026-02-03 14:06:00,16,25.93
6728,75,146,3,2026-02-03 14:06:00,47,75.02
17596,464,121,115,2026-02-03 14:14:00,30,46.1
3541,252,109,60,2026-02-03 14:39:00,8,16.37
10375,356,249,150,2026-02-03 14:53:00,7,14.15
1335,332,175,61,2026-02-03 14:58:00,9,14.18
3283,340,97,261,2026-02-03 14:59:00,57,88.55
11859,192,87,234,2026-02-03 15:01:00,24,40.24
4043,159,244,64,2026-02-03 15:12:00,48,75.4
16753,392,104,58,2026-02-03 15:16:00,56,87.46
2607,442,26,5,2026-02-03 15:20:00,52,80.11
13958,410,136,75,2026-02-03 15:34:00,58,92.32
6955,410,115,227,2026-02-03 15:50:00,57,88.6
16355,56,54,164,2026-02-03 16:06:00,7,13.46
18223,311,204,132,2026-02-03 16:07:00,52,82.43
19024,482,181,176,2026-02-03 16:24:00,48,74.45
15749,30,152,202,2026-02-03 16:26:00,54,85.32
17699,74,33,110,2026-02-03 16:41:00,6,12.77
7975,240,221,253,2026-02-03 16:42:00,50,80.41
18491,235,158,53,2026-02-03 16:43:00,38,60.12
3850,297,128,261,2026-02-03 16:45:00,20,31.56
1339,77,103,243,2026-02-03 16:48:00,14,24.73
6264,43,217,153,2026-02-03 16:53:00,14,25.37
12278,164,37,79,2026-02-03 16:56:00,17,28.38
4546,245,50,184,2026-02-03 16:58:00,52,80.03
7777,243,68,246,2026-02-03 16:59:00,54,84.37
16300,268,159,3,2026-02-03 17:00:00,27,44.39
3376,109,250,11,2026-02-03 17:07:00,54,86.67
5983,100,81,232,2026-02-03 17:19:00,10,22.27
1414,273,85,3,2026-02-03 17:36:00,58,90.72
16891,196,181,70,2026-02-03 17:56:00,45,67.53
13750,443,26,177,2026-02-03 18:04:00,9,18.03
7398,54,101,87,2026-02-03 18:25:00,19,30.3
9066,198,103,38,2026-02-03 18:30:00,17,28.2
9874,66,21,262,2026-02-03 18:36:00,31,50.07
17161,122,42,19,2026-02-03 18:38:00,41,63.58
14840,121,214,82,2026-02-03 18:40:00,38,61.3
19465,142,24,114,2026-02-03 18:54:00,26,45.02
11201,159,73,167,2026-02-03 19:07:00,6,10.04
15421,115,231,203,2026-02-03 19:09:00,37,57.79
15955,278,46,94,2026-02-03 19:27:00,56,83.48
17970,85,32,82,2026-02-03 19:29:00,45,70.73
5038,146,208,40,2026-02-03 19:49:00,46,72.72
10451,159,66,144,2026-02-03 19:50:00,60,87.81
13903,54,141,76,2026-02-03 20:08:00,56,88.25
4614,220,122,4,2026-02-03 20:09:00,49,75.54
3771,344,255,48,2026-02-03 20:24:00,42,68.56
1321,264,236,230,2026-02-03 20:31:00,12,23.65
11897,112,124,65,2026-02-03 20:34:00,56,88.99
5366,252,126,91,2026-02-03 20:39:00,21,36.01
6672,420,222,93,2026-02-03 21:03:00,26,40.97
1914,55,183,47,2026-02-03 21:07:00,43,63.71
9788,335,98,168,2026-02-03 21:09:00,22,36.21
6336,60,169,180,2026-02-03 21:13:00,30,52.2
5940,467,222,124,2026-02-03 21:19:00,26,42.08
11309,2,254,183,2026-02-03 21:21:00,37,56.44
18885,277,221,90,2026-02-03 21:29:00,22,40.87
7463,131,76,230,2026-02-03 21:35:00,26,38.16
16920,368,143,228,2026-02-03 21:38:00,20,29.0
13697,380,247,52,2026-02-03 21:39:00,54,83.42
18459,23,143,80,2026-02-03 21:42:00,17,28.91
4979,392,138,56,2026-02-03 21:58:00,43,66.26
5408,86,259,132,2026-02-03 21:59:00,35,56.06
18242,49,57,99,2026-02-03 22:02:00,27,41.31
2351,411,140,115,2026-02-03 22:11:00,5,8.98
2108,186,261,122,2026-02-03 22:13:00,47,76.43
7157,488,40,186,2026-02-03 22:26:00,29,46.78
18347,438,122,203,2026-02-03 22:28:00,15,25.37
5540,190,150,145,2026-02-03 22:35:00,50,80.78
15910,235,31,9,2026-02-03 22:37:00,7,12.55
11420,452,165,30,2026-02-03 22:57:00,15,26.68
265,478,127,198,2026-02-03 23:05:00,11,16.91
13011,267,16,180,2026-02-03 23:25:00,46,69.06
4861,243,180,120,2026-02-03 23:26:00,14,21.81
19803,471,219,114,2026-02-03 23:31:00,36,61.53
7563,21,168,93,2026-02-03 23:32:00,18,30.85
18818,418,88,169,2026-02-03 23:35:00,37,58.12
3993,215,167,157,2026-02-03 23:35:00,37,57.67
1485,214,166,100,2026-02-03 23:35:00,56,88.61
14788,394,262,140,2026-02-03 23:37:00,42,64.69
19401,110,67,8,2026-02-03 23:41:00,10,15.15
9594,321,219,139,2026-02-03 23:44:00,17,29.07
677,377,176,78,2026-02-03 23:45:00,37,56.28
9279,439,219,236,2026-02-03 23:55:00,19,29.45
16341,459,42,231,2026-02-04 00:08:00,6,17.64
6320,105,57,65,2026-02-04 00:09:00,21,37.24
8494,150,18,151,2026-02-04 00:26:00,33,50.54
16406,212,155,133,2026-02-04 00:34:00,47,76.99
18639,325,228,242,2026-02-04 00:46:00,50,79.49
19876,94,135,206,2026-02-04 00:49:00,42,66.26
2467,440,115,160,2026-02-04 00:54:00,23,37.62
5035,66,110,3,2026-02-04 00:56:00,9,16.28
6428,309,117,60,2026-02-04 01:10:00,24,36.56
9621,75,255,122,2026-02-04 01:12:00,47,76.44
9090,176,2,54,2026-02-04 01:23:00,26,39.76
19683,46,69,26,2026-02-04 01:24:00,48,76.21
951,318,265,203,2026-02-04 01:26:00,48,73.94
14252,91,63,53,2026-02-04 01:41:00,30,49.68
7342,433,93,188,2026-02-04 01:49:00,25,41.13
14330,500,230,230,2026-02-04 01:50:00,5,13.37
18672,265,58,204,2026-02-04 01:55:00,34,55.84
18803,328,234,162,2026-02-04 02:15:00,26,38.67
17632,32,154,152,2026-02-04 02:19:00,26,40.67
12766,347,189,117,2026-02-04 02:20:00,25,43.12
8344,105,139,256,2026-02-04 02:28:00,8,15.63
19135,12,194,123,2026-02-04 02:35:00,41,61.97
4445,133,56,7,2026-02-04 02:35:00,43,63.5
10468,402,74,108,2026-02-04 02:47:00,24,39.55
10457,95,65,30,2026-02-04 02:47:00,44,66.64
1526,334,110,114,2026-02-04 02:49:00,28,45.64
11205,364,29,5,2026-02-04 02:51:00,38,61.76
5144,82,252,3,2026-02-04 02:51:00,36,59.51
2962,487,27,77,2026-02-04 03:00:00,33,53.87
13297,84,223,242,2026-02-04 03:02:00,6,10.51
6313,377,265,254,2026-02-04 03:05:00,52,80.46
8622,356,166,210,2026-02-04 03:07:00,31,50.48
12550,304,218,100,2026-02-04 03:08:00,14,22.53
19057,176,33,72,2026-02-04 03:10:00,6,11.49
7427,385,221,26,2026-02-04 03:14:00,15,26.08
10822,176,153,116,2026-02-04 03:28:00,34,55.41
17144,21,19,74,2026-02-04 03:30:00,44,64.78
10939,157,185,170,2026-02-04 03:31:00,54,88.5
9725,457,32,26,2026-02-04 03:33:00,31,50.94
1177,303,46,31,2026-02-04 03:34:00,18,37.87
5260,337,183,86,2026-02-04 03:40:00,16,26.58
7353,254,5,223,2026-02-04 03:43:00,55,86.27
5225,91,101,32,2026-02-04 04:06:00,23,36.55
10519,499,10,55,2026-02-04 04:09:00,46,77.16
11606,331,217,206,2026-02-04 04:21:00,33,51.9
19043,181,79,88,2026-02-04 04:31:00,25,43.49
5911,409,71,157,2026-02-04 04:32:00,59,91.43
2708,69,190,127,2026-02-04 04:33:00,38,60.31
17759,251,4,184,2026-02-04 04:58:00,33,52.66
19518,209,227,165,2026-02-04 05:04:00,10,20.73
7857,206,32,262,2026-02-04 05:07:00,53,79.63
53,101,132,185,2026-02-04 05:07:00,47,74.07
681,77,65,187,2026-02-04 05:11:00,43,66.13
10862,433,27,14,2026-02-04 05:14:00,48,70.99
14467,414,240,16,2026-02-04 05:18:00,53,86.05
14442,299,117,253,2026-02-04 05:20:00,13,24.49
12615,498,129,133,2026-02-04 05:32:00,45,70.98
17445,79,132,201,2026-02-04 05:46:00,10,17.9
17453,388,263,143,2026-02-04 05:57:00,7,14.98
8924,389,90,27,2026-02-04 06:03:00,22,35.01
7668,128,168,106,2026-02-04 06:10:00,22,33.15
2224,340,88,207,2026-02-04 06:16:00,43,71.89
10901,81,53,180,2026-02-04 06:29:00,51,78.5
7424,328,169,265,2026-02-04 07:14:00,41,63.48
13473,345,9,165,2026-02-04 07:18:00,54,82.88
346,52,90,253,2026-02-04 07:18:00,32,52.5
13259,412,56,121,2026-02-04 07:24:00,34,55.26
5793,357,221,130,2026-02-04 07:25:00,11,19.06
17645,13,204,70,2026-02-04 07:26:00,58,92.46
9327,477,132,127,2026-02-04 07:42:00,40,64.33
9858,198,35,131,2026-02-04 08:00:00,36,58.1
12063,31,33,210,2026-02-04 08:06:00,26,45.26
10411,499,196,24,2026-02-04 08:15:00,38,58.36
2258,105,158,117,2026-02-04 08:15:00,56,84.74
17225,281,39,91,2026-02-04 08:19:00,29,46.16
11176,31,111,103,2026-02-04 08:19:00,36,58.72
637,6,156,96,2026-02-04 08:20:00,18,29.67
10504,500,23,168,2026-02-04 08:36:00,41,64.09
10855,485,58,75,2026-02-04 08:40:00,55,85.61
17019,364,213,106,2026-02-04 09:06:00,32,52.41
9692,222,214,246,2026-02-04 09:09:00,56,86.7
10167,250,134,241,2026-02-04 09:13:00,48,75.74
1454,215,157,233,2026-02-04 09:23:00,11,18.82
12667,100,76,152,2026-02-04 09:31:00,26,40.52
3536,125,153,22,2026-02-04 09:33:00,10,18.95
4735,106,145,114,2026-02-04 09:38:00,23,31.49
10634,372,74,133,2026-02-04 09:39:00,38,62.15
19524,185,156,51,2026-02-04 09:41:00,42,64.85
9676,33,243,176,2026-02-04 09:42:00,35,56.09
14589,38,130,110,2026-02-04 09:45:00,10,14.75
9442,394,204,181,2026-02-04 09:49:00,6,12.19
10230,480,193,20,2026-02-04 10:06:00,13,20.54
19384,39,86,248,2026-02-04 10:17:00,46,72.8
17490,304,43,152,2026-02-04 10:19:00,25,39.7
996,188,143,147,2026-02-04 10:33:00,7,12.97
4385,331,37,247,2026-02-04 10:39:00,56,88.52
9167,330,161,57,2026-02-04 10:49:00,56,83.88
17986,26,22,4,2026-02-04 10:52:00,33,55.08
6922,343,117,128,2026-02-04 10:57:00,15,21.62
17205,281,214,242,2026-02-04 11:05:00,56,85.7
3854,203,263,226,2026-02-04 11:13:00,32,51.46
8721,111,209,140,2026-02-04 11:17:00,57,90.83
4299,239,249,245,2026-02-04 11:22:00,12,19.69
4828,89,105,210,2026-02-04 11:36:00,47,73.99
8184,320,188,184,2026-02-04 11:41:00,29,48.71
18200,402,67,220,2026-02-04 11:45:00,35,56.3
19399,492,58,95,2026-02-04 12:04:00,5,7.98
18487,272,117,54,2026-02-04 12:10:00,51,78.31
19081,464,196,131,2026-02-04 12:13:00,12,19.04
537,84,42,140,2026-02-04 12:20:00,47,74.56
19689,15,140,8,2026-02-04 12:21:00,57,92.89
17829,364,162,96,2026-02-04 12:34:00,33,53.64
5160,94,96,247,2026-02-04 12:35:00,13,22.7
6824,378,204,162,2026-02-04 12:38:00,6,10.25
19596,497,146,257,2026-02-04 12:52:00,48,73.4
12990,395,56,161,2026-02-04 12:56:00,47,72.33
3967,22,18,199,2026-02-04 12:56:00,31,49.31
11041,117,205,169,2026-02-04 12:57:00,37,58.58
2337,289,173,76,2026-02-04 13:17:00,16,27.95
6039,416,73,92,2026-02-04 13:36:00,5,12.13
13039,6,241,154,2026-02-04 13:40:00,22,34.64
3371,328,48,57,2026-02-04 13:50:00,31,51.47
2713,176,55,232,2026-02-04 13:50:00,57,86.42
2334,220,106,45,2026-02-04 14:00:00,18,29.53
5934,345,152,255,2026-02-04 14:03:00,35,51.05
18515,383,26,41,2026-02-04 14:19:00,8,16.81
11893,237,145,134,2026-02-04 14:23:00,17,26.44
12713,97,69,183,2026-02-04 14:23:00,49,75.65
19847,222,147,30,2026-02-04 14:25:00,11,24.31
2171,215,101,166,2026-02-04 14:26:00,53,83.94
10204,199,240,66,2026-02-04 14:27:00,30,48.1
2893,132,207,101,2026-02-04 14:38:00,49,76.7
12104,116,252,44,2026-02-04 14:42:00,5,15.67
12095,242,5,37,2026-02-04 14:44:00,32,48.93
7755,387,135,34,2026-02-04 14:52:00,8,16.47
17486,203,44,221,2026-02-04 14:56:00,20,32.71
1343,325,177,254,2026-02-04 15:02:00,54,84.46
14269,255,219,183,2026-02-04 15:04:00,45,70.3
13816,315,76,49,2026-02-04 15:17:00,50,79.19
19490,368,116,257,2026-02-04 15:17:00,17,29.57
12909,477,147,173,2026-02-04 15:25:00,34,54.17
14008,160,23,121,2026-02-04 15:40:00,54,81.56
16113,201,168,261,2026-02-04 15:48:00,33,51.15
9112,398,170,180,2026-02-04 16:10:00,22,39.22
9850,407,174,36,2026-02-04 16:15:00,29,46.24
8207,275,119,234,2026-02-04 16:22:00,28,45.29
652,213,200,224,2026-02-04 16:36:00,19,30.94
10632,378,250,208,2026-02-04 16:40:00,51,80.59
1429,424,135,263,2026-02-04 16:48:00,21,32.42
11518,34,1,235,2026-02-04 16:54:00,37,58.54
19724,351,14,108,2026-02-04 17:01:00,10,16.74
8113,256,45,197,2026-02-04 17:09:00,60,89.95
5214,201,244,164,2026-02-04 17:11:00,12,21.72
16339,236,159,167,2026-02-04 17:22:00,11,20.89
18511,248,154,179,2026-02-04 17:36:00,48,74.65
7827,23,3,188,2026-02-04 17:36:00,54,85.0
14905,174,80,67,2026-02-04 17:36:00,25,43.1
3056,387,1,66,2026-02-04 17:41:00,58,86.44
5223,435,12,165,2026-02-04 17:43:00,6,12.37
12848,96,239,264,2026-02-04 17:44:00,56,88.8
14266,206,233,225,2026-02-04 17:46:00,30,49.53
4358,219,75,168,2026-02-04 17:58:00,7,13.94
15068,83,21,78,2026-02-04 18:04:00,58,87.63
4835,167,21,148,2026-02-04 18:10:00,32,49.94
17193,114,56,248,2026-02-04 18:17:00,23,37.02
12030,123,193,31,2026-02-04 18:18:00,52,81.42
10750,112,262,182,2026-02-04 18:25:00,20,34.28
1552,279,131,168,2026-02-04 18:27:00,32,50.97
16245,232,207,97,2026-02-04 18:31:00,45,71.61
10659,221,254,85,2026-02-04 18:40:00,51,80.38
2543,344,155,132,2026-02-04 18:49:00,35,53.08
6167,358,144,70,2026-02-04 18:49:00,45,67.67
6087,419,44,101,2026-02-04 19:11:00,29,47.71
6347,10,11,108,2026-02-04 19:12:00,15,22.67
18667,156,52,108,2026-02-04 19:19:00,38,60.99
19372,43,184,52,2026-02-04 19:22:00,48,74.79
17016,302,223,105,2026-02-04 19:23:00,45,70.4
6537,56,95,108,2026-02-04 19:25:00,33,50.38
3314,310,5,111,2026-02-04 19:29:00,34,55.16
4374,364,94,62,2026-02-04 19:50:00,16,28.33
19374,438,6,192,2026-02-04 19:52:00,41,64.3
14361,116,101,174,2026-02-04 19:57:00,54,84.35
3484,100,121,231,2026-02-04 19:57:00,10,18.8
9950,68,119,192,2026-02-04 19:59:00,12,22.76
16668,298,165,130,2026-02-04 20:03:00,49,77.75
14648,129,20,154,2026-02-04 20:18:00,59,90.06
5187,269,68,234,2026-02-04 20:20:00,24,39.66
10735,19,208,4,2026-02-04 20:25:00,12,21.6
1858,169,52,180,2026-02-04 20:33:00,7,13.38
13549,227,121,154,2026-02-04 20:42:00,16,28.93
19027,460,137,226,2026-02-04 20:44:00,27,44.38
7519,120,90,97,2026-02-04 20:45:00,7,15.95
9796,271,158,39,2026-02-04 20:51:00,47,70.65
4506,209,82,33,2026-02-04 21:01:00,30,47.23
8463,293,221,122,2026-02-04 21:16:00,17,28.99
4678,209,58,17,2026-02-04 21:24:00,17,31.21
6794,453,162,25,2026-02-04 21:28:00,42,65.96
7400,334,89,64,2026-02-04 21:29:00,34,59.12
14117,350,15,46,2026-02-04 21:30:00,20,27.36
13573,85,217,103,2026-02-04 21:31:00,14,21.11
18591,360,192,37,2026-02-04 21:34:00,20,35.26
10593,458,56,105,2026-02-04 21:37:00,13,23.81
10776,137,70,73,2026-02-04 21:41:00,43,69.36
8341,74,79,252,2026-02-04 21:43:00,58,91.09
16830,194,129,39,2026-02-04 21:51:00,36,58.41
11479,200,59,243,2026-02-04 22:01:00,16,26.76
7561,64,196,229,2026-02-04 22:09:00,26,41.86
16054,305,208,2,2026-02-04 22:11:00,42,67.02
3497,400,166,124,2026-02-04 22:21:00,48,73.92
18067,377,163,223,2026-02-04 22:35:00,52,77.87
14406,499,166,42,2026-02-04 22:40:00,39,60.37
2510,457,63,17,2026-02-04 22:41:00,14,28.02
1230,324,27,27,2026-02-04 22:41:00,53,84.39
3783,137,262,255,2026-02-04 22:49:00,47,72.63
18769,130,112,220,2026-02-04 22:50:00,55,86.27
1756,134,10,114,2026-02-04 22:51:00,38,54.48
4143,302,15,17,2026-02-04 22:53:00,25,38.63
313,287,196,16,2026-02-04 22:58:00,12,20.5
3543,245,62,29,2026-02-04 23:11:00,37,59.46
2398,104,37,208,2026-02-04 23:18:00,21,36.25
18475,329,123,141,2026-02-04 23:21:00,32,52.84
19507,316,180,33,2026-02-04 23:30:00,43,66.66
15862,106,147,51,2026-02-04 23:34:00,35,52.04
19487,415,21,215,2026-02-04 23:35:00,16,26.74
17111,492,104,56,2026-02-04 23:42:00,16,27.01
5394,303,210,34,2026-02-04 23:46:00,55,85.82
5779,267,38,246,2026-02-04 23:58:00,45,68.77
12231,474,249,48,2026-02-05 00:05:00,10,16.18
7061,190,15,99,2026-02-05 00:12:00,37,58.85
1038,391,113,115,2026-02-05 00:15:00,6,9.64
16459,117,86,175,2026-02-05 00:15:00,19,32.02
7916,433,160,25,2026-02-05 00:23:00,10,16.07
18359,202,152,183,2026-02-05 00:30:00,43,67.23
4454,474,58,77,2026-02-05 00:31:00,50,81.3
18438,230,237,239,2026-02-05 00:37:00,20,34.51
7591,302,4,114,2026-02-05 00:47:00,19,30.75
19861,89,236,252,2026-02-05 00:51:00,22,34.58
7131,405,87,63,2026-02-05 00:52:00,45,72.57
14756,97,119,18,2026-02-05 00:59:00,18,30.33
16614,112,24,239,2026-02-05 01:01:00,53,83.03
1094,106,39,69,2026-02-05 01:02:00,28,45.14
12005,15,136,175,2026-02-05 01:05:00,41,62.97
5230,449,47,203,2026-02-05 01:08:00,34,54.93
10309,310,248,82,2026-02-05 01:28:00,5,11.83
12608,185,22,236,2026-02-05 01:31:00,6,10.61
14251,317,227,141,2026-02-05 01:43:00,54,81.45
10174,118,145,135,2026-02-05 01:46:00,21,36.39
13407,376,152,131,2026-02-05 01:55:00,52,81.31
15651,265,220,157,2026-02-05 02:06:00,31,46.39
4947,39,207,183,2026-02-05 02:10:00,22,36.36
19352,62,110,170,2026-02-05 02:11:00,56,89.28
18858,476,82,41,2026-02-05 02:11:00,58,95.67
9971,304,114,127,2026-02-05 02:13:00,25,42.12
4375,219,167,37,2026-02-05 02:21:00,13,23.47
19065,432,76,56,2026-02-05 02:35:00,31,46.77
3871,466,3,221,2026-02-05 02:50:00,12,20.44
7610,265,190,246,2026-02-05 02:59:00,26,43.13
2468,310,203,79,2026-02-05 03:06:00,23,35.33
8832,161,25,83,2026-02-05 03:11:00,15,24.97
13428,366,241,38,2026-02-05 03:13:00,5,13.04
6219,439,9,154,2026-02-05 03:16:00,53,80.45
19835,253,65,191,2026-02-05 03:22:00,60,90.87
9041,251,204,250,2026-02-05 03:24:00,31,49.8
12097,274,66,86,2026-02-05 03:34:00,12,20.57
4640,333,72,187,2026-02-05 03:43:00,26,40.0
7361,330,2,219,2026-02-05 03:44:00,30,48.54
17732,257,64,103,2026-02-05 03:44:00,42,66.14
12689,118,253,28,2026-02-05 03:49:00,40,64.47
19820,303,102,33,2026-02-05 03:52:00,34,54.91
5308,244,226,8,2026-02-05 03:55:00,25,36.61
15542,103,135,246,2026-02-05 03:56:00,44,69.56
7036,31,96,70,2026-02-05 03:57:00,16,30.48
14708,73,36,95,2026-02-05 04:07:00,14,24.8
1480,233,48,188,2026-02-05 04:08:00,12,18.29
9564,196,214,48,2026-02-05 04:21:00,35,55.54
14089,191,171,178,2026-02-05 04:33:00,58,90.73
1584,223,37,8,2026-02-05 04:39:00,53,82.13
6178,419,145,139,2026-02-05 04:45:00,15,23.56
17480,239,67,62,2026-02-05 04:58:00,8,16.73
19248,114,139,221,2026-02-05 04:59:00,59,93.28
6435,432,223,162,2026-02-05 05:00:00,43,69.1
4488,326,117,105,2026-02-05 05:00:00,36,59.78
5247,138,48,250,2026-02-05 05:00:00,18,29.76
8252,343,27,2,2026-02-05 05:07:00,26,40.66
7744,446,187,215,2026-02-05 05:07:00,21,37.15
2569,410,137,33,2026-02-05 05:09:00,15,31.06
18436,292,123,123,2026-02-05 05:37:00,28,46.95
5088,180,110,34,2026-02-05 05:44:00,12,23.05
6646,408,10,192,2026-02-05 05:53:00,47,71.6
2886,405,204,67,2026-02-05 05:58:00,53,80.21
19153,364,263,40,2026-02-05 06:03:00,6,12.43
7150,350,246,169,2026-02-05 06:07:00,55,84.86
15555,59,75,79,2026-02-05 06:21:00,13,22.63
5080,132,198,178,2026-02-05 06:22:00,39,60.27
10539,27,233,186,2026-02-05 06:26:00,27,43.85
10766,130,249,78,2026-02-05 06:31:00,16,30.04
19481,7,39,32,2026-02-05 06:31:00,39,57.88
18774,109,141,129,2026-02-05 06:40:00,19,36.8
9036,223,192,71,2026-02-05 06:55:00,33,53.8
4570,342,162,96,2026-02-05 06:56:00,53,80.27
18597,174,25,260,2026-02-05 07:00:00,45,69.36
15367,283,185,136,2026-02-05 07:01:00,59,92.56
16874,17,178,208,2026-02-05 07:02:00,15,24.31
4362,466,118,211,2026-02-05 07:06:00,21,38.23
13427,389,189,237,2026-02-05 07:28:00,6,7.73
1781,350,222,240,2026-02-05 07:34:00,59,85.65
15299,497,179,105,2026-02-05 07:37:00,56,0.0
1670,10,100,22,2026-02-05 07:45:00,50,75.81
12829,468,4,205,2026-02-05 07:58:00,27,40.54
11003,237,132,106,2026-02-05 08:11:00,59,91.77
3904,138,125,19,2026-02-05 08:13:00,50,79.07
1545,8,243,66,2026-02-05 08:21:00,32,51.73
14311,107,250,152,2026-02-05 08:21:00,10,18.38
1274,150,216,224,2026-02-05 08:22:00,34,54.04
16833,41,226,70,2026-02-05 08:28:00,37,58.82
10803,457,205,236,2026-02-05 08:50:00,27,43.3
18079,365,159,4,2026-02-05 08:53:00,37,58.23
2054,33,209,138,2026-02-05 09:06:00,18,32.62
2564,283,262,101,2026-02-05 09:17:00,9,20.21
3838,435,160,256,2026-02-05 09:17:00,7,14.24
15273,4,239,240,2026-02-05 10:08:00,31,48.9
6568,21,124,37,2026-02-05 10:08:00,60,94.14
18871,50,202,85,2026-02-05 10:12:00,22,35.63
6615,270,236,5,2026-02-05 10:17:00,52,80.0
13067,43,229,125,2026-02-05 10:29:00,45,70.43
6255,93,157,52,2026-02-05 10:48:00,33,56.83
15602,376,253,202,2026-02-05 10:49:00,12,23.03
9876,202,31,5,2026-02-05 10:50:00,19,31.16
2483,221,132,73,2026-02-05 11:05:00,39,62.12
15837,405,57,179,2026-02-05 11:17:00,46,76.43
5579,399,242,187,2026-02-05 11:17:00,6,13.98
1994,391,259,158,2026-02-05 11:29:00,60,91.79
18409,111,151,221,2026-02-05 11:40:00,58,88.53
1997,61,202,92,2026-02-05 11:48:00,11,22.49
11675,74,16,67,2026-02-05 11:51:00,39,59.37
18621,237,123,65,2026-02-05 12:01:00,52,82.51
18854,204,96,138,2026-02-05 12:05:00,58,91.26
3559,341,95,103,2026-02-05 12:15:00,37,59.86
5673,62,163,67,2026-02-05 12:17:00,55,88.87
12767,103,181,42,2026-02-05 12:26:00,56,86.79
14626,355,63,10,2026-02-05 12:33:00,27,44.78
2129,93,217,30,2026-02-05 12:34:00,41,62.69
12371,114,201,32,2026-02-05 12:36:00,29,46.13
10518,237,108,154,2026-02-05 12:44:00,52,80.5
4894,174,248,78,2026-02-05 12:47:00,16,25.68
4461,496,232,204,2026-02-05 12:49:00,31,48.54
9965,273,206,87,2026-02-05 12:53:00,35,56.58
1887,391,58,91,2026-02-05 12:58:00,5,7.0
18033,403,240,252,2026-02-05 12:58:00,12,19.96
11530,253,115,189,2026-02-05 13:18:00,13,24.24
7573,422,168,148,2026-02-05 13:36:00,45,70.52
11223,235,243,265,2026-02-05 13:55:00,36,58.5
7661,171,111,107,2026-02-05 14:10:00,42,66.49
16092,373,20,201,2026-02-05 14:12:00,10,14.37
13849,243,182,201,2026-02-05 14:15:00,16,25.36
10536,24,128,178,2026-02-05 14:17:00,23,38.08
11664,439,143,215,2026-02-05 14:19:00,28,41.75
18430,20,130,145,2026-02-05 14:21:00,11,19.28
13861,476,120,218,2026-02-05 14:22:00,9,16.84
339,89,90,46,2026-02-05 14:29:00,36,56.38
11748,149,13,244,2026-02-05 14:37:00,28,45.41
6872,87,91,188,2026-02-05 14:39:00,13,22.24
15887,20,206,110,2026-02-05 14:39:00,51,78.56
5103,221,85,77,2026-02-05 14:40:00,21,34.73
8809,230,201,159,2026-02-05 14:43:00,7,14.73
11937,89,226,62,2026-02-05 14:45:00,21,34.99
2991,163,202,9,2026-02-05 14:49:00,23,34.27
11639,311,217,258,2026-02-05 15:00:00,18,28.52
8044,294,226,186,2026-02-05 15:02:00,40,63.96
15935,116,215,63,2026-02-05 15:05:00,53,83.48
5744,127,256,137,2026-02-05 15:11:00,42,62.49
1207,328,84,16,2026-02-05 15:20:00,31,51.54
8152,416,238,17,2026-02-05 15:29:00,28,46.24
602,50,210,75,2026-02-05 15:42:00,34,52.53
5340,408,30,65,2026-02-05 15:51:00,6,10.32
15308,322,123,129,2026-02-05 16:07:00,35,57.3
12534,51,115,209,2026-02-05 16:17:00,18,31.18
12067,36,218,39,2026-02-05 16:25:00,24,36.23
9461,164,145,111,2026-02-05 16:36:00,9,14.2
15636,94,139,126,2026-02-05 16:41:00,54,86.06
15148,473,48,85,2026-02-05 16:48:00,60,94.4
19042,419,31,244,2026-02-05 17:13:00,48,76.73
6031,488,47,124,2026-02-05 17:17:00,17,33.0
17424,185,177,57,2026-02-05 17:29:00,5,7.91
8321,359,97,97,2026-02-05 17:38:00,46,70.84
19971,181,52,100,2026-02-05 17:41:00,8,11.88
4319,431,163,223,2026-02-05 17:49:00,58,90.81
16338,321,259,125,2026-02-05 17:53:00,5,7.43
1921,13,25,58,2026-02-05 17:55:00,10,15.22
18754,261,216,75,2026-02-05 18:01:00,19,28.98
7415,108,249,240,2026-02-05 18:02:00,19,28.67
13398,382,122,257,2026-02-05 18:10:00,58,92.39
5956,99,191,141,2026-02-05 18:12:00,43,69.2
14202,234,240,59,2026-02-05 18:26:00,36,52.95
8489,267,172,234,2026-02-05 18:27:00,18,29.49
13095,60,175,232,2026-02-05 18:35:00,49,77.31
1649,43,121,53,2026-02-05 18:39:00,14,19.34
19269,402,99,115,2026-02-05 18:40:00,7,14.82
15201,157,5,13,2026-02-05 18:44:00,35,55.32
11478,232,80,218,2026-02-05 18:51:00,7,16.09
4068,431,173,54,2026-02-05 18:53:00,18,27.29
13309,384,109,183,2026-02-05 19:10:00,46,69.88
7822,141,50,175,2026-02-05 19:14:00,34,54.92
19930,353,98,175,2026-02-05 19:15:00,26,41.67
1137,335,66,1,2026-02-05 19:16:00,57,91.09
3016,95,36,66,2026-02-05 19:20:00,32,51.71
3607,369,247,103,2026-02-05 19:38:00,21,34.48
18544,389,247,263,2026-02-05 19:38:00,14,23.62
6183,407,95,109,2026-02-05 19:39:00,10,20.75
11485,189,57,154,2026-02-05 19:43:00,15,29.25
1626,82,196,8,2026-02-05 19:57:00,43,63.18
6282,23,110,196,2026-02-05 20:03:00,58,92.29
1789,136,207,1,2026-02-05 20:10:00,42,63.65
3545,238,195,234,2026-02-05 20:14:00,12,24.07
14807,192,20,8,2026-02-05 20:30:00,16,30.8
443,355,178,80,2026-02-05 20:32:00,44,68.31
7616,177,53,26,2026-02-05 20:34:00,13,24.39
6941,73,82,109,2026-02-05 20:44:00,35,53.71
10335,248,57,190,2026-02-05 20:48:00,32,48.08
16176,419,182,177,2026-02-05 20:55:00,18,30.13
6634,315,11,105,2026-02-05 20:59:00,31,48.81
1097,216,154,179,2026-02-05 21:02:00,31,48.35
14410,426,40,39,2026-02-05 21:02:00,31,46.18
11345,480,64,46,2026-02-05 21:14:00,43,64.74
1957,325,104,24,2026-02-05 21:39:00,16,29.43
3101,156,132,90,2026-02-05 21:41:00,10,13.4
10127,233,102,17,2026-02-05 21:43:00,52,78.23
5775,15,241,134,2026-02-05 21:44:00,35,56.38
10929,391,55,231,2026-02-05 21:45:00,18,32.01
14425,341,16,13,2026-02-05 21:45:00,33,51.22
3897,35,15,32,2026-02-05 22:12:00,53,82.66
12451,293,26,246,2026-02-05 22:23:00,54,84.91
3713,269,221,200,2026-02-05 22:23:00,22,33.78
2043,91,253,26,2026-02-05 22:58:00,19,33.27
16721,285,130,256,2026-02-05 23:03:00,48,78.35
19377,186,79,235,2026-02-05 23:03:00,14,24.04
10772,169,264,80,2026-02-05 23:15:00,42,70.88
3754,273,174,142,2026-02-05 23:28:00,25,42.12
18355,212,79,147,2026-02-05 23:40:00,38,57.01
19019,279,200,54,2026-02-06 00:02:00,32,50.74
2190,465,40,235,2026-02-06 00:03:00,52,84.89
19869,65,250,91,2026-02-06 00:05:00,33,54.87
11633,326,202,235,2026-02-06 00:09:00,7,14.61
5354,481,36,199,2026-02-06 00:12:00,50,74.9
15348,228,150,22,2026-02-06 00:23:00,46,71.64
1244,305,193,17,2026-02-06 00:23:00,28,42.6
11487,437,30,179,2026-02-06 00:50:00,27,46.25
6584,28,143,262,2026-02-06 00:56:00,21,30.62
16811,237,117,163,2026-02-06 00:59:00,11,20.28
13838,22,169,10,2026-02-06 01:01:00,26,38.19
19608,243,8,85,2026-02-06 01:04:00,55,88.13
18991,366,153,7,2026-02-06 01:10:00,7,13.94
19234,369,113,100,2026-02-06 01:27:00,54,84.12
9122,349,166,229,2026-02-06 01:42:00,27,40.62
91,240,214,118,2026-02-06 01:44:00,51,78.19
1205,248,102,198,2026-02-06 01:44:00,50,77.92
4333,321,54,244,2026-02-06 01:48:00,11,22.19
2189,29,188,86,2026-02-06 02:02:00,56,86.12
15604,240,37,147,2026-02-06 02:05:00,24,41.11
2670,471,105,227,2026-02-06 02:16:00,42,65.33
8336,373,112,99,2026-02-06 02:39:00,13,20.2
5185,196,148,146,2026-02-06 02:46:00,47,72.83
15309,339,31,220,2026-02-06 02:47:00,53,84.62
11372,359,142,136,2026-02-06 02:53:00,28,43.68
11096,492,84,22,2026-02-06 03:01:00,26,41.22
10548,298,108,210,2026-02-06 03:11:00,36,58.74
14098,61,198,208,2026-02-06 03:16:00,44,65.44
1018,399,170,25,2026-02-06 03:17:00,60,92.11
4855,169,99,93,2026-02-06 03:23:00,39,62.95
10004,214,218,227,2026-02-06 03:25:00,51,79.79
3084,139,142,108,2026-02-06 03:38:00,34,51.43
7508,29,261,112,2026-02-06 03:51:00,57,92.34
10071,472,150,182,2026-02-06 03:59:00,33,52.9
4025,301,105,175,2026-02-06 04:00:00,17,25.47
3505,462,177,111,2026-02-06 04:03:00,18,33.78
13451,158,148,232,2026-02-06 04:09:00,45,73.17
6405,176,11,149,2026-02-06 04:11:00,52,82.97
3632,151,229,80,2026-02-06 04:18:00,18,31.39
4984,315,257,166,2026-02-06 04:26:00,27,43.86
8946,466,247,231,2026-02-06 04:33:00,23,38.65
2104,446,210,246,2026-02-06 04:37:00,33,53.6
10771,54,36,107,2026-02-06 04:39:00,8,15.23
18526,368,212,55,2026-02-06 04:40:00,22,36.8
14223,31,98,11,2026-02-06 04:44:00,10,14.64
7094,476,195,141,2026-02-06 04:45:00,35,51.81
8931,496,84,25,2026-02-06 04:47:00,56,89.07
19898,57,178,168,2026-02-06 04:56:00,42,65.83
19119,386,91,85,2026-02-06 05:00:00,56,86.46
5091,332,90,18,2026-02-06 05:03:00,51,79.53
7359,145,248,227,2026-02-06 05:15:00,11,15.3
9080,429,196,217,2026-02-06 05:22:00,17,29.36
6883,420,19,149,2026-02-06 05:23:00,10,16.76
7968,55,109,125,2026-02-06 05:29:00,6,11.23
3813,50,140,209,2026-02-06 05:29:00,45,72.59
3397,3,190,38,2026-02-06 05:31:00,14,23.92
19194,16,216,159,2026-02-06 05:37:00,59,90.86
2007,342,219,16,2026-02-06 05:37:00,16,23.14
2456,278,104,69,2026-02-06 05:49:00,43,65.89
18249,378,215,9,2026-02-06 05:56:00,13,21.23
118,18,170,229,2026-02-06 06:06:00,31,48.08
1257,212,137,185,2026-02-06 06:13:00,25,42.27
3863,335,3,171,2026-02-06 06:19:00,24,38.83
5751,91,245,137,2026-02-06 06:20:00,32,50.21
17543,18,136,177,2026-02-06 06:22:00,55,85.5
11292,111,218,157,2026-02-06 06:28:00,13,20.06
8058,14,264,137,2026-02-06 06:31:00,10,18.69
1319,276,37,29,2026-02-06 06:38:00,16,28.06
6536,199,17,228,2026-02-06 06:38:00,24,35.49
13639,483,176,228,2026-02-06 06:46:00,23,36.63
12613,218,194,226,2026-02-06 06:51:00,23,40.42
4554,227,234,89,2026-02-06 06:53:00,19,31.26
14040,112,157,15,2026-02-06 06:59:00,39,63.88
11005,360,178,240,2026-02-06 07:04:00,15,26.8
11555,462,194,102,2026-02-06 07:27:00,56,86.98
8626,150,38,72,2026-02-06 07:31:00,32,54.24
14954,287,127,5,2026-02-06 07:37:00,35,56.17
1615,311,245,172,2026-02-06 07:41:00,13,25.33
15417,10,146,36,2026-02-06 07:46:00,19,26.48
5948,311,92,95,2026-02-06 07:48:00,22,31.76
5448,66,105,66,2026-02-06 07:56:00,58,89.34
5965,129,12,187,2026-02-06 07:59:00,59,97.0
16010,293,131,205,2026-02-06 08:01:00,22,35.71
9567,277,173,7,2026-02-06 08:04:00,13,22.35
6935,136,250,231,2026-02-06 08:06:00,21,40.29
18131,427,194,37,2026-02-06 08:19:00,5,10.1
1870,104,48,110,2026-02-06 08:21:00,17,28.03
18506,484,44,140,2026-02-06 08:30:00,16,24.59
8732,192,258,146,2026-02-06 08:55:00,17,28.2
16074,291,135,69,2026-02-06 09:01:00,51,79.95
19964,233,237,115,2026-02-06 09:02:00,54,87.87
10315,180,87,14,2026-02-06 09:10:00,44,69.91
7347,289,94,151,2026-02-06 09:33:00,39,56.62
11652,47,72,217,2026-02-06 09:33:00,22,34.52
9277,225,5,103,2026-02-06 09:43:00,48,74.35
4993,348,112,57,2026-02-06 09:47:00,48,76.81
7727,174,211,116,2026-02-06 09:59:00,14,22.38
15353,43,78,176,2026-02-06 10:00:00,57,88.84
15260,217,153,195,2026-02-06 10:00:00,41,65.8
7390,123,120,38,2026-02-06 10:07:00,27,41.77
9836,262,122,83,2026-02-06 10:14:00,12,20.61
1423,387,129,208,2026-02-06 10:16:00,23,37.73
6938,423,132,56,2026-02-06 10:19:00,26,39.85
389,357,115,22,2026-02-06 10:28:00,38,57.15
18001,20,248,53,2026-02-06 10:29:00,34,53.94
11983,24,178,232,2026-02-06 10:33:00,34,55.67
3585,457,219,242,2026-02-06 10:43:00,11,19.03
16852,224,197,66,2026-02-06 10:57:00,40,59.2
7267,229,106,260,2026-02-06 11:00:00,60,89.71
13025,321,154,200,2026-02-06 11:01:00,16,23.98
13378,179,78,147,2026-02-06 11:07:00,10,15.58
13542,446,196,42,2026-02-06 11:12:00,34,55.74
16480,95,65,183,2026-02-06 11:14:00,7,10.98
7598,61,231,111,2026-02-06 11:20:00,50,77.17
11115,329,74,37,2026-02-06 11:23:00,29,41.63
16735,272,116,253,2026-02-06 11:34:00,9,20.86
19889,8,43,156,2026-02-06 11:37:00,6,15.81
12070,260,199,209,2026-02-06 11:54:00,56,85.53
16005,106,175,205,2026-02-06 12:01:00,13,21.36
14582,294,217,67,2026-02-06 12:04:00,16,28.84
4214,244,232,195,2026-02-06 12:04:00,29,48.41
13770,76,64,32,2026-02-06 12:08:00,53,80.12
11875,444,67,130,2026-02-06 12:18:00,31,45.18
5729,365,197,115,2026-02-06 12:22:00,35,59.14
14026,217,78,136,2026-02-06 12:22:00,14,21.32
19899,320,89,6,2026-02-06 12:31:00,53,81.75
6346,110,235,137,2026-02-06 12:39:00,52,81.05
18170,140,69,125,2026-02-06 12:48:00,30,42.27
6764,177,179,184,2026-02-06 12:51:00,22,36.73
162,297,242,228,2026-02-06 12:57:00,37,54.23
16369,384,9,141,2026-02-06 13:00:00,30,48.03
4952,57,126,261,2026-02-06 13:04:00,54,84.47
3912,85,54,172,2026-02-06 13:10:00,43,65.66
8452,166,181,240,2026-02-06 13:17:00,46,72.12
17253,346,252,118,2026-02-06 13:31:00,55,83.99
13718,113,116,181,2026-02-06 13:35:00,10,22.24
15507,382,265,30,2026-02-06 13:42:00,39,61.15
2411,79,116,74,2026-02-06 13:42:00,24,35.38
4302,433,236,68,2026-02-06 13:46:00,20,35.99
15625,266,227,139,2026-02-06 13:59:00,23,36.57
300,147,36,201,2026-02-06 13:59:00,20,31.3
16474,370,20,125,2026-02-06 14:09:00,13,21.24
13223,372,97,82,2026-02-06 14:18:00,54,84.53
15380,230,61,253,2026-02-06 14:19:00,40,62.33
18090,217,69,67,2026-02-06 14:32:00,33,51.57
6996,176,248,36,2026-02-06 14:38:00,34,55.8
14041,282,61,46,2026-02-06 14:42:00,58,93.71
8039,59,227,150,2026-02-06 14:45:00,6,14.07
2161,425,182,65,2026-02-06 14:46:00,15,23.16
13474,256,104,73,2026-02-06 14:52:00,42,66.79
16165,452,236,172,2026-02-06 15:05:00,55,86.75
11434,479,22,232,2026-02-06 15:08:00,20,32.73
149,36,27,94,2026-02-06 15:22:00,44,66.26
14822,284,164,258,2026-02-06 15:37:00,34,54.37
18987,316,256,159,2026-02-06 15:40:00,13,21.51
2845,35,69,27,2026-02-06 15:48:00,21,37.04
883,207,47,140,2026-02-06 15:51:00,21,30.97
13114,354,219,18,2026-02-06 16:02:00,21,34.02
16601,263,169,162,2026-02-06 16:06:00,31,49.49
17468,482,155,166,2026-02-06 16:13:00,45,66.96
1577,326,198,71,2026-02-06 16:32:00,18,26.63
7210,347,36,167,2026-02-06 16:49:00,53,81.66
6954,216,94,212,2026-02-06 17:10:00,33,49.8
12850,408,67,52,2026-02-06 17:12:00,55,84.92
7820,144,205,157,2026-02-06 17:15:00,27,47.52
16271,342,145,50,2026-02-06 17:22:00,36,56.47
16247,22,63,218,2026-02-06 17:22:00,48,73.6
6054,295,75,31,2026-02-06 17:32:00,9,16.16
6478,366,129,14,2026-02-06 17:44:00,28,43.69
9778,222,159,69,2026-02-06 17:44:00,13,23.05
6982,426,118,206,2026-02-06 17:52:00,36,58.71
10978,196,165,136,2026-02-06 17:54:00,38,61.18
10952,84,141,31,2026-02-06 17:57:00,26,43.49
8351,373,252,185,2026-02-06 17:59:00,53,81.49
16548,359,132,244,2026-02-06 18:03:00,47,72.78
19972,72,61,259,2026-02-06 18:17:00,38,61.16
9578,419,33,223,2026-02-06 18:18:00,40,60.56
2919,499,140,8,2026-02-06 18:42:00,21,36.0
12073,377,15,142,2026-02-06 19:01:00,28,45.36
5880,284,240,160,2026-02-06 19:05:00,13,25.09
7419,168,85,186,2026-02-06 19:06:00,23,39.03
9157,143,219,233,2026-02-06 19:10:00,13,19.33
5459,282,259,240,2026-02-06 19:11:00,22,35.81
17456,7,68,162,2026-02-06 19:12:00,10,19.79
772,227,145,164,2026-02-06 19:13:00,20,34.08
5704,473,220,98,2026-02-06 19:14:00,10,18.47
10482,239,129,119,2026-02-06 19:18:00,57,87.17
16099,320,102,148,2026-02-06 19:21:00,60,95.4
10169,269,18,180,2026-02-06 19:27:00,9,17.34
10152,248,257,263,2026-02-06 19:28:00,41,62.5
19473,161,262,155,2026-02-06 19:31:00,18,31.17
7281,453,166,76,2026-02-06 19:36:00,36,56.49
3374,91,121,113,2026-02-06 19:39:00,22,37.22
1604,300,265,72,2026-02-06 19:47:00,60,91.49
204,319,250,246,2026-02-06 19:52:00,56,85.85
802,257,225,58,2026-02-06 19:52:00,20,33.28
11290,112,124,181,2026-02-06 19:57:00,15,27.28
9084,171,79,28,2026-02-06 20:05:00,19,34.45
9623,115,3,75,2026-02-06 20:05:00,31,49.07
11612,362,174,107,2026-02-06 20:09:00,38,60.17
13552,91,116,200,2026-02-06 20:12:00,9,16.23
4210,49,75,173,2026-02-06 20:18:00,38,59.54
16978,230,126,151,2026-02-06 20:18:00,43,64.28
13196,387,160,177,2026-02-06 20:20:00,16,31.52
16999,174,20,233,2026-02-06 20:25:00,27,46.12
1148,108,227,153,2026-02-06 20:31:00,37,58.2
13281,274,71,246,2026-02-06 20:39:00,31,48.62
16977,163,93,158,2026-02-06 20:50:00,31,47.09
7731,377,129,28,2026-02-06 20:50:00,19,30.58
3055,476,70,11,2026-02-06 20:59:00,31,50.38
18842,144,16,126,2026-02-06 21:02:00,51,82.9
10716,308,114,253,2026-02-06 21:02:00,52,82.81
4183,399,137,26,2026-02-06 21:04:00,53,80.57
13842,291,73,28,2026-02-06 21:07:00,6,11.86
12065,75,240,162,2026-02-06 21:11:00,12,21.25
5642,91,63,171,2026-02-06 21:17:00,18,29.52
8329,263,30,210,2026-02-06 21:24:00,45,70.39
4955,183,239,131,2026-02-06 21:28:00,19,29.69
5892,190,27,122,2026-02-06 21:31:00,29,47.52
2947,446,226,10,2026-02-06 21:34:00,24,37.7
10133,271,245,258,2026-02-06 21:37:00,36,58.62
15416,352,213,81,2026-02-06 21:41:00,52,79.94
18650,404,74,149,2026-02-06 21:43:00,12,20.97
8446,336,146,189,2026-02-06 21:44:00,24,37.35
9527,454,162,231,2026-02-06 21:57:00,31,47.69
11241,205,265,188,2026-02-06 22:00:00,14,25.21
7218,477,110,235,2026-02-06 22:04:00,35,57.33
19247,89,97,11,2026-02-06 22:07:00,60,94.21
4322,172,63,45,2026-02-06 22:14:00,60,90.46
5176,362,137,91,2026-02-06 22:19:00,35,53.02
18727,105,238,133,2026-02-06 22:21:00,50,78.77
17311,430,222,244,2026-02-06 22:24:00,14,26.72
15634,215,244,225,2026-02-06 22:37:00,8,15.41
13181,224,108,226,2026-02-06 22:42:00,49,75.02
15411,432,39,83,2026-02-06 22:50:00,41,65.28
16443,63,247,153,2026-02-06 22:54:00,36,55.87
15573,236,167,248,2026-02-06 22:56:00,43,68.02
17600,403,131,142,2026-02-06 23:01:00,36,57.16
14331,464,16,208,2026-02-06 23:10:00,41,64.13
8454,386,54,108,2026-02-06 23:12:00,53,83.8
9423,413,59,242,2026-02-06 23:14:00,6,14.71
17335,198,232,31,2026-02-06 23:15:00,25,39.94
352,174,58,151,2026-02-06 23:21:00,36,53.25
1259,310,54,8,2026-02-06 23:25:00,57,88.81
16952,189,22,15,2026-02-06 23:29:00,7,11.45
38,286,8,184,2026-02-06 23:30:00,40,65.91
18841,387,173,190,2026-02-06 23:37:00,31,49.78
19727,348,28,31,2026-02-06 23:40:00,28,45.48
14031,244,21,218,2026-02-06 23:43:00,39,58.89
18461,116,178,128,2026-02-06 23:45:00,10,19.56
5814,366,262,130,2026-02-06 23:45:00,42,67.37
16812,243,93,48,2026-02-07 00:03:00,53,82.94
18234,146,143,10,2026-02-07 00:14:00,38,58.79
16613,159,98,70,2026-02-07 00:23:00,22,33.37
19514,362,49,142,2026-02-07 00:28:00,26,39.47
13031,8,86,258,2026-02-07 00:39:00,8,15.13
14846,178,12,183,2026-02-07 00:45:00,49,74.25
9896,310,91,125,2026-02-07 00:55:00,31,49.79
15628,284,67,129,2026-02-07 00:57:00,60,95.57
8651,102,123,117,2026-02-07 01:01:00,24,40.4
7860,459,186,190,2026-02-07 01:07:00,35,55.42
5102,38,175,141,2026-02-07 01:13:00,6,13.2
5899,304,161,140,2026-02-07 01:21:00,26,43.76
11108,10,9,242,2026-02-07 01:22:00,8,11.34
347,497,35,51,2026-02-07 01:30:00,8,12.87
6454,463,198,129,2026-02-07 01:31:00,44,67.21
13156,88,87,11,2026-02-07 01:34:00,55,85.82
19978,431,180,127,2026-02-07 01:39:00,38,63.65
13670,254,258,199,2026-02-07 02:01:00,40,64.15
16663,404,151,24,2026-02-07 02:02:00,7,13.62
2049,429,67,154,2026-02-07 02:03:00,15,25.32
2361,260,87,80,2026-02-07 02:07:00,31,47.82
15049,299,28,72,2026-02-07 02:12:00,10,17.91
9163,49,262,216,2026-02-07 02:19:00,21,37.21
11593,229,52,8,2026-02-07 02:30:00,42,66.63
16376,73,245,112,2026-02-07 02:32:00,49,77.22
14165,329,241,70,2026-02-07 02:33:00,30,48.52
19530,247,231,209,2026-02-07 02:39:00,57,88.21
15381,335,178,259,2026-02-07 02:46:00,7,14.22
2617,387,31,70,2026-02-07 02:58:00,16,25.46
1126,237,43,68,2026-02-07 03:12:00,54,81.94
11891,70,209,180,2026-02-07 03:15:00,38,61.08
2291,109,133,201,2026-02-07 03:18:00,24,40.19
12968,393,29,117,2026-02-07 03:23:00,7,11.62
18670,282,247,1,2026-02-07 03:25:00,38,59.66
1493,483,128,61,2026-02-07 03:26:00,40,63.6
4348,78,27,257,2026-02-07 03:31:00,16,26.16
2788,273,209,46,2026-02-07 03:32:00,50,75.99
18266,355,257,90,2026-02-07 03:35:00,21,32.53
4776,404,133,45,2026-02-07 03:36:00,5,10.55
19830,311,173,103,2026-02-07 03:42:00,13,22.05
6677,123,128,203,2026-02-07 03:53:00,11,18.92
5844,210,214,92,2026-02-07 04:05:00,14,25.02
12972,75,169,124,2026-02-07 04:12:00,21,37.0
721,222,163,261,2026-02-07 04:14:00,15,23.64
203,375,132,191,2026-02-07 04:20:00,6,12.67
12200,271,181,207,2026-02-07 04:28:00,24,44.62
10465,387,173,144,2026-02-07 04:28:00,31,50.4
19659,331,52,161,2026-02-07 04:31:00,56,87.07
17165,146,243,140,2026-02-07 04:33:00,6,14.19
1844,359,30,253,2026-02-07 04:42:00,38,60.12
17623,38,106,149,2026-02-07 04:42:00,56,87.67
448,53,218,246,2026-02-07 04:54:00,28,45.87
12305,144,31,151,2026-02-07 05:08:00,23,35.9
2868,402,125,186,2026-02-07 05:10:00,12,20.18
7351,116,166,212,2026-02-07 05:11:00,52,76.22
5924,138,45,155,2026-02-07 05:18:00,9,14.58
545,238,47,72,2026-02-07 05:19:00,16,29.91
518,315,207,17,2026-02-07 05:35:00,17,29.44
18354,160,43,241,2026-02-07 05:45:00,10,18.36
19970,125,142,193,2026-02-07 06:02:00,57,89.52
11843,325,256,42,2026-02-07 06:06:00,52,84.97
11063,439,211,65,2026-02-07 06:35:00,15,26.81
7149,136,166,90,2026-02-07 07:01:00,8,15.03
1281,142,2,245,2026-02-07 07:16:00,17,29.45
7290,255,253,262,2026-02-07 07:21:00,44,68.67
4836,148,78,22,2026-02-07 07:32:00,5,9.38
2217,12,50,7,2026-02-07 07:32:00,18,30.65
14549,136,188,112,2026-02-07 07:33:00,41,61.87
10879,164,5,264,2026-02-07 07:36:00,19,33.05
4899,161,202,68,2026-02-07 07:42:00,50,76.54
9274,203,118,154,2026-02-07 07:48:00,18,29.55
13335,492,131,26,2026-02-07 07:48:00,32,52.55
8564,412,166,229,2026-02-07 07:53:00,20,35.04
14819,389,261,3,2026-02-07 08:01:00,53,82.76
4245,465,257,122,2026-02-07 08:07:00,12,21.55
14024,467,89,115,2026-02-07 08:11:00,59,90.37
19434,277,131,205,2026-02-07 08:14:00,29,45.95
16773,320,72,75,2026-02-07 08:15:00,7,15.7
165,163,81,16,2026-02-07 08:18:00,12,20.5
109,196,18,136,2026-02-07 08:34:00,42,68.54
1270,345,165,154,2026-02-07 08:40:00,17,27.28
10527,461,245,238,2026-02-07 08:47:00,48,74.21
3625,416,72,59,2026-02-07 08:50:00,49,76.7
2942,457,219,55,2026-02-07 09:01:00,55,86.89
15415,483,136,160,2026-02-07 09:03:00,31,50.67
14673,445,256,104,2026-02-07 09:07:00,37,63.1
3573,193,135,148,2026-02-07 09:15:00,53,82.13
11367,280,133,86,2026-02-07 09:21:00,10,18.55
1588,481,190,239,2026-02-07 09:32:00,11,23.16
2787,66,218,113,2026-02-07 09:33:00,55,85.32
6798,63,166,70,2026-02-07 09:43:00,50,76.77
2276,249,171,162,2026-02-07 09:53:00,38,58.68
8183,358,210,191,2026-02-07 09:57:00,16,27.26
489,10,253,138,2026-02-07 10:05:00,49,73.42
146,356,82,257,2026-02-07 10:07:00,40,65.19
13563,143,127,208,2026-02-07 10:16:00,46,70.74
14294,355,40,150,2026-02-07 10:33:00,38,62.77
4123,225,255,118,2026-02-07 10:42:00,37,59.95
435,298,73,76,2026-02-07 10:47:00,34,54.84
803,261,258,172,2026-02-07 10:55:00,55,86.05
5920,78,49,99,2026-02-07 11:00:00,55,84.97
2724,24,20,38,2026-02-07 11:02:00,41,60.55
108,175,140,246,2026-02-07 11:03:00,52,82.36
14759,6,146,214,2026-02-07 11:26:00,40,63.37
1075,371,129,18,2026-02-07 11:28:00,6,7.72
16789,499,186,157,2026-02-07 11:29:00,10,17.02
3432,10,28,222,2026-02-07 11:39:00,13,23.7
11257,26,197,254,2026-02-07 11:42:00,45,73.46
8831,374,120,230,2026-02-07 11:45:00,46,72.31
1527,441,196,46,2026-02-07 11:48:00,19,27.15
16639,411,216,261,2026-02-07 11:49:00,10,17.94
17181,170,71,2,2026-02-07 11:50:00,34,54.61
12984,63,44,190,2026-02-07 11:55:00,32,51.75
14341,313,140,219,2026-02-07 11:56:00,10,16.53
6182,230,264,255,2026-02-07 12:11:00,29,46.78
14838,180,263,113,2026-02-07 12:13:00,35,57.99
14350,366,128,220,2026-02-07 12:24:00,18,30.16
12694,465,89,12,2026-02-07 12:29:00,54,81.99
17148,31,43,135,2026-02-07 12:32:00,24,41.43
17348,220,194,26,2026-02-07 12:33:00,60,94.1
13077,140,57,167,2026-02-07 12:34:00,17,28.72
7680,499,142,255,2026-02-07 12:47:00,7,14.52
19479,171,226,179,2026-02-07 13:16:00,57,88.91
2884,126,114,130,2026-02-07 13:25:00,9,19.79
3797,202,31,5,2026-02-07 13:33:00,40,64.75
15885,15,112,211,2026-02-07 13:39:00,55,84.37
7844,75,11,222,2026-02-07 13:40:00,35,57.28
451,32,154,166,2026-02-07 13:47:00,25,40.49
17689,254,137,114,2026-02-07 13:49:00,53,83.71
17182,131,10,264,2026-02-07 13:59:00,8,11.69
15018,342,125,118,2026-02-07 14:04:00,15,26.99
12154,173,264,189,2026-02-07 14:07:00,32,51.11
17760,3,54,234,2026-02-07 14:09:00,19,31.68
17957,252,199,123,2026-02-07 14:20:00,5,10.12
10035,370,227,225,2026-02-07 14:26:00,17,33.51
10123,404,157,259,2026-02-07 14:43:00,57,91.59
10965,415,260,3,2026-02-07 14:49:00,13,26.43
18839,243,11,104,2026-02-07 15:08:00,19,30.48
5682,375,88,89,2026-02-07 15:12:00,33,49.41
12502,123,62,91,2026-02-07 15:16:00,32,52.79
14870,71,243,130,2026-02-07 15:25:00,33,49.4
289,406,61,237,2026-02-07 15:27:00,53,82.63
17284,166,177,167,2026-02-07 15:30:00,10,16.04
6895,384,101,60,2026-02-07 15:34:00,32,49.32
2883,213,138,29,2026-02-07 15:35:00,46,74.71
61,32,157,67,2026-02-07 16:02:00,32,50.87
874,421,9,111,2026-02-07 16:10:00,53,82.68
1865,388,224,173,2026-02-07 16:22:00,28,46.3
9510,413,96,103,2026-02-07 16:22:00,26,40.0
11841,253,198,18,2026-02-07 16:27:00,32,49.75
2583,203,112,222,2026-02-07 16:31:00,13,20.01
7207,348,116,11,2026-02-07 16:36:00,11,19.62
10600,102,246,142,2026-02-07 16:39:00,45,70.74
11326,459,235,26,2026-02-07 16:47:00,56,86.73
11395,475,48,118,2026-02-07 16:48:00,55,88.2
14539,224,106,130,2026-02-07 16:49:00,51,80.85
8328,90,9,72,2026-02-07 16:51:00,21,35.96
3882,153,100,98,2026-02-07 16:54:00,36,56.86
211,107,94,7,2026-02-07 17:41:00,47,69.97
5433,384,264,128,2026-02-07 17:43:00,39,63.58
4300,210,17,123,2026-02-07 17:56:00,28,43.31
12991,199,258,192,2026-02-07 17:57:00,15,27.79
10796,342,153,224,2026-02-07 18:00:00,59,89.56
6232,8,139,202,2026-02-07 18:02:00,31,52.38
4801,445,189,184,2026-02-07 18:05:00,7,12.81
6565,99,168,60,2026-02-07 18:05:00,15,31.29
13030,187,70,239,2026-02-07 18:06:00,28,42.06
14056,307,115,248,2026-02-07 18:10:00,32,51.48
13968,107,154,165,2026-02-07 18:17:00,50,73.84
16068,497,204,29,2026-02-07 18:42:00,39,61.83
6269,293,41,153,2026-02-07 18:43:00,39,67.31
2262,344,19,219,2026-02-07 18:49:00,20,33.06
10805,225,175,15,2026-02-07 19:07:00,28,45.01
15423,329,39,253,2026-02-07 19:07:00,42,69.63
14113,313,99,127,2026-02-07 19:09:00,54,82.61
15422,153,97,40,2026-02-07 19:14:00,25,40.85
11117,107,133,171,2026-02-07 19:16:00,17,29.24
18852,222,34,95,2026-02-07 19:17:00,41,65.82
15813,236,168,48,2026-02-07 19:23:00,53,77.92
10197,443,203,248,2026-02-07 19:26:00,49,80.83
12712,389,11,232,2026-02-07 19:29:00,33,50.42
8677,14,70,93,2026-02-07 19:39:00,28,44.23
9282,27,6,80,2026-02-07 19:40:00,19,28.16
486,366,261,184,2026-02-07 19:44:00,11,18.13
3480,294,83,44,2026-02-07 19:44:00,8,12.97
5936,434,172,109,2026-02-07 19:45:00,30,46.9
18361,310,217,154,2026-02-07 19:55:00,31,48.67
15577,432,245,180,2026-02-07 20:06:00,31,48.61
3584,259,47,227,2026-02-07 20:06:00,40,62.64
5005,225,112,55,2026-02-07 20:15:00,27,43.57
16766,17,199,176,2026-02-07 20:22:00,30,46.15
927,289,38,10,2026-02-07 20:37:00,11,16.84
19976,469,67,37,2026-02-07 20:38:00,44,69.74
3639,224,16,128,2026-02-07 20:53:00,38,61.23
2145,498,262,29,2026-02-07 21:10:00,54,78.95
574,40,103,132,2026-02-07 21:15:00,43,65.88
15708,61,83,99,2026-02-07 21:27:00,36,60.84
6854,230,168,12,2026-02-07 21:30:00,26,42.18
11820,255,168,229,2026-02-07 21:31:00,57,92.14
12931,6,32,168,2026-02-07 21:35:00,10,19.14
11019,109,220,234,2026-02-07 21:41:00,50,81.3
3680,24,161,200,2026-02-07 21:44:00,60,91.68
446,426,33,42,2026-02-07 21:47:00,22,37.77
15092,165,74,211,2026-02-07 21:52:00,35,53.82
3114,140,61,141,2026-02-07 21:53:00,29,42.15
1689,394,185,116,2026-02-07 21:57:00,48,78.11
787,35,221,176,2026-02-07 22:04:00,26,42.87
18192,29,190,154,2026-02-07 22:07:00,9,16.04
16331,2,223,124,2026-02-07 22:14:00,42,64.69
13528,311,264,256,2026-02-07 22:16:00,52,80.2
3098,56,218,146,2026-02-07 22:26:00,50,81.91
4869,267,167,41,2026-02-07 22:26:00,45,72.41
4397,148,45,135,2026-02-07 22:28:00,58,89.21
11769,98,262,2,2026-02-07 22:29:00,23,40.24
6647,352,116,44,2026-02-07 22:36:00,52,81.91
16235,125,161,67,2026-02-07 22:36:00,29,44.94
2731,420,20,20,2026-02-07 22:37:00,26,38.55
5370,145,216,110,2026-02-07 22:39:00,45,69.81
8594,224,222,142,2026-02-07 22:45:00,9,15.18
2319,170,243,122,2026-02-07 22:51:00,27,42.64
5142,392,186,40,2026-02-07 22:57:00,48,74.07
5879,194,156,143,2026-02-07 23:00:00,43,69.96
9764,66,175,204,2026-02-07 23:09:00,5,8.93
8431,50,261,65,2026-02-07 23:12:00,55,88.99
4541,314,49,147,2026-02-07 23:13:00,46,72.87
2832,488,55,159,2026-02-07 23:16:00,12,17.79
18045,159,160,48,2026-02-07 23:18:00,29,42.44
11581,461,112,5,2026-02-07 23:32:00,5,10.17
11038,164,108,47,2026-02-07 23:42:00,50,78.19
412,51,81,258,2026-02-07 23:43:00,46,71.89
18146,212,10,92,2026-02-07 23:43:00,56,85.56
18782,335,63,199,2026-02-07 23:45:00,31,48.13
10036,57,54,204,2026-02-07 23:46:00,16,29.87
14087,135,249,77,2026-02-07 23:57:00,57,88.49
8339,75,256,52,2026-02-08 00:07:00,57,87.42
9254,149,67,66,2026-02-08 00:10:00,41,64.74
10305,209,21,93,2026-02-08 00:16:00,55,85.96
15805,209,200,29,2026-02-08 00:17:00,56,86.25
13367,489,34,168,2026-02-08 00:22:00,10,20.88
12113,233,159,80,2026-02-08 00:23:00,18,27.8
18483,401,141,54,2026-02-08 00:30:00,37,59.87
19698,269,111,195,2026-02-08 00:36:00,6,12.56
5052,271,121,132,2026-02-08 00:38:00,38,58.7
3650,358,32,72,2026-02-08 00:45:00,49,80.57
712,244,13,35,2026-02-08 00:53:00,19,32.18
9988,165,46,199,2026-02-08 00:53:00,19,33.59
18876,92,67,187,2026-02-08 00:54:00,5,8.73
8135,304,137,227,2026-02-08 01:09:00,6,10.87
12487,474,158,90,2026-02-08 01:12:00,37,60.08
3940,327,253,248,2026-02-08 01:15:00,58,90.67
5064,86,204,106,2026-02-08 01:31:00,48,73.23
15832,188,58,118,2026-02-08 01:39:00,46,71.66
16609,356,213,172,2026-02-08 01:45:00,16,25.6
3842,218,50,40,2026-02-08 02:06:00,9,16.63
12178,314,133,38,2026-02-08 02:08:00,10,18.12
15324,431,6,217,2026-02-08 02:08:00,17,32.26
5445,266,205,150,2026-02-08 02:29:00,39,58.85
14979,212,118,47,2026-02-08 02:31:00,5,14.81
776,218,264,130,2026-02-08 02:36:00,25,44.52
11600,89,116,62,2026-02-08 02:40:00,52,84.48
2150,291,97,83,2026-02-08 02:56:00,47,70.14
12207,316,52,44,2026-02-08 02:59:00,56,88.75
14526,481,80,119,2026-02-08 03:24:00,8,14.98
15419,415,42,248,2026-02-08 03:31:00,47,74.08
6451,348,136,257,2026-02-08 03:34:00,27,46.11
5506,220,126,204,2026-02-08 03:36:00,12,17.37
16270,222,170,83,2026-02-08 03:43:00,17,27.97
7328,233,239,171,2026-02-08 03:47:00,29,44.94
14108,351,5,196,2026-02-08 03:57:00,5,6.67
6726,95,261,241,2026-02-08 03:57:00,41,65.02
13298,329,257,119,2026-02-08 04:02:00,30,45.49
16440,242,197,146,2026-02-08 04:10:00,12,19.43
645,368,49,5,2026-02-08 04:34:00,9,12.44
1484,290,217,101,2026-02-08 04:35:00,20,32.99
11574,113,243,235,2026-02-08 04:48:00,14,24.82
12942,389,190,99,2026-02-08 04:51:00,45,68.42
18709,418,68,214,2026-02-08 04:51:00,52,82.38
10053,190,260,180,2026-02-08 05:07:00,54,82.81
10537,367,46,149,2026-02-08 05:08:00,6,12.42
4231,59,255,56,2026-02-08 05:11:00,8,13.36
9025,90,162,167,2026-02-08 05:13:00,17,29.08
10981,380,61,95,2026-02-08 05:13:00,47,70.53
5161,52,16,48,2026-02-08 05:18:00,59,90.96
17302,338,72,165,2026-02-08 05:21:00,27,44.38
9657,339,110,70,2026-02-08 05:22:00,57,87.02
17104,154,255,47,2026-02-08 05:27:00,57,87.8
17014,424,251,47,2026-02-08 05:32:00,22,34.23
19670,422,62,248,2026-02-08 05:34:00,32,51.93
7693,334,19,145,2026-02-08 05:38:00,31,51.1
3070,391,166,178,2026-02-08 05:49:00,9,15.39
14465,163,139,235,2026-02-08 05:50:00,13,22.25
18635,230,249,262,2026-02-08 05:52:00,33,52.32
5537,102,50,198,2026-02-08 06:05:00,5,9.88
1020,130,260,15,2026-02-08 06:10:00,32,51.58
18979,6,62,95,2026-02-08 06:18:00,16,31.15
19048,234,119,85,2026-02-08 06:22:00,42,66.4
4742,283,12,211,2026-02-08 06:23:00,8,13.3
18692,457,18,105,2026-02-08 06:24:00,45,72.24
17366,341,225,20,2026-02-08 06:39:00,13,20.71
15603,207,207,158,2026-02-08 06:45:00,35,58.7
14692,430,261,142,2026-02-08 06:45:00,21,38.13
7305,246,240,181,2026-02-08 06:54:00,51,77.71
17728,262,250,199,2026-02-08 06:55:00,50,77.29
7530,341,131,23,2026-02-08 07:05:00,34,54.2
1329,15,4,143,2026-02-08 07:09:00,42,66.87
14404,31,13,100,2026-02-08 07:13:00,40,62.12
14109,12,93,249,2026-02-08 07:17:00,48,73.82
2488,2,51,226,2026-02-08 07:29:00,6,12.12
8855,290,73,220,2026-02-08 07:44:00,30,52.51
13848,192,40,86,2026-02-08 07:44:00,60,94.54
9210,281,85,237,2026-02-08 07:57:00,37,59.23
14821,224,227,11,2026-02-08 08:01:00,54,81.92
9614,111,28,77,2026-02-08 08:10:00,27,42.01
11591,287,82,89,2026-02-08 08:14:00,17,30.51
15774,332,239,113,2026-02-08 08:18:00,24,40.59
1544,129,84,48,2026-02-08 08:24:00,46,71.57
16894,457,234,263,2026-02-08 08:26:00,39,61.59
48,179,225,162,2026-02-08 08:37:00,11,18.21
10629,111,101,207,2026-02-08 08:41:00,17,27.92
6165,96,136,157,2026-02-08 08:43:00,38,57.65
11858,374,185,48,2026-02-08 09:00:00,45,71.9
10124,287,172,209,2026-02-08 09:17:00,45,69.08
14884,9,176,255,2026-02-08 09:40:00,11,19.78
8778,333,26,146,2026-02-08 09:41:00,24,39.17
18180,112,253,96,2026-02-08 09:41:00,41,65.88
12558,137,21,204,2026-02-08 09:42:00,51,80.61
14304,96,244,189,2026-02-08 09:46:00,50,78.47
15133,292,94,67,2026-02-08 09:49:00,37,56.7
9633,189,12,48,2026-02-08 09:50:00,27,44.62
7583,131,23,182,2026-02-08 10:03:00,5,9.91
13797,437,59,248,2026-02-08 10:03:00,40,62.05
11586,100,13,232,2026-02-08 10:13:00,41,64.22
6858,428,59,12,2026-02-08 10:16:00,26,43.31
17530,51,226,203,2026-02-08 10:33:00,40,62.5
1221,259,20,239,2026-02-08 10:36:00,47,75.18
8868,270,146,11,2026-02-08 10:38:00,30,48.56
3287,249,197,246,2026-02-08 10:40:00,20,32.01
17379,443,260,80,2026-02-08 10:41:00,31,47.53
128,13,57,14,2026-02-08 10:42:00,16,27.87
6260,92,109,217,2026-02-08 10:43:00,59,91.3
13765,346,170,75,2026-02-08 10:47:00,18,32.87
3059,245,38,67,2026-02-08 10:47:00,58,94.47
6799,340,211,215,2026-02-08 10:52:00,44,69.74
9181,253,183,133,2026-02-08 11:01:00,29,46.96
2313,177,28,95,2026-02-08 11:22:00,50,76.83
2689,41,106,189,2026-02-08 11:32:00,9,17.74
17341,378,250,50,2026-02-08 11:36:00,12,17.81
11220,452,55,8,2026-02-08 11:46:00,47,70.56
10412,472,224,66,2026-02-08 12:03:00,44,66.28
3463,489,2,204,2026-02-08 12:10:00,24,37.75
12163,356,16,241,2026-02-08 12:17:00,9,15.5
6475,378,138,247,2026-02-08 12:22:00,12,19.91
11587,227,68,131,2026-02-08 12:22:00,52,82.17
4953,473,4,121,2026-02-08 12:25:00,44,70.22
1332,432,3,82,2026-02-08 12:29:00,12,19.49
19933,373,98,13,2026-02-08 12:30:00,44,69.46
5534,169,265,171,2026-02-08 12:33:00,60,93.16
12416,379,25,164,2026-02-08 12:35:00,25,38.93
19475,495,112,94,2026-02-08 12:44:00,30,43.29
16868,295,260,253,2026-02-08 12:47:00,37,60.65
453,148,197,115,2026-02-08 12:47:00,24,39.68
617,29,41,20,2026-02-08 12:54:00,44,69.68
3728,231,104,208,2026-02-08 12:57:00,37,59.72
1972,258,101,34,2026-02-08 13:02:00,23,38.53
13150,266,144,200,2026-02-08 13:05:00,40,66.63
10698,422,249,127,2026-02-08 13:07:00,5,11.97
2078,413,259,183,2026-02-08 13:07:00,58,88.67
16705,362,228,259,2026-02-08 13:12:00,42,65.3
14329,93,201,234,2026-02-08 13:13:00,50,80.21
592,355,190,162,2026-02-08 13:15:00,40,61.35
6933,64,184,230,2026-02-08 13:20:00,57,86.73
6490,317,29,230,2026-02-08 13:21:00,33,50.42
9595,81,50,116,2026-02-08 13:29:00,24,42.09
7215,231,174,116,2026-02-08 13:30:00,9,16.49
14970,66,243,112,2026-02-08 13:42:00,14,22.79
9536,495,191,222,2026-02-08 13:43:00,52,81.57
16051,492,55,154,2026-02-08 13:48:00,31,48.52
10432,396,134,155,2026-02-08 13:54:00,8,15.81
10697,272,115,13,2026-02-08 14:08:00,32,48.65
1338,169,128,18,2026-02-08 14:13:00,30,50.43
9724,65,39,217,2026-02-08 14:17:00,49,77.29
10168,223,180,22,2026-02-08 14:24:00,22,37.97
3544,189,264,228,2026-02-08 15:01:00,25,39.9
2019,261,147,23,2026-02-08 15:11:00,36,58.54
1015,101,242,177,2026-02-08 15:16:00,8,12.15
12046,389,225,148,2026-02-08 15:19:00,5,7.21
16533,314,91,127,2026-02-08 15:30:00,46,72.08
6332,481,55,29,2026-02-08 15:34:00,40,59.32
9136,324,178,1,2026-02-08 15:37:00,57,89.0
13661,351,66,113,2026-02-08 15:39:00,48,73.43
3090,428,151,133,2026-02-08 15:39:00,59,88.33
13722,310,158,184,2026-02-08 15:49:00,7,12.14
6212,73,73,142,2026-02-08 15:50:00,39,62.67
12914,1,236,222,2026-02-08 15:51:00,10,15.81
1627,9,171,257,2026-02-08 15:53:00,45,72.28
8960,65,95,76,2026-02-08 15:53:00,14,25.03
19421,101,20,111,2026-02-08 15:59:00,45,70.79
4400,409,49,27,2026-02-08 16:11:00,41,66.36
18472,390,122,27,2026-02-08 16:11:00,24,34.03
9696,319,114,89,2026-02-08 16:12:00,60,93.82
17339,446,12,226,2026-02-08 16:19:00,10,17.85
7511,458,116,12,2026-02-08 16:32:00,35,55.81
1675,444,27,228,2026-02-08 16:32:00,22,34.35
10655,372,208,265,2026-02-08 16:33:00,31,49.59
17899,53,167,259,2026-02-08 16:56:00,11,16.77
19089,425,85,125,2026-02-08 16:59:00,47,73.52
10117,273,186,17,2026-02-08 17:04:00,25,39.06
8531,43,199,250,2026-02-08 17:10:00,9,16.48
5690,125,156,244,2026-02-08 17:12:00,16,26.44
17264,88,53,150,2026-02-08 17:14:00,29,45.8
16906,59,12,169,2026-02-08 17:15:00,14,25.06
15564,409,131,183,2026-02-08 17:21:00,16,28.41
15331,12,203,265,2026-02-08 17:25:00,27,45.41
7694,396,113,34,2026-02-08 17:25:00,40,61.79
2180,387,118,105,2026-02-08 17:29:00,11,17.83
10829,265,11,65,2026-02-08 17:29:00,43,69.09
2348,281,18,115,2026-02-08 17:42:00,7,13.7
2299,130,123,246,2026-02-08 17:56:00,14,26.04
14322,285,175,176,2026-02-08 18:02:00,36,57.91
6135,441,217,90,2026-02-08 18:19:00,41,64.01
9781,320,227,28,2026-02-08 18:20:00,17,27.18
5123,39,192,27,2026-02-08 18:24:00,58,93.45
5582,410,249,122,2026-02-08 18:44:00,25,41.7
1464,343,252,147,2026-02-08 18:50:00,39,63.5
14303,303,78,11,2026-02-08 18:52:00,5,12.63
2513,280,136,145,2026-02-08 19:06:00,37,58.16
18051,123,126,3,2026-02-08 19:11:00,16,28.57
15781,71,155,90,2026-02-08 19:16:00,38,59.46
10667,251,145,127,2026-02-08 19:21:00,34,51.68
6367,385,127,217,2026-02-08 19:28:00,26,41.17
1411,420,121,235,2026-02-08 19:30:00,17,29.95
8330,170,162,97,2026-02-08 19:31:00,5,12.26
10105,249,232,93,2026-02-08 19:39:00,16,27.48
340,276,168,126,2026-02-08 19:39:00,59,93.04
4206,438,198,196,2026-02-08 19:41:00,29,45.24
13396,222,25,260,2026-02-08 19:45:00,27,46.95
18855,136,2,194,2026-02-08 19:55:00,21,35.52
18910,122,165,202,2026-02-08 20:17:00,54,81.86
3206,197,258,121,2026-02-08 20:17:00,43,67.71
829,246,252,47,2026-02-08 20:20:00,57,88.6
13824,16,91,25,2026-02-08 20:25:00,33,53.47
143,262,254,192,2026-02-08 20:27:00,25,39.84
17560,363,155,214,2026-02-08 20:27:00,42,66.24
15519,379,151,166,2026-02-08 20:48:00,56,87.83
755,148,32,70,2026-02-08 20:48:00,46,70.04
9750,416,199,13,2026-02-08 20:49:00,51,80.0
15153,446,245,250,2026-02-08 20:55:00,7,12.95
15918,403,12,237,2026-02-08 20:57:00,19,31.69
15279,371,213,5,2026-02-08 20:59:00,25,37.08
11737,296,168,53,2026-02-08 21:01:00,57,92.14
14217,493,27,253,2026-02-08 21:16:00,12,21.47
15626,164,51,251,2026-02-08 21:22:00,30,49.01
17172,26,47,221,2026-02-08 21:27:00,45,71.4
5765,307,27,160,2026-02-08 21:42:00,13,24.62
19908,101,260,220,2026-02-08 21:43:00,36,56.76
5299,471,133,109,2026-02-08 21:47:00,24,36.74
1088,1,72,11,2026-02-08 21:56:00,20,32.87
13167,366,125,111,2026-02-08 22:06:00,21,32.52
549,77,81,117,2026-02-08 22:07:00,6,12.75
14735,72,80,107,2026-02-08 22:07:00,42,69.91
12064,65,111,195,2026-02-08 22:21:00,22,35.82
17247,359,87,28,2026-02-08 22:30:00,14,25.99
8029,9,202,137,2026-02-08 22:31:00,10,21.39
13693,47,234,179,2026-02-08 22:37:00,43,73.1
12832,129,94,263,2026-02-08 22:44:00,52,81.38
16373,126,109,183,2026-02-08 23:11:00,14,23.49
15096,13,189,70,2026-02-08 23:17:00,54,88.16
9714,37,236,165,2026-02-08 23:18:00,12,20.67
11200,327,140,199,2026-02-08 23:25:00,60,94.9
7421,318,76,23,2026-02-08 23:34:00,9,20.8
6833,353,196,5,2026-02-08 23:48:00,30,48.83
9450,252,58,211,2026-02-08 23:50:00,51,77.7
16014,207,158,59,2026-02-08 23:50:00,7,13.48
8767,114,256,127,2026-02-08 23:53:00,20,38.11
15983,17,58,3,2026-02-08 23:59:00,17,27.71
19829,149,112,33,2026-02-08 23:59:00,52,81.45
6696,194,262,173,2026-02-09 00:18:00,53,82.58
13817,68,93,62,2026-02-09 00:25:00,13,21.55
8779,206,9,206,2026-02-09 00:28:00,16,30.78
4746,14,161,55,2026-02-09 00:28:00,13,22.91
5521,7,217,19,2026-02-09 00:46:00,21,33.11
2563,320,11,191,2026-02-09 00:51:00,47,71.99
3233,484,6,176,2026-02-09 00:57:00,51,80.52
3668,311,28,33,2026-02-09 00:58:00,22,36.7
126,208,58,166,2026-02-09 01:00:00,22,33.07
17009,118,4,18,2026-02-09 01:01:00,50,79.8
4715,105,58,145,2026-02-09 01:03:00,42,68.45
5563,35,2,30,2026-02-09 01:20:00,20,33.65
4147,97,223,162,2026-02-09 01:25:00,56,86.58
9491,422,114,9,2026-02-09 01:59:00,18,29.68
11746,475,232,230,2026-02-09 02:01:00,53,82.06
9318,495,259,62,2026-02-09 02:12:00,58,90.1
208,398,43,53,2026-02-09 02:12:00,55,85.91
13157,321,205,115,2026-02-09 02:15:00,57,87.14
10050,347,62,139,2026-02-09 02:15:00,48,74.44
13922,495,91,217,2026-02-09 02:26:00,40,64.74
12394,126,102,207,2026-02-09 02:26:00,14,25.4
8028,156,221,30,2026-02-09 02:30:00,36,58.28
8112,52,92,114,2026-02-09 02:36:00,55,84.27
14456,255,145,90,2026-02-09 02:37:00,25,38.1
14010,416,121,51,2026-02-09 02:38:00,8,17.1
12223,50,53,2,2026-02-09 02:42:00,16,27.86
17566,309,229,94,2026-02-09 02:43:00,47,75.99
18218,257,77,200,2026-02-09 02:50:00,55,84.2
1263,215,230,253,2026-02-09 03:15:00,51,83.68
3133,465,194,221,2026-02-09 03:24:00,57,82.81
15197,25,72,180,2026-02-09 03:27:00,29,45.34
16517,181,135,57,2026-02-09 03:46:00,31,48.17
14661,136,65,181,2026-02-09 03:55:00,29,45.77
6358,288,217,105,2026-02-09 04:11:00,28,42.79
14422,435,65,243,2026-02-09 04:14:00,45,70.73
16594,89,147,262,2026-02-09 04:22:00,37,60.12
17263,93,184,80,2026-02-09 04:24:00,50,78.57
17310,450,43,254,2026-02-09 04:26:00,14,25.5
16769,491,132,27,2026-02-09 04:28:00,53,81.64
9082,335,216,6,2026-02-09 04:32:00,34,58.98
14776,56,152,217,2026-02-09 04:39:00,31,47.06
8304,71,207,233,2026-02-09 04:52:00,14,24.5
1958,304,96,37,2026-02-09 05:04:00,43,63.92
10542,396,59,148,2026-02-09 05:11:00,15,23.88
4107,202,218,49,2026-02-09 05:21:00,8,17.08
3679,40,147,113,2026-02-09 05:30:00,20,34.76
8702,210,7,73,2026-02-09 05:32:00,41,65.02
10797,308,231,145,2026-02-09 05:40:00,19,29.91
2181,196,2,114,2026-02-09 05:57:00,23,38.8
6384,123,155,88,2026-02-09 06:01:00,47,72.42
5330,203,96,129,2026-02-09 06:02:00,44,70.37
19641,151,56,117,2026-02-09 06:05:00,25,40.05
16403,51,59,161,2026-02-09 06:14:00,15,24.6
15858,366,146,205,2026-02-09 06:21:00,36,58.18
16391,500,263,113,2026-02-09 06:35:00,9,14.74
11431,294,150,192,2026-02-09 06:36:00,26,39.59
2347,125,134,259,2026-02-09 06:39:00,54,83.52
7446,215,247,113,2026-02-09 06:46:00,14,22.61
9312,64,151,5,2026-02-09 06:46:00,43,69.23
13999,119,81,87,2026-02-09 06:47:00,33,54.29
6597,477,89,22,2026-02-09 06:48:00,15,26.18
12248,459,128,243,2026-02-09 06:59:00,40,62.33
12302,54,213,33,2026-02-09 07:11:00,12,20.92
16569,361,252,169,2026-02-09 07:21:00,19,29.76
12548,7,73,174,2026-02-09 07:32:00,50,77.05
3315,420,114,144,2026-02-09 07:33:00,40,63.13
6443,365,107,82,2026-02-09 07:39:00,45,70.41
3125,448,252,98,2026-02-09 07:45:00,41,65.3
19563,408,92,53,2026-02-09 07:53:00,7,13.07
62,278,41,237,2026-02-09 07:55:00,56,85.93
15038,370,117,182,2026-02-09 08:30:00,26,42.99
6876,490,230,19,2026-02-09 08:30:00,8,14.97
19496,30,72,126,2026-02-09 08:39:00,27,43.42
15109,228,4,247,2026-02-09 08:39:00,14,22.12
8624,195,53,232,2026-02-09 08:43:00,31,47.2
8752,175,227,201,2026-02-09 08:47:00,18,29.31
9251,174,33,150,2026-02-09 08:47:00,37,57.48
16069,99,135,79,2026-02-09 08:56:00,12,22.43
6337,287,29,258,2026-02-09 08:58:00,36,57.41
19800,384,127,220,2026-02-09 09:10:00,24,37.24
12146,357,259,42,2026-02-09 09:16:00,26,43.37
11674,319,155,147,2026-02-09 09:24:00,9,14.72
15686,497,30,170,2026-02-09 09:32:00,18,33.76
5117,477,35,147,2026-02-09 09:33:00,11,17.8
3124,238,254,59,2026-02-09 09:47:00,49,73.51
1919,408,105,65,2026-02-09 09:55:00,31,49.31
14778,171,250,212,2026-02-09 09:57:00,35,55.37
14654,128,42,7,2026-02-09 10:05:00,46,75.56
2412,217,256,248,2026-02-09 10:07:00,29,48.21
687,252,9,19,2026-02-09 10:10:00,47,73.33
9145,292,63,13,2026-02-09 10:15:00,32,52.49
6066,198,147,170,2026-02-09 10:37:00,37,57.05
15883,218,197,175,2026-02-09 10:46:00,51,76.83
2004,259,21,194,2026-02-09 10:55:00,32,50.84
212,354,190,168,2026-02-09 11:01:00,43,69.36
10957,431,237,199,2026-02-09 11:14:00,53,82.56
12498,126,102,106,2026-02-09 11:16:00,31,49.13
960,157,197,1,2026-02-09 11:16:00,22,37.13
1891,332,134,168,2026-02-09 11:21:00,33,55.15
2517,341,107,84,2026-02-09 11:22:00,32,50.01
3285,19,142,140,2026-02-09 11:25:00,59,94.1
17373,319,105,5,2026-02-09 11:36:00,54,80.2
1306,303,93,222,2026-02-09 11:45:00,53,84.02
19868,114,260,49,2026-02-09 11:48:00,19,32.34
1873,374,158,216,2026-02-09 11:56:00,6,13.84
16145,472,67,227,2026-02-09 11:59:00,7,12.28
12833,98,48,225,2026-02-09 12:04:00,34,53.7
9100,391,129,150,2026-02-09 12:04:00,37,60.01
5246,136,241,2,2026-02-09 12:06:00,15,24.17
3786,82,192,21,2026-02-09 12:09:00,15,25.55
6921,75,47,177,2026-02-09 12:23:00,60,92.7
19612,449,101,183,2026-02-09 12:23:00,13,0.0
7560,166,64,248,2026-02-09 12:24:00,26,42.84
2835,471,192,262,2026-02-09 12:29:00,6,13.53
14712,83,135,89,2026-02-09 12:34:00,36,59.04
12105,316,26,46,2026-02-09 12:39:00,49,82.06
18127,7,238,18,2026-02-09 12:41:00,14,24.56
15643,333,91,194,2026-02-09 12:52:00,28,50.05
17427,418,49,107,2026-02-09 12:55:00,12,17.64
10721,287,189,169,2026-02-09 12:56:00,10,19.5
1814,101,210,241,2026-02-09 13:14:00,30,49.22
17028,427,193,133,2026-02-09 13:27:00,27,42.56
15396,259,147,38,2026-02-09 13:33:00,10,18.14
8817,79,131,7,2026-02-09 13:48:00,44,65.11
16405,411,35,47,2026-02-09 13:49:00,48,71.85
9399,266,70,3,2026-02-09 13:52:00,16,28.23
3134,199,48,213,2026-02-09 13:55:00,41,61.74
14065,75,94,183,2026-02-09 13:56:00,13,23.91
9373,275,48,202,2026-02-09 14:04:00,5,12.45
665,237,115,14,2026-02-09 14:07:00,46,72.31
11015,273,94,10,2026-02-09 14:09:00,59,90.09
447,421,190,265,2026-02-09 14:12:00,27,42.45
4550,303,21,237,2026-02-09 14:15:00,54,83.25
4859,257,169,248,2026-02-09 14:34:00,38,58.52
17345,200,204,84,2026-02-09 14:38:00,32,53.14
5727,320,158,225,2026-02-09 14:40:00,17,27.03
15110,436,78,114,2026-02-09 14:43:00,54,84.41
9380,343,206,228,2026-02-09 14:45:00,52,79.97
1518,482,198,93,2026-02-09 14:46:00,6,13.87
524,119,228,96,2026-02-09 15:03:00,58,92.96
2074,259,252,233,2026-02-09 15:09:00,20,32.43
3279,156,4,36,2026-02-09 15:12:00,17,27.44
11801,40,57,237,2026-02-09 15:13:00,48,73.97
12943,43,197,179,2026-02-09 15:28:00,48,73.57
3900,410,172,217,2026-02-09 15:31:00,30,50.48
3730,458,188,108,2026-02-09 15:31:00,35,52.72
6406,417,105,211,2026-02-09 15:45:00,45,68.23
11256,157,114,258,2026-02-09 15:50:00,7,13.71
19376,46,29,169,2026-02-09 16:00:00,22,34.81
14998,348,80,31,2026-02-09 16:07:00,44,66.82
8822,121,72,237,2026-02-09 16:13:00,5,12.67
4679,232,110,191,2026-02-09 16:17:00,29,47.08
11199,478,93,132,2026-02-09 16:43:00,23,41.12
2191,218,142,62,2026-02-09 16:47:00,24,38.4
618,146,57,172,2026-02-09 16:55:00,40,61.58
6771,349,20,135,2026-02-09 17:02:00,26,40.06
4390,318,24,23,2026-02-09 17:05:00,33,51.25
4957,313,222,82,2026-02-09 17:07:00,34,56.96
9507,154,219,143,2026-02-09 17:10:00,60,92.25
16974,364,243,226,2026-02-09 17:50:00,11,21.76
14706,327,14,179,2026-02-09 17:58:00,49,74.3
2836,441,215,204,2026-02-09 17:59:00,47,75.28
15314,294,20,153,2026-02-09 18:03:00,16,29.71
9009,489,236,59,2026-02-09 18:05:00,55,86.23
11969,298,18,213,2026-02-09 18:06:00,33,53.17
6283,303,52,3,2026-02-09 18:17:00,45,72.3
15008,432,151,122,2026-02-09 18:19:00,33,53.95
5300,45,123,18,2026-02-09 18:22:00,52,81.06
6079,302,12,155,2026-02-09 18:24:00,36,60.61
2479,171,62,82,2026-02-09 18:47:00,31,48.91
1145,123,54,65,2026-02-09 19:02:00,33,54.64
17646,311,189,3,2026-02-09 19:07:00,57,87.27
18926,467,104,151,2026-02-09 19:14:00,39,59.95
1239,454,210,183,2026-02-09 19:15:00,18,31.31
3784,297,236,255,2026-02-09 19:15:00,39,59.74
8022,489,123,152,2026-02-09 19:43:00,21,35.7
2487,39,231,115,2026-02-09 20:07:00,51,74.4
7298,464,162,95,2026-02-09 20:10:00,50,78.47
16062,284,183,101,2026-02-09 20:17:00,13,21.1
19600,17,78,259,2026-02-09 20:34:00,10,16.54
5022,120,116,263,2026-02-09 20:39:00,24,36.82
17242,171,159,201,2026-02-09 20:43:00,42,68.29
4438,16,43,27,2026-02-09 20:44:00,36,56.91
1331,219,122,202,2026-02-09 20:48:00,53,81.69
10242,447,42,226,2026-02-09 20:51:00,27,41.96
5913,456,39,115,2026-02-09 20:54:00,60,92.48
18938,33,225,164,2026-02-09 21:01:00,40,63.76
8796,159,61,171,2026-02-09 21:03:00,39,61.88
11444,354,249,213,2026-02-09 21:04:00,57,86.35
17940,13,237,210,2026-02-09 21:10:00,57,90.09
15085,162,25,31,2026-02-09 21:31:00,33,51.89
4625,374,237,31,2026-02-09 21:33:00,7,14.52
16359,219,38,225,2026-02-09 21:37:00,31,47.31
17575,258,64,222,2026-02-09 21:56:00,18,27.22
7509,321,257,246,2026-02-09 21:58:00,43,69.3
8539,399,9,141,2026-02-09 21:59:00,5,10.0
17926,46,203,148,2026-02-09 22:00:00,7,13.19
14565,23,98,51,2026-02-09 22:03:00,21,27.62
4405,377,120,96,2026-02-09 22:11:00,7,11.12
6021,116,249,85,2026-02-09 22:13:00,56,87.88
14944,437,2,243,2026-02-09 22:18:00,15,21.31
9198,486,192,121,2026-02-09 22:19:00,20,33.28
10195,422,172,187,2026-02-09 22:29:00,21,35.68
526,316,27,134,2026-02-09 22:31:00,7,14.92
11927,399,228,57,2026-02-09 22:44:00,59,88.18
5179,135,192,127,2026-02-09 22:45:00,18,30.51
4409,458,25,179,2026-02-09 23:08:00,27,42.78
6738,279,199,264,2026-02-09 23:13:00,48,73.27
9624,247,240,130,2026-02-09 23:15:00,40,64.14
10585,102,150,155,2026-02-09 23:21:00,37,59.34
1607,417,244,77,2026-02-09 23:23:00,33,54.85
7908,273,223,47,2026-02-09 23:48:00,8,14.37
8326,9,114,70,2026-02-09 23:50:00,40,64.23
14097,85,133,154,2026-02-09 23:50:00,20,34.22
6084,229,188,54,2026-02-10 00:06:00,23,38.59
19653,135,72,61,2026-02-10 00:09:00,54,85.13
2969,52,129,94,2026-02-10 00:13:00,60,94.86
10969,304,200,216,2026-02-10 00:18:00,31,47.37
7323,269,26,185,2026-02-10 00:33:00,18,29.5
8770,500,256,262,2026-02-10 00:34:00,37,55.35
10995,388,238,46,2026-02-10 00:36:00,13,25.56
16079,150,252,238,2026-02-10 00:55:00,36,59.04
1013,300,20,260,2026-02-10 00:59:00,25,37.85
10595,83,148,104,2026-02-10 01:03:00,41,60.45
9592,279,29,173,2026-02-10 01:08:00,38,55.76
16706,3,139,1,2026-02-10 01:11:00,45,67.86
13387,308,40,264,2026-02-10 01:14:00,55,83.41
11718,73,170,5,2026-02-10 01:16:00,8,13.53
16318,325,194,14,2026-02-10 01:18:00,28,42.73
10150,312,234,82,2026-02-10 01:20:00,45,74.97
3040,269,92,243,2026-02-10 01:21:00,9,18.54
2173,234,95,121,2026-02-10 01:25:00,14,23.39
6598,170,171,202,2026-02-10 01:27:00,11,22.06
14727,293,191,82,2026-02-10 01:40:00,46,71.26
8879,252,220,6,2026-02-10 01:45:00,55,86.48
3156,368,51,50,2026-02-10 01:51:00,52,74.02
18562,291,198,186,2026-02-10 02:05:00,42,67.21
4611,185,22,83,2026-02-10 02:16:00,28,43.01
18646,188,195,235,2026-02-10 02:18:00,23,34.25
9027,189,56,36,2026-02-10 02:22:00,26,42.54
3609,426,147,80,2026-02-10 02:22:00,32,48.88
18857,111,170,23,2026-02-10 02:23:00,26,38.06
10945,224,156,97,2026-02-10 02:24:00,30,45.6
2786,220,109,258,2026-02-10 02:33:00,10,16.43
4510,259,250,107,2026-02-10 02:40:00,9,13.02
8106,137,257,84,2026-02-10 02:40:00,49,75.0
13696,417,14,180,2026-02-10 02:53:00,45,66.86
11853,93,259,23,2026-02-10 02:59:00,6,9.45
6869,144,61,147,2026-02-10 03:02:00,7,14.21
4192,82,6,230,2026-02-10 03:11:00,29,43.93
19083,326,203,236,2026-02-10 03:30:00,42,64.62
2834,291,141,16,2026-02-10 03:45:00,55,86.42
16202,157,104,85,2026-02-10 03:59:00,30,45.7
12752,480,199,93,2026-02-10 04:04:00,15,28.13
10417,127,81,89,2026-02-10 04:13:00,8,16.31
2168,115,110,19,2026-02-10 04:30:00,54,83.21
4898,266,70,240,2026-02-10 04:31:00,22,37.62
14228,12,64,191,2026-02-10 04:35:00,32,50.72
11849,293,153,201,2026-02-10 04:41:00,57,91.52
12262,481,161,169,2026-02-10 04:54:00,48,76.98
14292,79,18,20,2026-02-10 04:56:00,19,28.86
11077,362,213,18,2026-02-10 05:10:00,57,86.58
19519,84,157,201,2026-02-10 05:10:00,44,71.31
15304,8,54,116,2026-02-10 05:21:00,26,42.95
11525,26,92,95,2026-02-10 05:45:00,34,51.56
8724,333,71,72,2026-02-10 05:58:00,31,46.64
10733,184,65,110,2026-02-10 06:01:00,34,54.97
6222,357,103,144,2026-02-10 06:05:00,17,26.71
2779,365,155,101,2026-02-10 06:08:00,16,24.82
9248,72,195,238,2026-02-10 06:14:00,36,55.52
18411,443,217,77,2026-02-10 06:21:00,30,47.47
2490,360,168,113,2026-02-10 06:21:00,21,36.68
5808,419,210,118,2026-02-10 06:30:00,39,64.27
12460,477,223,143,2026-02-10 06:30:00,58,86.07
10810,154,196,236,2026-02-10 06:55:00,37,56.19
13332,222,121,192,2026-02-10 07:07:00,45,69.72
15141,466,225,95,2026-02-10 07:10:00,60,92.75
13135,335,174,76,2026-02-10 07:16:00,46,73.07
1004,158,149,220,2026-02-10 07:31:00,55,84.63
7674,377,152,160,2026-02-10 07:33:00,34,59.14
7527,127,59,128,2026-02-10 07:46:00,7,15.12
17383,475,130,262,2026-02-10 08:00:00,23,36.34
15531,453,131,249,2026-02-10 08:09:00,12,19.26
10182,221,8,203,2026-02-10 08:19:00,30,45.32
13147,211,188,50,2026-02-10 08:24:00,16,27.61
10942,52,41,163,2026-02-10 08:27:00,37,58.02
1084,126,237,250,2026-02-10 08:38:00,56,86.36
16430,173,91,3,2026-02-10 08:48:00,47,75.41
17848,55,22,5,2026-02-10 08:52:00,55,84.74
936,406,163,121,2026-02-10 09:13:00,13,23.0
4946,332,211,10,2026-02-10 09:13:00,58,90.08
4577,215,89,109,2026-02-10 09:41:00,45,72.03
17688,113,188,225,2026-02-10 09:52:00,8,19.13
7467,117,123,67,2026-02-10 09:54:00,53,80.82
14403,402,92,135,2026-02-10 09:55:00,10,15.69
11185,282,18,247,2026-02-10 10:03:00,53,82.26
18822,498,7,209,2026-02-10 10:05:00,5,11.51
15563,125,71,153,2026-02-10 10:10:00,52,84.33
10371,309,220,154,2026-02-10 10:16:00,18,32.7
7785,463,228,31,2026-02-10 10:27:00,59,89.1
5468,165,263,37,2026-02-10 10:38:00,57,88.26
746,109,252,185,2026-02-10 10:38:00,20,29.44
7115,498,180,223,2026-02-10 10:38:00,29,48.58
12728,265,107,19,2026-02-10 10:43:00,54,82.69
6465,329,210,79,2026-02-10 11:02:00,14,21.76
17474,321,84,170,2026-02-10 11:08:00,45,65.7
6204,189,54,138,2026-02-10 11:12:00,22,36.7
10368,238,85,26,2026-02-10 11:15:00,43,65.33
15641,202,36,244,2026-02-10 11:25:00,50,76.86
18920,203,36,61,2026-02-10 11:37:00,30,46.94
12002,327,6,158,2026-02-10 11:41:00,24,41.86
4142,18,130,120,2026-02-10 11:41:00,27,44.3
11353,225,173,209,2026-02-10 11:51:00,50,76.89
7823,488,147,185,2026-02-10 11:58:00,8,15.74
3811,373,88,21,2026-02-10 12:06:00,16,28.17
2650,43,189,198,2026-02-10 12:17:00,13,23.0
7880,195,32,176,2026-02-10 12:19:00,15,26.42
7494,290,36,121,2026-02-10 12:19:00,24,40.72
1017,369,43,131,2026-02-10 12:20:00,19,26.59
13037,36,108,255,2026-02-10 12:22:00,17,27.5
2740,174,208,149,2026-02-10 12:22:00,27,41.75
12483,368,245,3,2026-02-10 12:29:00,9,15.42
2899,388,136,69,2026-02-10 12:52:00,13,21.64
10984,83,248,123,2026-02-10 12:53:00,20,30.36
14057,288,154,109,2026-02-10 12:53:00,50,78.22
17666,122,213,124,2026-02-10 12:55:00,54,84.11
956,308,31,262,2026-02-10 13:00:00,7,11.93
17300,79,50,13,2026-02-10 13:20:00,60,91.96
3244,35,100,111,2026-02-10 13:23:00,28,46.86
18787,93,222,170,2026-02-10 13:31:00,29,45.62
9565,20,31,133,2026-02-10 13:39:00,31,49.14
18914,112,260,169,2026-02-10 13:45:00,5,9.94
11084,63,223,72,2026-02-10 13:45:00,14,22.97
18712,206,55,93,2026-02-10 13:47:00,27,44.43
3678,290,166,138,2026-02-10 13:54:00,41,68.46
9292,54,60,104,2026-02-10 13:55:00,16,25.87
6494,27,84,186,2026-02-10 13:56:00,45,68.38
12519,196,238,150,2026-02-10 14:03:00,57,86.77
10858,4,230,260,2026-02-10 14:07:00,12,19.11
9790,22,69,12,2026-02-10 14:12:00,18,29.08
9884,478,53,77,2026-02-10 14:13:00,38,62.53
9563,362,123,231,2026-02-10 14:18:00,19,30.66
13380,424,147,69,2026-02-10 14:18:00,21,31.63
10217,468,24,81,2026-02-10 14:20:00,8,9.93
6991,126,80,45,2026-02-10 14:23:00,56,87.72
7231,269,163,60,2026-02-10 14:34:00,23,39.13
12693,55,236,91,2026-02-10 14:40:00,28,45.58
8788,349,103,199,2026-02-10 14:47:00,42,65.45
18609,146,61,86,2026-02-10 14:48:00,21,32.49
11975,82,3,200,2026-02-10 14:53:00,47,75.14
1290,400,179,123,2026-02-10 14:56:00,36,60.54
18210,336,246,23,2026-02-10 15:07:00,32,51.31
15287,456,159,154,2026-02-10 15:25:00,16,26.86
12101,124,113,4,2026-02-10 15:31:00,60,90.93
16409,379,63,100,2026-02-10 15:35:00,43,68.36
81,285,167,220,2026-02-10 15:39:00,10,16.03
4009,494,69,15,2026-02-10 15:40:00,55,86.05
18299,321,154,50,2026-02-10 15:44:00,11,19.9
6732,438,208,151,2026-02-10 15:44:00,25,37.35
10759,73,64,68,2026-02-10 15:56:00,41,63.59
4381,372,104,225,2026-02-10 16:00:00,9,16.69
19394,153,103,106,2026-02-10 16:04:00,59,93.21
19599,179,149,41,2026-02-10 16:06:00,48,75.19
13027,61,67,171,2026-02-10 16:11:00,27,43.89
7658,452,251,106,2026-02-10 16:21:00,7,10.98
8982,16,150,92,2026-02-10 16:21:00,37,61.45
12753,406,110,181,2026-02-10 16:27:00,31,50.66
12638,74,138,261,2026-02-10 16:28:00,51,78.47
3554,69,180,133,2026-02-10 16:28:00,52,80.23
8123,101,154,199,2026-02-10 16:32:00,33,50.81
18722,152,171,180,2026-02-10 16:37:00,43,68.06
2849,392,15,253,2026-02-10 16:49:00,11,21.54
8268,80,121,89,2026-02-10 16:50:00,13,23.13
8599,166,225,51,2026-02-10 16:53:00,39,62.5
2945,293,121,163,2026-02-10 16:55:00,40,67.69
12660,156,236,259,2026-02-10 17:06:00,31,50.46
9356,464,200,61,2026-02-10 17:19:00,12,20.68
8107,196,146,15,2026-02-10 17:22:00,28,47.48
2822,405,213,220,2026-02-10 17:31:00,32,50.81
6946,320,171,33,2026-02-10 17:37:00,22,39.26
11811,422,187,22,2026-02-10 17:41:00,18,26.32
5974,139,133,72,2026-02-10 17:51:00,33,53.37
16640,497,158,177,2026-02-10 18:04:00,44,69.34
17494,414,18,78,2026-02-10 18:08:00,8,14.98
804,189,172,122,2026-02-10 18:12:00,40,62.82
15186,336,246,240,2026-02-10 18:18:00,52,79.96
13538,390,134,228,2026-02-10 18:20:00,58,85.56
8097,104,180,14,2026-02-10 18:23:00,32,50.65
5362,192,120,71,2026-02-10 18:24:00,5,11.66
11595,220,61,236,2026-02-10 18:38:00,5,10.02
16207,347,144,88,2026-02-10 18:40:00,32,54.61
15439,63,75,258,2026-02-10 18:40:00,39,63.55
18314,30,206,144,2026-02-10 18:57:00,26,44.27
878,332,178,44,2026-02-10 19:02:00,48,73.89
17107,360,63,17,2026-02-10 19:18:00,21,33.45
6663,347,76,154,2026-02-10 19:21:00,18,30.94
16904,475,248,127,2026-02-10 19:23:00,28,48.5
12681,484,172,214,2026-02-10 19:26:00,7,14.78
16585,139,260,131,2026-02-10 19:34:00,45,72.11
5953,357,162,83,2026-02-10 19:35:00,21,37.55
16173,259,62,237,2026-02-10 19:36:00,38,60.47
7715,406,55,109,2026-02-10 19:37:00,38,58.52
5695,382,159,195,2026-02-10 19:37:00,9,20.75
16674,155,93,148,2026-02-10 19:41:00,16,23.52
6329,394,42,11,2026-02-10 19:41:00,27,47.06
10940,395,58,232,2026-02-10 19:45:00,5,7.89
3671,24,63,55,2026-02-10 19:47:00,37,60.55
14366,84,14,200,2026-02-10 19:49:00,5,7.6
4519,307,236,107,2026-02-10 19:52:00,52,83.81
1704,30,172,59,2026-02-10 19:58:00,16,27.29
17956,86,49,109,2026-02-10 19:58:00,29,43.84
6571,39,215,51,2026-02-10 20:02:00,25,43.42
7066,118,88,196,2026-02-10 20:11:00,16,29.73
4765,69,182,176,2026-02-10 20:13:00,52,79.67
10747,267,50,238,2026-02-10 20:13:00,21,33.22
18652,291,222,115,2026-02-10 20:26:00,22,34.66
8815,299,158,117,2026-02-10 20:30:00,16,28.42
8668,226,119,134,2026-02-10 20:33:00,12,20.44
11297,217,233,114,2026-02-10 20:40:00,13,22.48
14634,251,184,54,2026-02-10 20:42:00,40,62.26
19381,413,59,131,2026-02-10 20:45:00,23,39.69
16018,283,227,122,2026-02-10 20:48:00,20,31.27
10800,438,184,17,2026-02-10 20:48:00,32,49.61
4682,112,249,100,2026-02-10 21:01:00,54,84.08
3445,54,177,84,2026-02-10 21:19:00,47,74.6
15727,4,113,9,2026-02-10 21:21:00,5,7.35
5781,154,54,221,2026-02-10 21:22:00,49,74.5
11164,199,259,146,2026-02-10 21:32:00,15,26.18
14724,399,136,80,2026-02-10 21:35:00,50,77.47
396,309,104,236,2026-02-10 21:36:00,43,67.21
17091,203,239,155,2026-02-10 21:43:00,9,13.74
10787,259,113,114,2026-02-10 21:50:00,48,69.59
19982,477,261,193,2026-02-10 22:09:00,44,69.86
5233,449,186,242,2026-02-10 22:13:00,57,89.35
3593,95,55,163,2026-02-10 22:14:00,32,49.63
11519,87,43,119,2026-02-10 22:16:00,57,87.76
5475,61,201,119,2026-02-10 22:21:00,26,39.42
3471,111,174,196,2026-02-10 22:23:00,22,35.96
138,313,8,177,2026-02-10 22:26:00,24,32.92
13756,135,216,259,2026-02-10 22:32:00,17,33.03
19340,162,131,61,2026-02-10 22:41:00,29,49.7
8744,226,20,8,2026-02-10 22:42:00,20,33.42
18504,303,59,111,2026-02-10 22:51:00,26,46.7
8565,381,52,10,2026-02-10 22:56:00,9,17.46
7082,310,177,34,2026-02-10 23:04:00,17,28.75
8625,130,213,157,2026-02-10 23:15:00,43,71.11
655,152,231,136,2026-02-10 23:28:00,46,71.37
14459,353,134,231,2026-02-10 23:36:00,7,13.15
12633,181,19,3,2026-02-10 23:39:00,6,15.04
7253,77,15,187,2026-02-10 23:42:00,23,35.85
14646,374,90,114,2026-02-10 23:53:00,38,55.53
15001,404,217,101,2026-02-11 00:13:00,21,35.28
6272,43,265,90,2026-02-11 00:14:00,31,53.62
2474,12,198,113,2026-02-11 00:20:00,25,38.16
1512,327,31,101,2026-02-11 00:24:00,12,22.37
7803,285,50,189,2026-02-11 00:27:00,33,51.14
8792,72,130,50,2026-02-11 00:29:00,42,66.82
11054,93,53,190,2026-02-11 00:31:00,57,89.0
15568,357,258,33,2026-02-11 00:39:00,43,70.16
7910,122,242,196,2026-02-11 00:46:00,55,85.8
15252,298,117,132,2026-02-11 00:52:00,5,9.63
2503,423,184,14,2026-02-11 00:55:00,32,52.06
3476,292,66,204,2026-02-11 00:59:00,15,27.29
11095,442,108,189,2026-02-11 01:08:00,18,33.1
13796,368,229,186,2026-02-11 01:19:00,58,92.8
6689,30,58,15,2026-02-11 01:22:00,40,62.07
5217,282,191,219,2026-02-11 02:03:00,15,25.88
7422,352,170,31,2026-02-11 02:28:00,60,94.82
18118,446,223,95,2026-02-11 02:41:00,56,85.41
19787,488,216,22,2026-02-11 02:45:00,25,41.69
13886,199,36,159,2026-02-11 02:58:00,23,39.49
19310,406,48,192,2026-02-11 02:59:00,5,11.3
16827,202,175,9,2026-02-11 03:04:00,41,61.25
4977,268,215,52,2026-02-11 03:06:00,33,53.8
18494,194,220,233,2026-02-11 03:18:00,30,50.29
5319,280,35,247,2026-02-11 03:19:00,11,21.83
3839,98,206,58,2026-02-11 03:22:00,32,49.13
14760,442,255,198,2026-02-11 03:35:00,10,19.01
4620,92,237,79,2026-02-11 03:35:00,24,38.9
17808,249,27,201,2026-02-11 03:37:00,27,41.73
15846,197,206,125,2026-02-11 03:41:00,52,79.02
10104,173,72,45,2026-02-11 03:42:00,33,51.05
17086,298,222,34,2026-02-11 03:48:00,59,91.11
15911,464,109,61,2026-02-11 03:48:00,42,68.08
2311,398,106,201,2026-02-11 03:57:00,57,87.35
2325,379,110,22,2026-02-11 03:58:00,19,32.98
11144,469,155,118,2026-02-11 03:58:00,40,64.72
2738,232,187,33,2026-02-11 04:08:00,12,20.6
7800,262,133,233,2026-02-11 04:10:00,48,76.19
9227,324,140,197,2026-02-11 04:17:00,30,47.56
2501,374,179,71,2026-02-11 04:21:00,17,30.63
16898,269,245,265,2026-02-11 04:22:00,18,30.07
7728,302,65,217,2026-02-11 04:34:00,6,14.4
8248,118,137,178,2026-02-11 04:37:00,19,33.25
11207,32,143,112,2026-02-11 04:38:00,55,84.71
6238,44,105,89,2026-02-11 04:42:00,29,47.68
4904,496,114,187,2026-02-11 04:46:00,33,52.53
14143,298,254,259,2026-02-11 04:47:00,60,92.72
10799,70,118,155,2026-02-11 04:59:00,30,49.35
10497,398,251,53,2026-02-11 05:01:00,30,48.24
18809,174,192,39,2026-02-11 05:02:00,18,30.5
15809,347,35,225,2026-02-11 05:07:00,11,18.68
5688,60,110,71,2026-02-11 05:12:00,31,47.8
11556,227,147,53,2026-02-11 05:16:00,11,17.98
15656,391,254,99,2026-02-11 05:18:00,49,77.9
15041,467,83,171,2026-02-11 05:24:00,10,16.48
14069,129,214,45,2026-02-11 06:02:00,54,84.85
15596,95,245,11,2026-02-11 06:03:00,15,22.63
10421,335,182,180,2026-02-11 06:12:00,48,79.42
5356,386,251,187,2026-02-11 06:26:00,35,57.37
12652,102,181,241,2026-02-11 06:29:00,33,53.66
18098,425,225,71,2026-02-11 06:33:00,42,69.01
3379,434,81,154,2026-02-11 06:48:00,58,90.83
14616,154,220,19,2026-02-11 07:05:00,6,9.06
3186,337,164,28,2026-02-11 07:19:00,50,77.26
3423,281,143,238,2026-02-11 07:20:00,53,78.78
1582,178,233,206,2026-02-11 07:25:00,20,30.62
13683,398,233,247,2026-02-11 07:29:00,11,17.81
743,463,257,232,2026-02-11 07:37:00,33,50.61
14072,217,157,130,2026-02-11 07:38:00,41,67.92
14789,206,237,205,2026-02-11 07:39:00,7,14.19
19917,202,265,204,2026-02-11 07:46:00,33,52.77
11753,298,135,17,2026-02-11 07:53:00,51,74.55
17997,154,117,153,2026-02-11 07:55:00,31,50.16
4038,273,219,26,2026-02-11 08:02:00,43,67.72
17807,192,132,181,2026-02-11 08:03:00,7,13.59
3239,484,264,45,2026-02-11 08:03:00,58,90.62
4031,272,35,80,2026-02-11 08:05:00,38,60.58
13392,47,120,199,2026-02-11 08:06:00,31,50.71
113,266,64,146,2026-02-11 08:13:00,53,83.96
8840,262,185,167,2026-02-11 08:24:00,33,47.88
12171,96,167,49,2026-02-11 08:25:00,17,28.85
4858,59,13,96,2026-02-11 08:26:00,44,70.4
9125,60,71,205,2026-02-11 08:30:00,7,11.59
10580,499,73,261,2026-02-11 08:39:00,27,44.74
5783,5,59,158,2026-02-11 08:40:00,39,62.88
12975,102,149,116,2026-02-11 08:42:00,38,59.89
10443,319,87,158,2026-02-11 08:50:00,24,34.59
14635,450,76,222,2026-02-11 08:55:00,30,49.82
5242,425,160,231,2026-02-11 08:59:00,46,74.25
11488,302,60,193,2026-02-11 09:13:00,60,90.05
14740,288,222,80,2026-02-11 09:18:00,5,12.96
2400,218,63,8,2026-02-11 09:30:00,33,50.24
17972,38,89,18,2026-02-11 09:32:00,13,23.37
16771,297,236,146,2026-02-11 09:38:00,25,37.96
8894,223,219,6,2026-02-11 10:06:00,28,44.02
6105,325,94,216,2026-02-11 10:07:00,56,90.58
12788,147,105,224,2026-02-11 10:23:00,54,85.85
15606,38,119,132,2026-02-11 10:23:00,44,70.64
14112,466,171,236,2026-02-11 10:29:00,17,31.62
10175,348,265,38,2026-02-11 10:35:00,55,88.38
17862,188,185,158,2026-02-11 10:41:00,28,46.97
3453,349,156,73,2026-02-11 10:42:00,13,22.41
17668,314,17,160,2026-02-11 10:48:00,10,18.97
6424,125,78,263,2026-02-11 10:57:00,11,22.2
1745,407,131,240,2026-02-11 11:08:00,7,13.06
16032,218,77,58,2026-02-11 11:21:00,22,33.5
17342,203,229,189,2026-02-11 11:22:00,18,29.19
4240,388,210,94,2026-02-11 11:24:00,6,9.07
17611,441,23,233,2026-02-11 11:26:00,38,62.48
3826,123,86,201,2026-02-11 11:43:00,47,73.47
3888,207,144,137,2026-02-11 11:49:00,59,92.09
5284,100,93,217,2026-02-11 11:49:00,11,19.45
19769,255,210,152,2026-02-11 12:00:00,9,14.11
13889,488,8,210,2026-02-11 12:02:00,59,88.38
7294,129,207,73,2026-02-11 12:09:00,14,24.93
17278,90,201,185,2026-02-11 12:14:00,15,26.72
1931,386,116,60,2026-02-11 12:18:00,10,20.14
17913,322,222,178,2026-02-11 12:27:00,49,74.37
2686,136,80,59,2026-02-11 12:42:00,25,40.8
1936,38,158,12,2026-02-11 12:44:00,22,32.55
4205,426,17,49,2026-02-11 12:47:00,20,33.25
5665,454,87,22,2026-02-11 12:58:00,15,26.72
13533,438,96,148,2026-02-11 12:58:00,34,52.85
11990,331,83,175,2026-02-11 13:08:00,29,47.61
18311,66,57,145,2026-02-11 13:15:00,41,62.05
8191,388,131,33,2026-02-11 13:16:00,12,22.76
622,211,197,250,2026-02-11 13:18:00,39,64.9
14747,229,133,30,2026-02-11 13:32:00,26,39.28
7954,157,80,67,2026-02-11 13:33:00,43,68.0
18851,436,60,13,2026-02-11 13:46:00,23,36.29
2597,441,73,228,2026-02-11 13:49:00,14,25.39
11994,271,231,200,2026-02-11 13:52:00,49,71.69
4391,301,26,254,2026-02-11 13:55:00,52,80.6
3081,121,192,130,2026-02-11 14:00:00,31,51.36
1109,382,227,12,2026-02-11 14:16:00,45,71.04
19417,201,49,67,2026-02-11 14:19:00,5,9.3
17581,76,133,9,2026-02-11 14:25:00,23,35.75
15647,182,194,173,2026-02-11 14:26:00,46,68.93
18374,204,154,195,2026-02-11 14:40:00,35,53.67
1190,104,217,22,2026-02-11 14:54:00,26,40.92
16124,405,257,186,2026-02-11 15:00:00,58,86.92
16429,265,66,264,2026-02-11 15:21:00,58,88.8
6574,484,235,82,2026-02-11 15:38:00,17,23.83
6041,255,2,124,2026-02-11 15:42:00,8,16.42
13891,68,189,265,2026-02-11 15:44:00,13,24.29
2581,55,233,82,2026-02-11 15:45:00,29,46.33
19008,90,60,21,2026-02-11 15:55:00,27,45.44
19054,373,51,179,2026-02-11 16:07:00,43,68.13
9542,317,15,222,2026-02-11 16:13:00,39,58.5
8687,94,104,233,2026-02-11 16:16:00,27,43.76
5990,498,181,181,2026-02-11 16:19:00,29,45.87
7248,415,188,220,2026-02-11 16:28:00,26,40.92
14705,170,193,87,2026-02-11 16:29:00,47,77.11
13232,428,123,25,2026-02-11 16:31:00,40,60.33
10422,106,133,245,2026-02-11 16:33:00,52,80.89
5524,219,98,82,2026-02-11 16:35:00,58,89.97
5441,318,37,232,2026-02-11 16:50:00,49,78.96
8236,99,85,56,2026-02-11 16:51:00,14,24.56
6357,210,185,227,2026-02-11 16:52:00,25,41.53
11789,267,174,6,2026-02-11 17:08:00,26,39.04
11313,75,172,259,2026-02-11 17:17:00,15,26.77
1147,65,110,198,2026-02-11 17:29:00,47,71.23
8156,325,201,138,2026-02-11 17:29:00,11,21.02
4022,58,258,246,2026-02-11 17:39:00,57,88.81
12042,17,117,102,2026-02-11 17:42:00,60,94.77
9038,332,167,24,2026-02-11 17:46:00,28,46.41
8158,272,1,216,2026-02-11 17:59:00,16,28.77
19256,149,66,128,2026-02-11 18:00:00,54,82.64
11466,247,109,215,2026-02-11 18:35:00,46,73.44
13145,12,145,76,2026-02-11 18:48:00,31,50.94
11079,237,66,17,2026-02-11 18:58:00,34,54.07
14785,444,249,141,2026-02-11 18:58:00,24,39.0
14529,201,166,154,2026-02-11 19:01:00,44,68.49
133,98,220,185,2026-02-11 19:11:00,52,81.16
14826,264,96,17,2026-02-11 19:13:00,59,91.52
17096,60,137,24,2026-02-11 19:13:00,12,20.34
18288,377,194,77,2026-02-11 19:23:00,21,34.52
3656,330,174,194,2026-02-11 19:28:00,26,39.16
2505,259,71,72,2026-02-11 19:45:00,24,41.04
12701,69,198,197,2026-02-11 19:50:00,18,27.22
15349,365,213,54,2026-02-11 19:52:00,19,29.88
18229,206,184,38,2026-02-11 19:52:00,46,70.56
9682,278,115,178,2026-02-11 20:06:00,36,57.59
18173,488,136,141,2026-02-11 20:13:00,33,50.08
12854,84,158,127,2026-02-11 20:16:00,33,51.66
213,385,171,19,2026-02-11 20:21:00,59,90.64
11868,495,168,14,2026-02-11 20:24:00,10,20.86
17155,396,248,217,2026-02-11 20:26:00,37,56.23
6392,375,189,250,2026-02-11 20:35:00,37,63.41
17503,428,24,261,2026-02-11 20:44:00,30,46.28
7759,359,145,177,2026-02-11 20:59:00,57,88.35
17909,65,42,162,2026-02-11 21:09:00,25,41.22
615,77,39,154,2026-02-11 21:22:00,15,23.6
1738,148,237,175,2026-02-11 21:28:00,10,18.02
12048,329,109,190,2026-02-11 21:29:00,46,72.04
15540,120,43,184,2026-02-11 21:33:00,34,52.84
8554,208,54,153,2026-02-11 21:42:00,28,43.51
16177,286,128,57,2026-02-11 21:44:00,13,25.74
3241,278,219,36,2026-02-11 21:48:00,9,11.88
9115,45,151,239,2026-02-11 21:50:00,6,13.53
969,286,237,79,2026-02-11 21:51:00,41,65.03
3060,98,113,19,2026-02-11 22:07:00,56,90.1
18694,20,200,229,2026-02-11 22:13:00,10,15.9
10828,118,99,134,2026-02-11 22:14:00,20,31.66
13356,482,147,67,2026-02-11 22:24:00,44,67.31
12204,45,253,250,2026-02-11 22:28:00,28,45.79
14224,138,97,258,2026-02-11 22:30:00,7,14.91
4834,131,199,127,2026-02-11 22:31:00,37,54.8
12596,400,200,139,2026-02-11 22:31:00,14,24.91
17504,286,90,135,2026-02-11 22:32:00,39,63.14
16939,148,208,207,2026-02-11 22:36:00,15,27.66
18152,62,115,125,2026-02-11 22:54:00,60,92.68
17131,344,106,136,2026-02-11 22:56:00,55,85.58
12269,336,260,168,2026-02-11 23:10:00,12,20.9
8176,459,200,221,2026-02-11 23:13:00,6,10.69
1139,408,187,153,2026-02-11 23:19:00,58,91.07
1028,421,245,257,2026-02-11 23:22:00,52,78.37
6322,111,129,182,2026-02-11 23:31:00,16,26.22
521,169,128,46,2026-02-11 23:41:00,12,21.01
18886,266,92,8,2026-02-11 23:43:00,20,35.15
16916,44,103,188,2026-02-11 23:45:00,12,24.02
17963,102,78,193,2026-02-11 23:47:00,5,12.84
16747,146,212,76,2026-02-11 23:52:00,12,18.06
8008,147,19,135,2026-02-11 23:55:00,27,43.81
11754,102,148,255,2026-02-11 23:59:00,57,86.13
12940,338,137,86,2026-02-12 00:25:00,17,28.87
4549,470,49,154,2026-02-12 00:30:00,53,83.92
6747,2,257,71,2026-02-12 00:39:00,15,27.7
13489,174,96,99,2026-02-12 01:00:00,22,33.51
12455,154,125,105,2026-02-12 01:01:00,18,31.14
11468,294,142,229,2026-02-12 01:06:00,44,72.99
1477,304,81,80,2026-02-12 01:10:00,37,62.9
5159,49,44,39,2026-02-12 01:21:00,33,54.47
12844,318,228,105,2026-02-12 01:23:00,55,86.24
6314,107,124,41,2026-02-12 01:39:00,39,59.96
17000,360,143,26,2026-02-12 01:51:00,47,73.54
10073,202,21,191,2026-02-12 02:01:00,14,21.81
1421,173,166,180,2026-02-12 02:07:00,27,44.06
19664,251,103,97,2026-02-12 02:13:00,48,72.19
13179,436,172,50,2026-02-12 02:14:00,34,55.9
16762,63,191,54,2026-02-12 02:14:00,44,67.91
5337,404,125,228,2026-02-12 02:19:00,26,45.95
13014,8,25,132,2026-02-12 02:22:00,20,31.79
10019,10,144,108,2026-02-12 02:25:00,31,50.86
89,102,54,182,2026-02-12 02:27:00,22,33.81
15557,394,37,8,2026-02-12 02:28:00,60,95.42
13888,198,100,141,2026-02-12 02:31:00,31,52.55
15372,70,194,164,2026-02-12 02:31:00,28,44.44
17,237,122,76,2026-02-12 02:36:00,19,31.97
7596,225,218,106,2026-02-12 02:37:00,14,22.43
3820,409,187,232,2026-02-12 02:37:00,34,55.17
2345,380,175,83,2026-02-12 02:49:00,42,66.88
10077,113,8,219,2026-02-12 02:51:00,35,56.26
9043,170,208,234,2026-02-12 03:12:00,15,26.91
9857,110,67,19,2026-02-12 03:13:00,16,25.62
5098,151,66,231,2026-02-12 03:22:00,23,38.83
13209,231,215,182,2026-02-12 03:29:00,5,9.16
19822,102,63,142,2026-02-12 03:41:00,59,93.04
17889,196,219,202,2026-02-12 03:52:00,37,57.19
10413,254,6,251,2026-02-12 04:03:00,44,67.92
8927,405,178,264,2026-02-12 04:04:00,36,54.05
1511,489,205,27,2026-02-12 04:07:00,35,56.92
17850,431,233,180,2026-02-12 04:10:00,37,59.82
11731,304,38,182,2026-02-12 04:13:00,38,61.23
3909,284,213,234,2026-02-12 04:16:00,37,61.35
11945,158,152,105,2026-02-12 04:32:00,52,80.62
11884,478,20,49,2026-02-12 04:38:00,8,14.01
17130,346,13,24,2026-02-12 04:43:00,26,41.52
11583,309,135,204,2026-02-12 04:56:00,34,52.71
206,198,18,77,2026-02-12 05:02:00,46,74.57
6865,317,14,180,2026-02-12 05:07:00,12,22.22
962,490,208,194,2026-02-12 05:07:00,30,47.93
13833,469,89,22,2026-02-12 05:10:00,19,29.28
6796,393,231,25,2026-02-12 05:11:00,30,47.32
10043,348,183,111,2026-02-12 05:12:00,15,25.14
1313,442,93,263,2026-02-12 05:23:00,34,58.27
9076,64,230,209,2026-02-12 05:25:00,5,10.13
11344,115,116,35,2026-02-12 05:37:00,45,68.98
1688,155,122,184,2026-02-12 05:41:00,60,95.35
13082,315,238,197,2026-02-12 05:57:00,37,58.15
10813,66,124,88,2026-02-12 05:58:00,17,30.54
7414,450,260,79,2026-02-12 06:02:00,59,90.09
4336,57,36,178,2026-02-12 06:13:00,21,32.74
15722,83,203,78,2026-02-12 06:22:00,6,9.96
2638,42,190,10,2026-02-12 06:43:00,8,15.56
7538,316,191,129,2026-02-12 06:45:00,7,11.37
16213,484,147,186,2026-02-12 06:45:00,11,22.25
13783,409,228,25,2026-02-12 07:09:00,42,70.57
5202,306,95,226,2026-02-12 07:10:00,23,34.65
11791,456,7,51,2026-02-12 07:25:00,5,8.19
19007,53,188,174,2026-02-12 07:33:00,9,12.38
1363,34,249,56,2026-02-12 07:43:00,9,13.11
611,59,128,118,2026-02-12 08:25:00,57,88.65
13744,415,248,106,2026-02-12 08:27:00,52,82.71
12008,164,75,211,2026-02-12 08:35:00,12,23.2
11751,52,26,14,2026-02-12 08:52:00,38,61.34
9806,172,252,84,2026-02-12 08:56:00,15,23.4
10006,174,103,1,2026-02-12 09:06:00,15,24.18
19799,170,17,78,2026-02-12 09:07:00,45,71.62
10399,93,90,122,2026-02-12 09:13:00,53,80.05
7142,286,228,214,2026-02-12 09:13:00,45,67.77
869,60,246,203,2026-02-12 09:19:00,36,52.04
13525,132,3,29,2026-02-12 09:41:00,22,37.12
2429,35,256,178,2026-02-12 09:43:00,41,65.5
10138,126,148,27,2026-02-12 09:44:00,13,23.87
2951,376,227,152,2026-02-12 10:00:00,26,40.85
2071,74,50,5,2026-02-12 10:05:00,42,65.54
15912,278,251,58,2026-02-12 10:06:00,33,52.62
12966,415,244,42,2026-02-12 10:10:00,52,79.67
2271,221,76,46,2026-02-12 10:10:00,7,14.2
19572,347,220,247,2026-02-12 10:27:00,18,32.9
13727,455,188,139,2026-02-12 10:28:00,13,21.96
7268,35,167,110,2026-02-12 10:36:00,52,80.65
15985,328,250,254,2026-02-12 10:55:00,21,36.36
5790,172,167,204,2026-02-12 11:01:00,21,33.37
612,227,17,184,2026-02-12 11:08:00,52,82.44
19832,368,197,62,2026-02-12 11:16:00,46,74.28
19460,478,154,111,2026-02-12 11:34:00,34,56.17
6273,136,41,50,2026-02-12 11:43:00,21,33.03
18891,421,122,107,2026-02-12 11:47:00,46,76.62
5375,301,43,180,2026-02-12 12:04:00,49,75.89
10258,110,34,170,2026-02-12 12:11:00,49,78.12
19704,458,261,101,2026-02-12 12:28:00,13,20.97
1932,432,242,258,2026-02-12 12:30:00,6,10.85
19129,414,199,55,2026-02-12 12:32:00,53,79.76
3564,148,52,89,2026-02-12 12:36:00,38,62.31
6948,464,60,132,2026-02-12 12:37:00,10,17.45
8259,457,93,95,2026-02-12 12:42:00,40,61.36
8653,371,76,85,2026-02-12 12:50:00,20,31.53
17334,452,117,46,2026-02-12 12:51:00,39,62.66
18663,47,219,137,2026-02-12 13:03:00,45,70.69
6038,411,29,62,2026-02-12 13:05:00,26,38.52
14684,305,234,213,2026-02-12 13:06:00,29,45.62
3572,435,114,172,2026-02-12 13:12:00,35,56.63
15731,159,142,51,2026-02-12 13:14:00,34,55.19
8382,241,99,107,2026-02-12 13:20:00,28,42.45
4995,138,204,136,2026-02-12 13:24:00,5,9.29
5381,89,157,129,2026-02-12 13:30:00,33,52.44
10238,77,50,258,2026-02-12 13:31:00,54,82.92
4792,134,5,252,2026-02-12 13:33:00,41,67.58
17143,129,250,212,2026-02-12 13:33:00,38,58.4
1172,79,188,52,2026-02-12 13:35:00,27,43.85
7736,373,110,142,2026-02-12 13:38:00,38,57.58
2091,108,195,205,2026-02-12 14:00:00,48,76.38
10528,342,211,120,2026-02-12 14:05:00,38,61.75
8115,286,164,13,2026-02-12 14:18:00,12,22.2
19426,72,75,154,2026-02-12 14:19:00,57,85.69
3449,405,45,19,2026-02-12 14:30:00,31,54.9
8121,144,86,45,2026-02-12 14:31:00,14,26.92
6861,123,110,193,2026-02-12 14:41:00,27,45.77
16581,344,262,182,2026-02-12 14:43:00,49,76.61
10598,481,143,66,2026-02-12 14:44:00,46,74.97
7459,232,262,179,2026-02-12 14:57:00,42,68.93
6573,332,213,248,2026-02-12 14:58:00,53,81.5
18898,185,61,133,2026-02-12 15:01:00,11,18.49
5716,180,37,163,2026-02-12 15:02:00,47,77.02
19110,217,65,103,2026-02-12 15:05:00,33,55.86
4958,25,126,3,2026-02-12 15:18:00,35,54.19
16813,489,120,147,2026-02-12 15:32:00,17,27.74
3944,95,49,242,2026-02-12 15:41:00,5,7.93
11642,141,211,76,2026-02-12 15:46:00,42,64.99
16249,228,261,222,2026-02-12 15:47:00,52,78.81
11037,9,44,216,2026-02-12 15:48:00,19,30.81
10743,283,265,15,2026-02-12 15:51:00,54,85.42
17192,383,251,185,2026-02-12 15:54:00,15,28.06
14077,356,9,104,2026-02-12 15:57:00,19,32.94
15120,254,132,32,2026-02-12 16:04:00,6,10.18
16282,315,198,135,2026-02-12 16:06:00,48,73.2
1529,25,171,87,2026-02-12 16:11:00,50,77.97
18186,85,119,51,2026-02-12 16:11:00,7,11.21
2903,230,105,56,2026-02-12 16:28:00,6,15.29
9012,208,76,65,2026-02-12 16:37:00,23,39.57
5266,123,206,142,2026-02-12 16:41:00,46,72.5
4780,13,92,116,2026-02-12 16:43:00,59,90.15
12226,29,240,6,2026-02-12 16:44:00,35,57.36
3372,88,263,208,2026-02-12 16:47:00,39,63.24
18660,46,201,176,2026-02-12 16:50:00,9,15.42
17629,183,4,170,2026-02-12 16:53:00,49,78.25
18625,366,164,168,2026-02-12 16:54:00,39,60.57
16146,386,257,181,2026-02-12 16:57:00,51,77.73
14594,264,96,120,2026-02-12 17:01:00,49,75.15
17286,422,48,8,2026-02-12 17:25:00,35,53.38
35,279,74,239,2026-02-12 17:34:00,31,51.0
7167,101,180,230,2026-02-12 17:41:00,21,34.25
7705,462,243,66,2026-02-12 17:41:00,12,22.36
8210,83,175,120,2026-02-12 17:42:00,10,16.32
328,94,223,195,2026-02-12 17:53:00,51,79.66
13480,482,14,216,2026-02-12 17:53:00,52,81.48
4272,265,246,226,2026-02-12 17:56:00,46,68.88
14809,280,93,22,2026-02-12 17:57:00,34,56.16
5235,146,31,206,2026-02-12 18:01:00,37,56.28
8192,442,190,120,2026-02-12 18:04:00,57,89.04
17460,495,109,188,2026-02-12 18:13:00,53,83.13
2726,151,236,87,2026-02-12 18:31:00,53,87.64
15980,285,185,94,2026-02-12 18:37:00,55,85.12
4276,461,30,205,2026-02-12 18:42:00,46,74.04
12950,54,222,176,2026-02-12 18:56:00,42,63.6
2631,245,238,36,2026-02-12 19:03:00,47,72.12
14553,227,48,240,2026-02-12 19:05:00,29,46.12
19548,46,231,230,2026-02-12 19:19:00,30,48.24
9370,256,118,48,2026-02-12 19:20:00,14,22.37
3450,434,100,99,2026-02-12 19:20:00,43,66.33
3893,103,223,259,2026-02-12 19:23:00,53,80.87
172,389,186,222,2026-02-12 19:45:00,6,11.2
416,117,34,41,2026-02-12 19:54:00,27,42.51
11806,224,48,261,2026-02-12 20:02:00,29,44.96
17368,92,186,263,2026-02-12 20:12:00,32,53.89
14914,84,94,260,2026-02-12 20:27:00,36,57.54
886,447,143,97,2026-02-12 20:39:00,21,33.51
13651,271,8,175,2026-02-12 21:14:00,56,87.51
15172,307,51,237,2026-02-12 21:14:00,44,64.6
13149,35,74,77,2026-02-12 21:25:00,8,15.6
1283,405,177,21,2026-02-12 21:30:00,56,89.22
7160,134,98,183,2026-02-12 21:35:00,26,41.56
4593,431,204,105,2026-02-12 21:37:00,33,51.68
11895,470,204,194,2026-02-12 22:21:00,35,54.69
14973,31,178,44,2026-02-12 22:27:00,43,68.71
6391,354,204,251,2026-02-12 22:27:00,17,26.06
1469,470,180,56,2026-02-12 22:40:00,14,22.93
8981,464,206,131,2026-02-12 22:45:00,25,42.46
16174,96,163,136,2026-02-12 22:48:00,52,78.7
18846,295,235,12,2026-02-12 22:50:00,22,34.16
1673,190,134,260,2026-02-12 23:06:00,35,55.88
14374,420,252,135,2026-02-12 23:16:00,14,25.98
10356,200,43,18,2026-02-12 23:17:00,31,48.79
15480,462,63,207,2026-02-12 23:18:00,35,57.58
679,469,17,193,2026-02-12 23:25:00,17,30.91
10487,213,35,46,2026-02-12 23:26:00,5,9.72
16159,156,10,72,2026-02-12 23:37:00,33,51.3
9766,234,45,259,2026-02-12 23:39:00,54,82.89
11094,262,92,110,2026-02-12 23:42:00,38,58.16
288,207,136,83,2026-02-12 23:56:00,18,29.15
11496,99,37,99,2026-02-12 23:59:00,60,91.65
3579,408,220,176,2026-02-13 00:11:00,47,77.35
9260,136,86,54,2026-02-13 00:46:00,57,89.31
2818,304,105,228,2026-02-13 00:58:00,45,69.86
30,258,49,175,2026-02-13 01:04:00,53,83.25
13184,83,57,262,2026-02-13 01:05:00,29,48.43
8821,20,114,264,2026-02-13 01:06:00,45,73.23
18209,98,263,116,2026-02-13 01:16:00,11,17.69
811,291,169,174,2026-02-13 01:19:00,27,43.39
7211,299,252,200,2026-02-13 01:22:00,36,58.65
5951,13,18,217,2026-02-13 02:05:00,46,70.44
7098,325,103,264,2026-02-13 02:17:00,14,22.42
9320,449,181,239,2026-02-13 02:22:00,25,41.76
819,450,138,80,2026-02-13 02:24:00,13,24.11
15408,191,82,151,2026-02-13 02:25:00,46,67.51
6064,470,142,3,2026-02-13 02:27:00,45,71.77
2858,237,97,16,2026-02-13 02:28:00,18,29.83
7436,245,83,259,2026-02-13 02:33:00,52,81.5
7102,3,14,248,2026-02-13 02:46:00,33,53.91
8691,123,174,153,2026-02-13 02:51:00,24,36.15
1751,233,107,62,2026-02-13 02:54:00,29,41.6
10108,80,189,33,2026-02-13 02:56:00,16,26.08
2747,26,18,120,2026-02-13 02:58:00,53,81.23
2691,179,167,69,2026-02-13 03:03:00,14,23.32
6924,480,158,265,2026-02-13 03:04:00,45,70.92
6614,482,48,98,2026-02-13 03:10:00,32,53.53
13280,263,139,254,2026-02-13 03:20:00,21,33.03
12448,293,198,265,2026-02-13 03:21:00,15,24.79
3700,490,135,230,2026-02-13 03:25:00,50,75.12
18488,72,12,124,2026-02-13 03:27:00,29,46.64
6419,56,167,84,2026-02-13 03:30:00,47,72.56
994,248,39,165,2026-02-13 03:35:00,44,70.05
10760,338,5,49,2026-02-13 03:38:00,49,75.86
18404,129,143,181,2026-02-13 03:44:00,22,37.71
7780,412,111,132,2026-02-13 03:45:00,6,10.81
14100,484,166,172,2026-02-13 03:53:00,42,66.35
17878,320,32,249,2026-02-13 04:09:00,54,85.32
4094,339,227,224,2026-02-13 04:12:00,57,89.03
15137,242,257,194,2026-02-13 04:20:00,26,39.58
13483,275,37,60,2026-02-13 04:23:00,42,64.02
9013,336,203,227,2026-02-13 04:23:00,35,57.17
12957,176,233,171,2026-02-13 04:25:00,5,11.22
16995,454,240,214,2026-02-13 04:52:00,27,42.0
13090,296,71,67,2026-02-13 04:54:00,58,94.26
8758,155,248,74,2026-02-13 04:55:00,39,61.0
179,179,261,21,2026-02-13 05:00:00,34,51.59
3911,168,192,132,2026-02-13 05:08:00,26,42.0
6687,75,137,87,2026-02-13 05:16:00,27,42.8
15835,87,39,221,2026-02-13 05:24:00,52,80.1
5709,146,261,138,2026-02-13 05:26:00,6,10.18
10947,432,81,184,2026-02-13 05:27:00,39,60.75
3438,279,166,148,2026-02-13 05:28:00,51,80.18
9460,104,87,12,2026-02-13 05:33:00,37,57.21
10885,19,60,23,2026-02-13 05:34:00,43,67.5
5,34,168,152,2026-02-13 05:41:00,51,82.01
269,257,160,17,2026-02-13 05:56:00,17,29.59
4604,489,9,248,2026-02-13 06:05:00,12,17.68
9335,332,132,19,2026-02-13 06:05:00,14,22.09
6871,350,233,4,2026-02-13 06:07:00,31,48.26
11098,41,97,111,2026-02-13 06:14:00,59,89.92
17754,212,49,48,2026-02-13 06:20:00,17,29.32
11506,434,117,254,2026-02-13 06:22:00,25,41.49
4661,353,209,23,2026-02-13 06:24:00,27,43.55
10434,119,235,59,2026-02-13 06:29:00,47,75.02
17757,289,208,48,2026-02-13 06:30:00,26,44.78
7862,391,89,39,2026-02-13 06:33:00,53,79.75
16742,401,160,19,2026-02-13 06:34:00,51,79.45
8966,235,232,79,2026-02-13 06:34:00,9,17.12
18429,482,171,41,2026-02-13 06:36:00,30,49.32
16435,286,37,113,2026-02-13 06:44:00,25,43.28
5304,123,233,257,2026-02-13 06:48:00,50,76.04
7977,21,229,191,2026-02-13 06:52:00,31,49.62
18474,440,10,174,2026-02-13 06:59:00,58,88.77
11045,353,28,195,2026-02-13 07:02:00,27,44.16
17894,179,111,14,2026-02-13 07:03:00,8,13.47
4706,113,131,78,2026-02-13 07:05:00,51,79.93
601,467,168,189,2026-02-13 07:06:00,55,86.19
9393,52,48,93,2026-02-13 07:09:00,16,29.58
8989,435,253,233,2026-02-13 07:16:00,17,33.23
17558,209,229,17,2026-02-13 07:21:00,42,63.05
6958,365,12,91,2026-02-13 07:24:00,6,9.5
13017,273,24,119,2026-02-13 07:29:00,49,81.07
19686,58,8,193,2026-02-13 07:30:00,51,80.52
1636,409,43,189,2026-02-13 07:34:00,13,23.83
2930,337,213,207,2026-02-13 07:40:00,35,55.93
5597,138,42,142,2026-02-13 07:50:00,55,90.12
18255,185,240,257,2026-02-13 08:09:00,17,28.19
6656,392,47,62,2026-02-13 08:09:00,34,52.43
6632,400,79,33,2026-02-13 08:15:00,7,13.26
8754,256,180,232,2026-02-13 08:16:00,30,50.46
17208,415,129,100,2026-02-13 08:50:00,9,18.16
13503,135,128,182,2026-02-13 08:53:00,22,38.59
5622,120,47,48,2026-02-13 08:57:00,37,59.3
9613,362,110,183,2026-02-13 09:00:00,52,79.13
18286,252,28,150,2026-02-13 09:11:00,45,67.49
733,267,78,20,2026-02-13 09:15:00,12,22.26
15909,412,205,87,2026-02-13 09:18:00,42,66.21
3546,467,227,88,2026-02-13 09:29:00,54,84.61
17586,258,163,252,2026-02-13 09:31:00,38,62.17
12244,328,232,14,2026-02-13 09:39:00,6,10.93
1365,195,260,104,2026-02-13 09:48:00,32,52.35
4376,460,200,66,2026-02-13 09:51:00,50,81.24
19495,401,144,152,2026-02-13 10:01:00,44,76.52
18648,172,147,8,2026-02-13 10:07:00,40,62.43
3604,372,32,254,2026-02-13 10:12:00,59,92.11
7144,132,14,217,2026-02-13 10:15:00,22,36.24
6782,376,6,167,2026-02-13 10:41:00,10,16.96
1009,496,232,189,2026-02-13 10:43:00,7,15.6
17260,376,242,76,2026-02-13 10:46:00,31,49.3
18276,431,159,13,2026-02-13 10:47:00,29,47.72
15614,105,191,66,2026-02-13 10:52:00,29,44.92
7955,122,2,252,2026-02-13 10:54:00,33,52.18
5575,159,162,220,2026-02-13 10:57:00,49,76.37
13033,33,43,111,2026-02-13 10:57:00,32,51.5
10359,435,16,204,2026-02-13 10:58:00,20,31.38
2324,151,155,138,2026-02-13 11:11:00,39,61.49
12750,486,219,156,2026-02-13 11:15:00,25,40.7
16692,379,253,265,2026-02-13 11:28:00,22,37.41
379,265,264,36,2026-02-13 11:29:00,59,89.3
13878,364,47,139,2026-02-13 12:04:00,59,90.1
1986,189,111,21,2026-02-13 12:04:00,53,80.69
715,482,222,204,2026-02-13 12:08:00,40,65.55
11648,166,36,132,2026-02-13 12:08:00,52,82.02
1456,440,262,117,2026-02-13 12:09:00,47,72.07
8574,204,257,192,2026-02-13 12:14:00,9,18.6
8222,493,219,264,2026-02-13 12:20:00,11,19.16
16826,243,97,27,2026-02-13 12:22:00,47,74.01
4278,190,34,261,2026-02-13 12:23:00,50,78.62
16568,212,161,232,2026-02-13 12:25:00,42,63.16
14163,97,139,65,2026-02-13 12:25:00,60,91.17
4133,436,83,165,2026-02-13 12:34:00,38,57.62
4236,378,248,24,2026-02-13 12:42:00,60,89.65
4521,354,218,227,2026-02-13 12:45:00,41,61.01
11146,391,228,102,2026-02-13 12:55:00,49,75.49
13442,130,59,252,2026-02-13 13:14:00,36,59.28
5232,394,47,222,2026-02-13 13:26:00,21,32.2
7080,284,214,5,2026-02-13 13:31:00,52,81.65
5929,69,95,95,2026-02-13 13:37:00,18,28.72
16052,173,105,12,2026-02-13 13:42:00,12,22.09
2250,13,54,63,2026-02-13 13:45:00,53,83.15
19556,296,138,196,2026-02-13 13:48:00,7,14.92
4280,395,69,139,2026-02-13 13:48:00,10,20.97
15989,259,33,145,2026-02-13 14:01:00,48,74.31
18039,277,18,59,2026-02-13 14:21:00,57,93.66
2560,121,81,200,2026-02-13 14:34:00,9,15.05
13203,95,80,92,2026-02-13 14:45:00,27,43.2
19802,99,211,64,2026-02-13 14:50:00,25,37.02
5835,431,161,214,2026-02-13 15:00:00,45,70.48
12166,119,224,58,2026-02-13 15:25:00,28,48.88
853,367,200,2,2026-02-13 15:29:00,29,49.05
18093,136,67,257,2026-02-13 15:37:00,58,91.15
3922,2,219,33,2026-02-13 15:39:00,30,47.19
15126,161,168,15,2026-02-13 15:44:00,22,37.79
1633,278,144,135,2026-02-13 15:48:00,20,33.03
4587,401,55,184,2026-02-13 15:51:00,47,74.29
5707,176,7,224,2026-02-13 16:14:00,36,52.87
1840,328,155,125,2026-02-13 16:21:00,21,36.56
1560,340,116,169,2026-02-13 16:23:00,23,39.05
19613,252,226,254,2026-02-13 16:27:00,42,62.73
15373,374,191,39,2026-02-13 16:28:00,32,52.64
7246,164,259,199,2026-02-13 16:33:00,22,35.05
842,474,141,148,2026-02-13 16:41:00,23,37.62
7200,372,28,81,2026-02-13 16:42:00,57,87.85
10081,281,175,211,2026-02-13 16:42:00,22,34.0
4076,97,90,149,2026-02-13 16:42:00,33,57.2
6373,274,158,159,2026-02-13 17:00:00,15,24.73
12952,420,36,165,2026-02-13 17:05:00,20,29.47
10435,215,221,234,2026-02-13 17:23:00,54,83.22
9769,325,20,143,2026-02-13 17:38:00,29,46.07
9070,340,119,108,2026-02-13 17:39:00,23,38.12
19086,246,136,128,2026-02-13 17:39:00,26,43.69
4294,321,60,176,2026-02-13 17:43:00,55,85.52
9748,449,190,161,2026-02-13 17:56:00,56,86.54
14798,193,148,255,2026-02-13 18:00:00,32,46.09
11865,247,6,35,2026-02-13 18:01:00,21,0.0
16763,328,98,167,2026-02-13 18:04:00,16,24.28
15786,295,102,231,2026-02-13 18:10:00,37,56.54
12684,462,8,151,2026-02-13 18:11:00,32,51.6
15671,17,207,13,2026-02-13 18:37:00,60,93.76
6539,410,217,9,2026-02-13 18:44:00,22,37.62
8311,286,58,155,2026-02-13 18:48:00,39,60.17
14906,86,80,206,2026-02-13 19:04:00,16,25.37
6401,97,4,40,2026-02-13 19:07:00,46,74.08
19549,234,102,15,2026-02-13 19:17:00,28,45.48
15886,114,178,220,2026-02-13 19:19:00,14,27.77
16411,126,95,242,2026-02-13 19:24:00,45,70.35
2966,97,212,7,2026-02-13 19:25:00,44,68.58
4747,84,45,177,2026-02-13 19:27:00,32,49.58
10467,280,122,39,2026-02-13 19:32:00,29,45.45
4917,280,158,201,2026-02-13 19:33:00,57,89.8
14267,11,180,251,2026-02-13 19:35:00,54,83.62
10515,166,237,156,2026-02-13 19:35:00,9,16.28
1356,137,68,194,2026-02-13 19:41:00,37,56.33
1347,182,61,16,2026-02-13 19:45:00,8,17.07
8265,498,15,132,2026-02-13 20:06:00,16,28.94
15152,87,255,166,2026-02-13 20:08:00,39,63.64
1,498,154,129,2026-02-13 20:12:00,40,62.39
14683,210,168,142,2026-02-13 20:12:00,40,63.95
2111,388,261,150,2026-02-13 20:13:00,17,29.88
17640,221,41,1,2026-02-13 20:17:00,12,21.05
4016,332,32,224,2026-02-13 20:18:00,54,86.17
5403,159,222,136,2026-02-13 20:21:00,56,86.4
8524,69,193,249,2026-02-13 20:22:00,42,63.69
10283,315,224,48,2026-02-13 20:24:00,32,52.88
3915,14,188,165,2026-02-13 20:24:00,40,66.34
3867,380,9,174,2026-02-13 20:30:00,47,74.91
18619,377,50,10,2026-02-13 20:32:00,51,83.0
6653,493,264,156,2026-02-13 20:36:00,5,7.66
18032,28,134,214,2026-02-13 20:41:00,22,36.78
9528,98,114,235,2026-02-13 20:48:00,59,92.53
7798,458,44,105,2026-02-13 20:51:00,60,92.74
11118,476,170,111,2026-02-13 20:53:00,21,34.28
15863,418,227,219,2026-02-13 20:54:00,60,92.14
12994,117,261,113,2026-02-13 20:55:00,43,68.92
2201,185,207,176,2026-02-13 20:56:00,26,42.68
2255,47,256,74,2026-02-13 21:16:00,44,69.09
19993,431,27,252,2026-02-13 21:19:00,37,56.5
19564,153,19,77,2026-02-13 21:42:00,24,40.24
2664,334,160,96,2026-02-13 21:47:00,47,73.1
2721,417,130,174,2026-02-13 21:51:00,32,50.78
10342,336,69,244,2026-02-13 21:57:00,35,55.88
14157,468,177,65,2026-02-13 22:00:00,42,65.39
19565,58,57,206,2026-02-13 22:01:00,11,19.68
19661,326,126,192,2026-02-13 22:11:00,60,95.28
5865,441,261,179,2026-02-13 22:17:00,25,43.36
268,88,200,151,2026-02-13 22:21:00,25,41.89
19637,472,200,48,2026-02-13 22:22:00,53,82.69
15569,43,134,174,2026-02-13 22:23:00,39,61.33
6805,421,152,85,2026-02-13 22:24:00,44,67.63
17204,198,75,170,2026-02-13 22:32:00,13,20.22
14777,396,246,60,2026-02-13 22:33:00,31,53.54
6129,315,126,118,2026-02-13 22:37:00,43,64.22
8241,311,192,184,2026-02-13 22:49:00,19,33.48
13174,72,177,235,2026-02-13 22:53:00,7,16.4
15158,476,156,161,2026-02-13 23:06:00,31,49.32
2423,173,6,189,2026-02-13 23:10:00,60,91.16
3636,215,49,192,2026-02-13 23:17:00,14,24.83
10334,45,258,176,2026-02-13 23:24:00,11,17.13
13584,321,103,222,2026-02-13 23:25:00,26,42.71
15266,88,74,254,2026-02-13 23:27:00,9,15.53
9073,183,251,150,2026-02-13 23:28:00,56,88.09
16387,147,31,14,2026-02-13 23:31:00,35,55.79
18161,112,243,130,2026-02-13 23:39:00,23,35.3
10647,307,248,243,2026-02-13 23:45:00,21,34.49
17984,397,103,163,2026-02-13 23:51:00,36,58.81
4070,398,17,228,2026-02-13 23:58:00,13,24.25
19165,102,194,241,2026-02-13 23:59:00,34,52.3
11817,448,249,27,2026-02-14 00:10:00,39,61.72
7505,498,202,175,2026-02-14 00:12:00,37,60.8
9832,209,145,155,2026-02-14 00:17:00,45,72.94
10267,302,100,165,2026-02-14 00:23:00,57,87.01
7814,27,106,79,2026-02-14 00:34:00,59,92.75
6623,410,210,222,2026-02-14 00:38:00,37,55.26
12309,464,258,229,2026-02-14 00:40:00,38,60.86
10872,307,28,180,2026-02-14 00:59:00,5,8.49
9656,266,14,205,2026-02-14 01:01:00,7,13.17
18207,20,217,139,2026-02-14 01:01:00,12,22.17
9343,407,196,225,2026-02-14 01:02:00,32,51.29
19128,38,30,48,2026-02-14 01:43:00,26,42.33
18182,124,13,243,2026-02-14 01:50:00,48,72.83
4026,219,178,126,2026-02-14 01:52:00,20,31.84
10558,270,15,143,2026-02-14 01:55:00,44,68.49
10918,234,249,177,2026-02-14 01:56:00,54,82.49
12252,53,78,81,2026-02-14 01:58:00,49,76.69
18957,261,161,29,2026-02-14 02:01:00,50,80.36
14996,464,136,144,2026-02-14 02:01:00,41,66.56
9094,146,217,157,2026-02-14 02:23:00,58,89.65
12529,98,246,18,2026-02-14 02:28:00,32,52.07
978,69,136,95,2026-02-14 02:37:00,60,95.01
13444,368,126,56,2026-02-14 02:41:00,6,12.06
2041,286,185,121,2026-02-14 02:44:00,31,50.41
16844,130,207,146,2026-02-14 02:50:00,54,86.42
17359,240,105,68,2026-02-14 03:01:00,15,27.31
17319,227,116,166,2026-02-14 03:01:00,36,55.09
8086,121,86,227,2026-02-14 03:03:00,27,39.82
2667,434,66,241,2026-02-14 03:12:00,40,62.41
7588,486,256,261,2026-02-14 03:21:00,19,31.64
10878,274,166,254,2026-02-14 03:21:00,30,47.5
9430,261,218,245,2026-02-14 03:28:00,5,12.59
2680,402,18,163,2026-02-14 03:33:00,42,69.7
14605,411,73,25,2026-02-14 03:36:00,24,37.93
10507,419,71,204,2026-02-14 03:42:00,24,39.78
17294,482,191,183,2026-02-14 03:43:00,56,87.81
2990,34,145,218,2026-02-14 03:47:00,15,27.51
3223,278,74,194,2026-02-14 03:52:00,59,87.92
3418,236,89,192,2026-02-14 04:01:00,31,49.55
16473,218,15,74,2026-02-14 04:03:00,5,10.43
7355,466,203,100,2026-02-14 04:12:00,52,82.25
6929,443,37,198,2026-02-14 04:23:00,21,34.76
769,485,250,141,2026-02-14 04:27:00,26,40.04
15891,70,7,229,2026-02-14 04:34:00,60,91.55
15927,38,50,246,2026-02-14 04:39:00,55,86.08
9213,303,214,38,2026-02-14 04:51:00,58,91.5
16241,451,76,35,2026-02-14 04:57:00,40,63.52
6338,331,257,202,2026-02-14 04:59:00,59,92.5
15143,111,112,45,2026-02-14 05:04:00,34,51.51
12393,308,250,246,2026-02-14 05:08:00,22,35.05
18688,100,120,86,2026-02-14 05:11:00,46,68.57
2059,261,11,205,2026-02-14 05:23:00,56,88.36
8200,146,214,256,2026-02-14 05:27:00,46,72.93
18819,200,191,225,2026-02-14 05:29:00,22,36.04
2116,398,171,222,2026-02-14 05:42:00,54,81.63
16666,36,211,246,2026-02-14 05:43:00,22,31.67
2528,380,36,190,2026-02-14 05:46:00,53,80.25
1589,176,6,255,2026-02-14 05:48:00,54,85.57
4035,45,93,83,2026-02-14 05:50:00,34,56.24
13658,399,252,167,2026-02-14 06:01:00,7,13.31
6410,215,252,54,2026-02-14 06:14:00,25,40.82
14016,419,16,119,2026-02-14 06:19:00,58,90.3
6263,403,9,80,2026-02-14 06:21:00,24,45.18
4925,435,149,185,2026-02-14 06:34:00,48,71.58
15024,68,57,161,2026-02-14 06:36:00,58,87.87
2683,427,27,22,2026-02-14 06:44:00,55,88.98
6299,368,116,234,2026-02-14 06:57:00,24,40.97
19955,199,206,258,2026-02-14 07:09:00,20,33.47
6145,257,110,134,2026-02-14 07:25:00,46,72.73
1613,377,87,225,2026-02-14 07:40:00,20,34.28
4069,257,244,230,2026-02-14 07:42:00,31,49.39
2055,372,211,183,2026-02-14 07:53:00,52,78.1
13500,268,104,211,2026-02-14 08:15:00,44,67.23
6398,457,205,54,2026-02-14 08:20:00,21,34.84
3217,174,216,253,2026-02-14 08:21:00,59,92.37
13448,493,12,200,2026-02-14 08:35:00,39,62.45
11745,375,210,245,2026-02-14 08:42:00,38,61.82
19182,1,184,138,2026-02-14 08:52:00,24,36.71
17056,124,254,91,2026-02-14 09:04:00,16,26.95
3205,265,4,250,2026-02-14 09:13:00,37,58.46
7410,82,19,85,2026-02-14 09:13:00,49,72.72
15231,22,197,87,2026-02-14 09:45:00,45,71.35
19132,268,207,228,2026-02-14 09:47:00,13,22.08
9022,19,25,139,2026-02-14 09:51:00,38,60.18
5118,490,77,78,2026-02-14 09:52:00,7,11.31
5114,330,168,162,2026-02-14 09:56:00,41,63.97
6508,348,228,76,2026-02-14 10:00:00,52,81.27
16268,351,68,18,2026-02-14 10:03:00,52,81.97
3979,387,184,265,2026-02-14 10:04:00,22,39.07
6668,390,110,211,2026-02-14 10:08:00,27,43.61
18115,110,246,204,2026-02-14 10:16:00,55,88.53
833,2,244,148,2026-02-14 10:25:00,34,52.78
10968,19,234,160,2026-02-14 10:31:00,18,30.58
19295,233,94,128,2026-02-14 10:39:00,20,34.52
8429,491,110,199,2026-02-14 10:47:00,22,33.45
5222,295,62,11,2026-02-14 10:47:00,29,44.44
1026,308,236,114,2026-02-14 10:54:00,43,65.53
7315,15,145,201,2026-02-14 11:09:00,57,88.65
965,28,108,254,2026-02-14 11:19:00,6,13.49
6609,66,22,246,2026-02-14 11:31:00,27,39.93
19484,2,141,187,2026-02-14 11:50:00,10,18.27
5888,155,14,113,2026-02-14 12:14:00,50,77.75
1791,215,50,2,2026-02-14 12:30:00,28,48.2
221,473,94,34,2026-02-14 12:40:00,26,41.38
10844,59,205,215,2026-02-14 12:43:00,56,89.9
19344,17,139,255,2026-02-14 13:07:00,52,81.95
10254,158,47,41,2026-02-14 13:08:00,37,56.56
6296,120,178,122,2026-02-14 13:19:00,7,13.65
11571,225,247,108,2026-02-14 13:27:00,43,67.13
5482,156,127,114,2026-02-14 13:34:00,56,88.25
4724,88,152,261,2026-02-14 13:44:00,37,55.52
4020,271,12,66,2026-02-14 13:44:00,26,44.52
6759,409,252,227,2026-02-14 13:45:00,5,10.5
18275,246,16,174,2026-02-14 13:46:00,37,58.71
2934,29,24,80,2026-02-14 13:49:00,6,13.11
10626,97,103,3,2026-02-14 13:53:00,49,74.59
7329,73,166,108,2026-02-14 14:01:00,31,48.13
2634,72,110,25,2026-02-14 14:04:00,13,24.5
13763,347,220,182,2026-02-14 14:07:00,29,46.37
5708,119,13,191,2026-02-14 14:30:00,16,27.87
19161,298,240,88,2026-02-14 14:36:00,6,12.78
5385,58,54,52,2026-02-14 14:39:00,41,62.15
1292,325,85,115,2026-02-14 14:47:00,55,83.54
13161,439,121,10,2026-02-14 14:49:00,30,46.54
6744,129,56,45,2026-02-14 14:59:00,10,15.14
19874,446,105,166,2026-02-14 15:16:00,19,30.69
4914,81,35,134,2026-02-14 15:42:00,40,61.77
7551,115,111,205,2026-02-14 15:51:00,11,18.59
4232,107,31,39,2026-02-14 15:58:00,53,80.34
18779,362,19,84,2026-02-14 16:00:00,55,84.7
10652,387,168,13,2026-02-14 16:01:00,29,47.06
1294,397,76,155,2026-02-14 16:01:00,44,66.32
19313,168,84,95,2026-02-14 16:11:00,25,42.54
15587,221,70,37,2026-02-14 16:21:00,18,27.53
15958,205,150,110,2026-02-14 16:21:00,25,37.61
8571,64,197,58,2026-02-14 16:29:00,55,83.9
12785,333,13,22,2026-02-14 16:35:00,43,67.96
14487,412,99,95,2026-02-14 16:43:00,42,64.09
7988,59,8,51,2026-02-14 16:44:00,59,91.22
737,354,229,194,2026-02-14 16:45:00,37,57.15
16231,181,187,74,2026-02-14 17:08:00,48,76.23
13110,164,248,174,2026-02-14 17:13:00,37,56.67
3962,110,107,80,2026-02-14 17:14:00,42,64.53
14255,366,158,113,2026-02-14 17:17:00,59,91.47
5411,415,80,196,2026-02-14 17:22:00,11,21.18
14964,161,170,21,2026-02-14 17:24:00,8,13.35
16476,371,160,145,2026-02-14 17:24:00,43,67.11
1073,472,196,103,2026-02-14 17:27:00,6,13.73
157,237,20,123,2026-02-14 17:27:00,59,91.41
13373,476,144,22,2026-02-14 17:35:00,48,74.74
4215,393,199,81,2026-02-14 17:39:00,36,53.43
3321,130,158,31,2026-02-14 17:42:00,5,10.7
6025,299,189,183,2026-02-14 17:45:00,15,23.67
9746,371,188,170,2026-02-14 17:48:00,41,67.9
12124,153,167,104,2026-02-14 17:50:00,31,54.6
2796,150,134,191,2026-02-14 17:52:00,47,72.16
9330,435,260,55,2026-02-14 18:02:00,43,67.73
9345,40,164,2,2026-02-14 18:05:00,37,58.6
18514,425,264,135,2026-02-14 18:20:00,25,40.25
32,177,161,194,2026-02-14 18:25:00,17,29.36
4713,444,150,214,2026-02-14 18:26:00,11,19.65
5798,476,35,65,2026-02-14 18:28:00,16,27.06
3303,144,68,124,2026-02-14 18:40:00,52,80.17
7797,471,85,1,2026-02-14 18:50:00,41,61.74
18034,55,249,111,2026-02-14 18:56:00,31,48.47
6860,47,1,46,2026-02-14 18:57:00,58,92.11
13745,93,167,183,2026-02-14 18:59:00,27,46.0
2553,141,103,174,2026-02-14 19:05:00,5,11.1
17109,351,137,250,2026-02-14 19:12:00,17,29.79
10974,45,253,173,2026-02-14 19:15:00,17,30.7
659,245,77,19,2026-02-14 19:18:00,36,56.43
18193,195,184,8,2026-02-14 19:29:00,5,8.8
7015,453,66,23,2026-02-14 19:30:00,38,60.88
11328,215,160,78,2026-02-14 19:33:00,54,82.76
9763,192,17,187,2026-02-14 19:35:00,39,59.16
13246,306,138,247,2026-02-14 19:54:00,21,36.38
11002,389,166,22,2026-02-14 20:37:00,60,94.54
15800,372,97,34,2026-02-14 20:39:00,35,54.24
2591,492,11,11,2026-02-14 20:51:00,9,21.78
8338,293,14,143,2026-02-14 20:57:00,33,54.01
11449,238,201,31,2026-02-14 21:03:00,15,27.78
16236,361,73,115,2026-02-14 21:03:00,35,53.2
2287,112,74,51,2026-02-14 21:05:00,52,80.42
12217,96,19,36,2026-02-14 21:14:00,21,36.25
5952,117,29,256,2026-02-14 21:15:00,7,9.86
18606,342,179,200,2026-02-14 21:20:00,12,17.95
12182,110,117,193,2026-02-14 21:28:00,19,28.38
15765,386,241,105,2026-02-14 21:31:00,12,20.67
12709,85,142,135,2026-02-14 21:49:00,20,34.7
6752,219,210,76,2026-02-14 21:52:00,56,86.88
11013,136,127,165,2026-02-14 21:56:00,18,32.31
1583,403,54,22,2026-02-14 22:04:00,13,23.29
12235,326,129,219,2026-02-14 22:13:00,35,56.47
19781,283,135,23,2026-02-14 22:22:00,36,57.16
4198,364,20,111,2026-02-14 22:24:00,44,70.47
18471,468,213,161,2026-02-14 22:31:00,50,80.82
8092,450,145,39,2026-02-14 22:32:00,57,87.72
17303,216,68,74,2026-02-14 22:51:00,56,90.51
16497,279,45,244,2026-02-14 22:58:00,31,47.97
7890,436,193,167,2026-02-14 22:59:00,8,14.97
19720,386,77,16,2026-02-14 23:00:00,11,20.45
1734,405,233,258,2026-02-14 23:15:00,33,53.22
15737,189,66,146,2026-02-14 23:28:00,8,15.7
19177,415,49,42,2026-02-14 23:48:00,35,58.99
13631,182,159,173,2026-02-14 23:57:00,51,77.28
11916,161,205,170,2026-02-14 23:58:00,57,91.6
8298,17,7,137,2026-02-15 00:02:00,35,57.01
4659,140,202,1,2026-02-15 00:16:00,36,56.63
10063,349,96,254,2026-02-15 00:16:00,11,20.08
15558,115,72,247,2026-02-15 00:20:00,39,58.83
16570,115,142,96,2026-02-15 00:26:00,24,38.18
10363,378,105,64,2026-02-15 00:33:00,40,64.31
12928,437,243,152,2026-02-15 01:17:00,50,76.7
12751,365,99,88,2026-02-15 01:31:00,12,22.29
12619,302,102,187,2026-02-15 01:40:00,14,21.95
6504,392,140,218,2026-02-15 01:42:00,13,22.12
1481,379,10,94,2026-02-15 01:57:00,42,66.35
9351,118,37,69,2026-02-15 02:01:00,39,61.25
1071,380,210,249,2026-02-15 02:04:00,51,81.64
1095,468,254,176,2026-02-15 02:07:00,14,23.81
16491,400,208,32,2026-02-15 02:11:00,36,55.21
14690,1,169,93,2026-02-15 02:20:00,53,84.21
14830,301,38,168,2026-02-15 02:25:00,23,38.3
6268,36,150,43,2026-02-15 02:29:00,43,66.13
19237,424,188,221,2026-02-15 02:29:00,6,13.78
5184,376,226,105,2026-02-15 02:35:00,33,54.8
3022,195,27,67,2026-02-15 02:37:00,18,33.82
1924,99,118,200,2026-02-15 02:45:00,9,15.27
8688,357,76,27,2026-02-15 02:46:00,11,20.43
16543,349,32,9,2026-02-15 02:48:00,19,32.87
8108,445,222,182,2026-02-15 02:59:00,24,37.59
6887,377,191,139,2026-02-15 03:13:00,15,25.26
657,456,79,103,2026-02-15 03:13:00,26,43.12
13656,216,42,51,2026-02-15 03:41:00,5,10.42
1189,73,93,20,2026-02-15 03:42:00,56,83.92
13508,224,190,24,2026-02-15 03:59:00,51,81.76
5092,472,38,241,2026-02-15 04:04:00,56,89.12
18263,494,166,95,2026-02-15 04:05:00,27,43.85
3103,489,205,93,2026-02-15 04:14:00,51,81.91
4908,156,68,13,2026-02-15 04:33:00,34,54.22
9408,346,167,233,2026-02-15 04:36:00,6,8.18
9477,329,196,98,2026-02-15 04:44:00,30,46.61
4802,61,245,196,2026-02-15 04:47:00,25,41.65
343,363,129,139,2026-02-15 04:51:00,60,92.77
12383,284,69,168,2026-02-15 05:26:00,8,12.5
15335,399,14,231,2026-02-15 05:27:00,31,49.95
18994,161,117,8,2026-02-15 05:37:00,30,48.08
8031,326,185,95,2026-02-15 05:38:00,29,44.17
18330,95,234,187,2026-02-15 05:43:00,43,69.57
374,223,60,257,2026-02-15 06:06:00,33,53.72
14432,339,74,104,2026-02-15 06:19:00,32,50.88
2752,64,22,196,2026-02-15 06:30:00,39,61.43
15682,3,227,4,2026-02-15 06:49:00,8,14.35
19652,85,151,62,2026-02-15 06:54:00,59,92.19
2798,478,101,51,2026-02-15 06:55:00,55,82.76
10092,74,257,136,2026-02-15 07:06:00,28,46.97
8049,435,93,74,2026-02-15 07:08:00,5,10.7
15154,276,164,219,2026-02-15 07:14:00,12,20.18
16144,117,34,112,2026-02-15 07:23:00,46,74.8
18593,453,245,54,2026-02-15 07:24:00,22,35.83
11659,148,210,141,2026-02-15 07:28:00,46,71.63
11011,204,38,155,2026-02-15 07:33:00,47,71.4
6908,80,177,194,2026-02-15 07:44:00,50,75.29
19785,159,124,25,2026-02-15 07:44:00,12,22.64
3615,46,199,240,2026-02-15 07:50:00,60,91.81
10398,330,34,212,2026-02-15 08:01:00,60,90.37
8913,218,79,63,2026-02-15 08:01:00,51,78.22
1090,464,6,204,2026-02-15 08:04:00,30,49.77
13641,269,193,231,2026-02-15 08:14:00,22,37.0
15261,79,216,252,2026-02-15 08:19:00,9,15.7
15688,78,96,162,2026-02-15 08:24:00,42,68.72
18760,347,22,123,2026-02-15 08:28:00,54,84.79
10541,332,67,22,2026-02-15 08:36:00,9,16.8
11988,171,38,126,2026-02-15 08:46:00,51,80.97
8099,165,231,155,2026-02-15 08:48:00,34,51.1
18385,272,69,121,2026-02-15 08:55:00,26,41.77
4138,225,129,239,2026-02-15 08:56:00,54,83.43
6594,362,207,171,2026-02-15 08:56:00,10,18.04
11400,413,69,83,2026-02-15 08:57:00,38,65.1
7665,89,142,147,2026-02-15 09:03:00,52,79.65
8085,25,182,170,2026-02-15 09:17:00,16,0.0
1422,110,80,107,2026-02-15 09:19:00,38,59.58
15382,354,176,241,2026-02-15 09:21:00,27,41.21
17744,122,146,224,2026-02-15 09:31:00,19,28.47
18185,331,148,129,2026-02-15 09:35:00,39,63.07
5336,338,128,214,2026-02-15 09:43:00,42,66.63
3720,349,152,92,2026-02-15 09:46:00,46,72.33
19737,156,166,20,2026-02-15 09:47:00,12,22.69
15161,359,247,147,2026-02-15 09:47:00,26,42.36
19949,6,212,37,2026-02-15 09:51:00,47,71.35
9611,106,163,160,2026-02-15 09:59:00,48,76.15
16667,317,233,204,2026-02-15 10:02:00,14,22.81
101,45,75,110,2026-02-15 10:14:00,5,7.46
16118,404,102,100,2026-02-15 10:14:00,28,46.32
8824,103,146,238,2026-02-15 10:22:00,32,51.7
18213,44,144,113,2026-02-15 10:38:00,42,69.56
11747,250,15,109,2026-02-15 10:38:00,34,57.79
16404,244,223,122,2026-02-15 10:56:00,23,35.39
1605,352,252,114,2026-02-15 11:01:00,21,31.04
12600,242,72,116,2026-02-15 11:20:00,30,49.76
4677,105,123,235,2026-02-15 11:28:00,25,38.23
7555,93,249,156,2026-02-15 11:41:00,42,66.26
18007,469,28,23,2026-02-15 11:52:00,14,26.37
18805,144,40,94,2026-02-15 11:52:00,22,35.73
15993,159,196,94,2026-02-15 12:00:00,9,12.62
16991,473,110,142,2026-02-15 12:02:00,20,32.54
19257,349,192,36,2026-02-15 12:03:00,26,43.26
3201,303,8,13,2026-02-15 12:07:00,34,55.21
16272,233,161,10,2026-02-15 12:08:00,17,30.22
10756,344,208,261,2026-02-15 12:18:00,50,77.05
15802,266,226,159,2026-02-15 12:18:00,30,46.94
10260,119,207,1,2026-02-15 12:22:00,6,14.13
6158,331,138,95,2026-02-15 12:29:00,32,54.32
16353,484,211,87,2026-02-15 12:37:00,60,91.7
14219,453,223,86,2026-02-15 12:41:00,19,32.0
12156,470,213,107,2026-02-15 12:49:00,11,18.49
8380,423,2,50,2026-02-15 12:55:00,15,25.54
13153,190,5,69,2026-02-15 12:57:00,36,57.38
15064,105,99,34,2026-02-15 13:03:00,41,63.43
12577,481,31,234,2026-02-15 13:05:00,5,9.03
13086,84,184,39,2026-02-15 13:06:00,39,61.83
50,172,124,25,2026-02-15 13:08:00,34,52.98
16542,305,26,221,2026-02-15 13:16:00,41,64.39
3939,476,118,130,2026-02-15 13:18:00,58,90.27
9571,11,30,189,2026-02-15 13:22:00,45,67.15
15004,19,173,124,2026-02-15 13:29:00,21,32.38
7960,324,164,168,2026-02-15 13:32:00,59,89.94
13496,144,32,218,2026-02-15 13:41:00,5,9.44
8737,85,96,97,2026-02-15 13:47:00,39,60.57
10294,53,64,225,2026-02-15 13:55:00,15,25.98
2153,318,172,203,2026-02-15 14:19:00,42,65.14
8615,468,52,201,2026-02-15 14:22:00,11,19.22
2365,386,237,21,2026-02-15 14:35:00,26,39.94
10963,190,200,61,2026-02-15 14:58:00,24,38.38
19663,206,135,226,2026-02-15 15:00:00,32,53.59
12856,305,43,154,2026-02-15 15:12:00,54,82.18
18622,330,63,67,2026-02-15 15:27:00,36,58.67
19425,153,155,133,2026-02-15 15:28:00,49,77.07
16035,296,177,154,2026-02-15 15:29:00,16,25.48
6164,7,6,258,2026-02-15 15:37:00,25,39.27
4547,309,71,13,2026-02-15 15:39:00,34,52.79
2000,185,121,193,2026-02-15 15:44:00,12,21.08
7205,80,15,133,2026-02-15 16:01:00,10,16.13
5282,338,203,131,2026-02-15 16:12:00,46,74.97
8705,210,120,137,2026-02-15 16:19:00,38,58.42
445,385,239,132,2026-02-15 16:31:00,32,49.66
6266,178,253,230,2026-02-15 16:32:00,7,12.46
10466,201,183,265,2026-02-15 16:33:00,16,23.54
4852,139,230,60,2026-02-15 16:35:00,5,11.16
7223,109,108,75,2026-02-15 16:36:00,56,88.64
10753,254,76,54,2026-02-15 16:41:00,35,57.74
8393,375,26,207,2026-02-15 16:53:00,31,48.82
16523,176,41,213,2026-02-15 16:58:00,16,28.03
10891,420,231,171,2026-02-15 17:03:00,29,44.69
10676,372,200,179,2026-02-15 17:05:00,30,46.09
11963,279,184,88,2026-02-15 17:34:00,34,54.14
15138,259,227,33,2026-02-15 17:45:00,10,17.76
2279,268,78,49,2026-02-15 17:48:00,29,47.01
5295,266,232,5,2026-02-15 17:49:00,31,52.48
13352,4,164,59,2026-02-15 18:04:00,38,59.01
2613,374,199,248,2026-02-15 18:05:00,57,86.1
2234,170,6,89,2026-02-15 18:06:00,31,49.03
19581,454,163,184,2026-02-15 18:14:00,29,43.41
8427,335,162,190,2026-02-15 18:23:00,58,88.04
7586,441,186,12,2026-02-15 18:38:00,24,39.15
15377,179,63,13,2026-02-15 18:49:00,27,44.2
2639,348,141,231,2026-02-15 18:53:00,40,61.08
14029,454,229,259,2026-02-15 18:59:00,33,55.77
2629,57,169,77,2026-02-15 19:00:00,16,26.34
8636,164,212,47,2026-02-15 19:00:00,13,25.1
2445,65,23,36,2026-02-15 19:05:00,25,38.18
8205,412,236,222,2026-02-15 19:10:00,44,67.63
263,244,147,221,2026-02-15 19:16:00,51,77.89
1859,9,11,200,2026-02-15 19:26:00,44,70.38
15956,158,171,57,2026-02-15 19:55:00,37,59.97
14775,197,27,149,2026-02-15 20:02:00,53,79.45
326,488,129,24,2026-02-15 20:08:00,40,58.24
8607,115,175,42,2026-02-15 20:09:00,33,52.11
16218,398,108,125,2026-02-15 20:12:00,52,85.69
11134,126,181,4,2026-02-15 20:22:00,44,67.96
2755,13,245,193,2026-02-15 20:31:00,40,60.67
8019,261,30,49,2026-02-15 20:54:00,10,18.18
17381,264,169,211,2026-02-15 20:55:00,28,43.84
6365,234,125,22,2026-02-15 21:01:00,20,33.86
13124,145,129,172,2026-02-15 21:01:00,32,48.54
3465,65,218,226,2026-02-15 21:10:00,58,91.84
10649,17,200,13,2026-02-15 21:19:00,11,22.89
4441,179,98,171,2026-02-15 21:21:00,13,22.81
10131,141,164,105,2026-02-15 21:25:00,23,33.91
8498,463,104,224,2026-02-15 21:31:00,56,86.35
18734,128,108,30,2026-02-15 21:38:00,18,30.08
16683,63,214,246,2026-02-15 21:42:00,57,90.98
15904,156,258,196,2026-02-15 21:47:00,18,27.82
2512,132,168,187,2026-02-15 22:10:00,6,13.9
14449,39,181,48,2026-02-15 22:19:00,50,76.29
10322,208,254,111,2026-02-15 22:38:00,25,39.46
4941,61,82,35,2026-02-15 22:39:00,29,46.39
15128,382,253,235,2026-02-15 22:57:00,52,78.96
796,351,205,33,2026-02-15 23:08:00,31,47.99
17431,130,207,151,2026-02-15 23:13:00,59,90.72
8994,7,219,264,2026-02-15 23:16:00,58,91.4
16926,239,41,134,2026-02-15 23:23:00,6,10.0
8439,192,165,18,2026-02-15 23:25:00,53,83.51
904,111,141,3,2026-02-15 23:39:00,25,39.65
5383,300,258,189,2026-02-15 23:47:00,20,28.61
1008,343,263,240,2026-02-15 23:49:00,47,78.4
12803,290,205,11,2026-02-15 23:50:00,51,81.9
9818,300,136,63,2026-02-16 00:00:00,48,74.47
17380,146,40,249,2026-02-16 00:00:00,12,21.16
6937,21,171,261,2026-02-16 00:06:00,27,46.13
1002,26,202,97,2026-02-16 00:07:00,48,76.54
9120,422,59,217,2026-02-16 00:10:00,18,32.78
11775,163,69,24,2026-02-16 00:18:00,7,14.73
10216,429,125,152,2026-02-16 00:19:00,31,49.97
11056,160,240,66,2026-02-16 00:24:00,51,81.68
14371,107,252,129,2026-02-16 00:30:00,5,8.1
19864,438,163,167,2026-02-16 00:32:00,37,57.11
16053,462,183,24,2026-02-16 00:33:00,31,49.22
5373,252,102,173,2026-02-16 00:34:00,5,11.85
4284,364,231,128,2026-02-16 00:38:00,55,82.91
414,210,247,97,2026-02-16 00:40:00,29,45.44
18520,158,39,155,2026-02-16 00:43:00,25,39.55
16041,201,149,45,2026-02-16 01:01:00,15,26.58
13675,363,83,174,2026-02-16 01:01:00,37,59.3
4118,63,250,120,2026-02-16 01:11:00,21,37.23
3467,376,246,16,2026-02-16 01:12:00,50,80.6
11810,426,172,147,2026-02-16 01:21:00,37,58.1
3447,339,151,29,2026-02-16 01:43:00,13,23.1
2498,98,231,106,2026-02-16 02:08:00,45,70.66
670,83,110,3,2026-02-16 02:10:00,53,82.14
1078,391,192,94,2026-02-16 02:12:00,45,71.83
13015,217,69,132,2026-02-16 02:16:00,8,15.6
6261,284,109,237,2026-02-16 02:21:00,23,36.2
18028,43,218,135,2026-02-16 02:25:00,18,27.6
14962,329,237,110,2026-02-16 02:29:00,25,40.47
5057,291,202,55,2026-02-16 02:42:00,40,64.27
9293,420,190,144,2026-02-16 02:47:00,36,57.49
15318,308,217,21,2026-02-16 02:48:00,16,25.3
34,444,96,108,2026-02-16 02:53:00,15,25.97
19079,282,187,227,2026-02-16 03:03:00,11,20.11
15670,40,110,106,2026-02-16 03:24:00,44,67.84
16151,102,106,248,2026-02-16 03:29:00,35,56.09
591,269,166,162,2026-02-16 03:29:00,39,60.06
18199,491,230,199,2026-02-16 03:36:00,58,91.96
4112,218,83,40,2026-02-16 03:36:00,53,79.03
1265,391,145,153,2026-02-16 03:48:00,41,64.32
7726,253,143,226,2026-02-16 03:50:00,52,81.51
16140,73,93,47,2026-02-16 03:53:00,31,48.71
10859,227,211,191,2026-02-16 03:54:00,45,68.41
7531,226,134,251,2026-02-16 03:54:00,37,55.64
11625,142,10,238,2026-02-16 04:00:00,7,9.05
96,492,187,15,2026-02-16 04:12:00,23,37.03
3472,334,86,98,2026-02-16 04:40:00,7,10.83
1631,416,183,2,2026-02-16 04:43:00,43,69.99
13379,246,102,263,2026-02-16 04:54:00,28,43.55
9346,166,255,55,2026-02-16 04:55:00,32,50.57
3785,216,218,227,2026-02-16 04:57:00,42,68.23
16161,407,243,153,2026-02-16 04:59:00,24,41.12
13478,169,123,240,2026-02-16 05:06:00,34,50.57
4479,130,60,247,2026-02-16 05:23:00,33,51.94
15908,386,4,69,2026-02-16 05:25:00,27,44.01
548,441,158,79,2026-02-16 05:28:00,8,16.23
12091,441,143,110,2026-02-16 05:28:00,31,48.1
3519,400,191,98,2026-02-16 05:35:00,51,78.86
13201,383,215,126,2026-02-16 05:37:00,51,81.55
1609,35,111,52,2026-02-16 06:02:00,53,84.62
4153,369,187,85,2026-02-16 06:09:00,52,81.13
1362,214,173,190,2026-02-16 06:13:00,57,86.32
12874,82,180,35,2026-02-16 06:29:00,8,12.37
9705,434,126,168,2026-02-16 06:38:00,15,24.87
11401,279,150,145,2026-02-16 06:51:00,9,16.63
976,206,113,165,2026-02-16 06:56:00,23,44.36
17413,408,69,262,2026-02-16 06:57:00,45,71.51
13821,395,54,253,2026-02-16 06:59:00,18,30.39
3896,383,233,169,2026-02-16 07:01:00,25,39.77
6765,151,151,65,2026-02-16 07:21:00,35,57.71
9673,62,207,27,2026-02-16 07:27:00,13,25.22
4621,9,165,1,2026-02-16 07:27:00,33,51.93
13466,411,143,87,2026-02-16 07:29:00,22,37.07
4246,192,25,248,2026-02-16 07:35:00,40,63.15
11447,470,91,204,2026-02-16 07:39:00,7,17.24
14423,251,5,120,2026-02-16 07:42:00,53,80.69
19797,168,131,214,2026-02-16 07:55:00,43,67.03
3330,105,98,94,2026-02-16 07:57:00,27,44.95
15581,302,35,222,2026-02-16 08:02:00,17,26.69
4967,75,90,49,2026-02-16 08:25:00,15,30.78
19622,53,167,75,2026-02-16 08:25:00,34,51.69
6279,107,149,200,2026-02-16 08:33:00,44,70.02
15032,321,64,161,2026-02-16 08:35:00,60,94.5
867,303,149,20,2026-02-16 08:37:00,56,86.49
10922,98,50,232,2026-02-16 08:39:00,32,50.35
6943,492,76,34,2026-02-16 08:41:00,29,48.18
18643,2,201,130,2026-02-16 08:41:00,59,91.88
9990,175,39,185,2026-02-16 08:46:00,37,57.03
7050,120,153,243,2026-02-16 08:47:00,54,82.37
18366,166,180,233,2026-02-16 08:55:00,55,83.3
16589,73,47,36,2026-02-16 08:56:00,31,49.08
1601,325,249,240,2026-02-16 09:11:00,35,55.17
11914,163,64,248,2026-02-16 09:15:00,28,43.28
2954,44,126,189,2026-02-16 09:22:00,41,66.47
2911,228,70,72,2026-02-16 09:28:00,34,55.97
19105,231,230,34,2026-02-16 09:45:00,29,48.99
2696,498,79,127,2026-02-16 10:02:00,38,59.99
11684,64,126,55,2026-02-16 10:17:00,56,87.98
3881,28,21,132,2026-02-16 10:26:00,56,87.3
14441,468,182,125,2026-02-16 10:35:00,15,27.77
16484,405,243,217,2026-02-16 10:57:00,57,88.75
9127,69,193,128,2026-02-16 10:59:00,56,88.35
9344,105,42,182,2026-02-16 11:02:00,40,64.19
15052,293,133,265,2026-02-16 11:14:00,50,79.82
18766,201,255,32,2026-02-16 11:26:00,59,92.97
19909,56,91,243,2026-02-16 11:31:00,25,40.78
9894,165,56,134,2026-02-16 11:32:00,56,85.23
16964,36,155,50,2026-02-16 11:35:00,12,19.51
4786,325,61,97,2026-02-16 11:43:00,6,9.75
11495,358,107,186,2026-02-16 11:43:00,38,59.76
1153,403,112,211,2026-02-16 11:47:00,40,62.69
19241,218,264,119,2026-02-16 11:48:00,47,73.95
13426,463,124,169,2026-02-16 11:55:00,25,37.65
567,420,23,85,2026-02-16 12:11:00,37,59.89
3528,321,53,108,2026-02-16 12:18:00,21,33.67
9301,54,208,241,2026-02-16 12:18:00,20,31.47
13923,141,123,145,2026-02-16 12:18:00,54,86.31
12695,93,207,128,2026-02-16 12:19:00,42,65.56
11924,150,15,228,2026-02-16 12:32:00,30,46.64
10179,232,120,248,2026-02-16 12:45:00,41,65.64
13422,284,178,57,2026-02-16 12:47:00,7,14.5
11022,117,28,47,2026-02-16 12:49:00,29,49.35
3558,92,186,125,2026-02-16 13:12:00,49,74.94
14198,477,233,156,2026-02-16 13:13:00,16,30.54
19476,189,25,161,2026-02-16 13:14:00,18,30.24
13762,145,136,21,2026-02-16 13:19:00,20,35.08
4748,56,203,15,2026-02-16 13:20:00,5,11.56
1851,152,192,104,2026-02-16 13:27:00,33,54.36
14670,18,124,170,2026-02-16 13:29:00,52,81.79
19220,183,83,100,2026-02-16 13:31:00,7,10.3
14629,253,149,257,2026-02-16 13:36:00,12,21.94
6267,216,262,159,2026-02-16 13:37:00,39,61.1
9069,384,94,113,2026-02-16 13:41:00,22,36.25
11987,197,148,72,2026-02-16 13:46:00,59,92.3
11949,321,36,187,2026-02-16 13:49:00,60,90.08
11429,190,258,39,2026-02-16 13:51:00,15,27.07
989,486,175,28,2026-02-16 13:52:00,8,16.02
3817,31,237,246,2026-02-16 14:02:00,14,24.2
15080,266,223,129,2026-02-16 14:05:00,17,28.93
2804,22,18,14,2026-02-16 14:06:00,25,38.65
1380,319,9,153,2026-02-16 14:12:00,33,54.02
14227,320,94,149,2026-02-16 14:22:00,9,13.41
4015,128,174,69,2026-02-16 14:22:00,11,14.25
15714,86,109,23,2026-02-16 14:27:00,34,55.49
8896,174,17,264,2026-02-16 14:34:00,11,18.41
18233,197,148,85,2026-02-16 14:36:00,21,34.47
4152,164,179,204,2026-02-16 14:40:00,16,24.49
11020,264,2,31,2026-02-16 14:41:00,13,20.2
12432,401,122,24,2026-02-16 14:45:00,32,47.44
5443,480,263,142,2026-02-16 14:50:00,28,44.37
6484,1,207,187,2026-02-16 15:13:00,48,72.89
16463,358,167,86,2026-02-16 15:21:00,41,64.26
7514,164,210,261,2026-02-16 15:57:00,49,75.24
2340,316,261,71,2026-02-16 15:57:00,15,23.86
15434,314,166,78,2026-02-16 15:58:00,58,89.31
15821,123,103,23,2026-02-16 16:01:00,7,12.42
4591,172,138,23,2026-02-16 16:07:00,28,47.19
2847,162,77,146,2026-02-16 16:24:00,32,51.58
19784,421,171,125,2026-02-16 16:32:00,49,74.87
8396,309,137,124,2026-02-16 16:41:00,20,31.56
17865,416,24,71,2026-02-16 17:10:00,8,18.35
14450,468,6,105,2026-02-16 17:16:00,28,44.59
7997,356,243,70,2026-02-16 17:19:00,20,33.31
4645,257,131,223,2026-02-16 17:21:00,27,42.11
8903,11,31,96,2026-02-16 17:27:00,52,79.78
954,165,198,236,2026-02-16 17:34:00,43,65.46
3435,118,216,236,2026-02-16 17:44:00,24,43.7
19888,311,99,246,2026-02-16 17:55:00,37,60.46
18315,140,93,17,2026-02-16 18:02:00,32,49.73
9702,329,159,127,2026-02-16 18:10:00,6,10.19
16884,258,8,209,2026-02-16 18:11:00,16,27.7
9405,24,260,24,2026-02-16 18:30:00,30,50.65
6370,90,229,19,2026-02-16 18:31:00,26,42.69
7703,284,96,123,2026-02-16 18:33:00,51,77.97
11721,239,190,22,2026-02-16 18:45:00,44,69.92
9698,95,109,117,2026-02-16 18:53:00,30,46.75
19104,488,141,7,2026-02-16 19:08:00,24,40.81
8794,16,183,187,2026-02-16 19:13:00,13,23.48
58,499,88,132,2026-02-16 19:18:00,5,10.26
13009,345,27,67,2026-02-16 19:27:00,43,65.49
8215,467,216,17,2026-02-16 19:41:00,9,15.77
13334,372,125,234,2026-02-16 19:49:00,31,48.8
4660,212,34,137,2026-02-16 19:52:00,39,59.92
9726,116,7,91,2026-02-16 19:53:00,23,39.26
16532,344,74,194,2026-02-16 19:55:00,11,20.08
8922,33,3,260,2026-02-16 20:06:00,16,25.39
5268,388,33,10,2026-02-16 20:10:00,57,88.79
17837,390,5,183,2026-02-16 20:19:00,57,92.35
12220,203,175,57,2026-02-16 20:21:00,34,57.89
6254,471,51,182,2026-02-16 20:24:00,18,33.68
16882,134,139,251,2026-02-16 20:45:00,7,14.58
6224,146,41,1,2026-02-16 20:50:00,59,89.48
6659,156,178,166,2026-02-16 20:56:00,55,86.18
3232,117,233,67,2026-02-16 20:59:00,39,60.93
16745,218,159,36,2026-02-16 21:01:00,20,37.04
2156,429,90,239,2026-02-16 21:02:00,41,67.58
14385,44,41,32,2026-02-16 21:07:00,49,74.76
12569,115,177,133,2026-02-16 21:16:00,55,88.59
16951,366,200,166,2026-02-16 21:17:00,29,47.66
13759,55,158,261,2026-02-16 21:37:00,52,84.36
18993,218,101,179,2026-02-16 21:37:00,17,28.72
5620,461,8,128,2026-02-16 21:40:00,9,14.66
5989,299,24,44,2026-02-16 21:53:00,13,24.64
6080,359,146,16,2026-02-16 22:01:00,23,36.2
10163,1,20,140,2026-02-16 22:01:00,55,87.27
17467,266,203,123,2026-02-16 22:04:00,53,82.59
281,253,253,82,2026-02-16 22:12:00,35,53.28
19735,373,251,168,2026-02-16 22:22:00,15,26.47
1714,25,217,260,2026-02-16 22:24:00,36,52.48
1384,305,80,190,2026-02-16 22:41:00,59,92.19
19021,207,212,117,2026-02-16 22:42:00,53,83.2
4697,499,232,200,2026-02-16 22:43:00,54,82.54
2123,167,191,197,2026-02-16 22:59:00,46,72.04
1425,85,180,58,2026-02-16 23:05:00,11,14.17
15481,164,10,259,2026-02-16 23:06:00,25,40.2
18737,245,155,61,2026-02-16 23:09:00,16,26.66
13276,338,6,37,2026-02-16 23:10:00,24,39.64
15726,8,230,27,2026-02-16 23:13:00,55,82.24
13401,181,133,253,2026-02-16 23:17:00,25,39.94
5316,464,223,226,2026-02-16 23:22:00,15,26.74
19761,448,256,31,2026-02-16 23:29:00,9,15.31
9068,87,229,151,2026-02-16 23:35:00,52,80.06
5637,48,193,183,2026-02-16 23:35:00,6,8.49
18915,143,124,153,2026-02-16 23:37:00,52,79.89
914,458,153,68,2026-02-16 23:44:00,24,39.62
13610,182,220,134,2026-02-16 23:46:00,58,90.14
12859,153,41,88,2026-02-16 23:52:00,5,13.47
12734,416,127,47,2026-02-17 00:12:00,11,20.8
12786,296,29,91,2026-02-17 00:16:00,60,93.85
9961,315,11,23,2026-02-17 00:17:00,20,32.99
3759,273,31,196,2026-02-17 00:18:00,40,60.3
9150,453,62,218,2026-02-17 00:18:00,13,22.15
1079,103,89,105,2026-02-17 00:26:00,11,20.57
10552,32,164,225,2026-02-17 00:31:00,31,50.95
15881,380,236,13,2026-02-17 00:35:00,11,19.83
19201,181,127,262,2026-02-17 00:41:00,10,14.1
14796,150,176,173,2026-02-17 00:41:00,26,42.45
7612,126,9,123,2026-02-17 00:42:00,58,91.79
13119,377,140,64,2026-02-17 00:45:00,38,61.38
18241,328,231,1,2026-02-17 00:51:00,11,21.19
7307,240,233,160,2026-02-17 01:07:00,47,75.65
2615,216,45,115,2026-02-17 01:13:00,29,45.67
17134,33,89,152,2026-02-17 01:17:00,60,94.24
14381,78,41,158,2026-02-17 01:33:00,26,41.32
14480,343,64,63,2026-02-17 01:38:00,56,89.09
13752,271,141,264,2026-02-17 01:39:00,10,19.62
7428,449,143,264,2026-02-17 01:39:00,42,66.83
18913,192,153,47,2026-02-17 01:39:00,32,46.36
11533,432,38,63,2026-02-17 01:44:00,28,44.38
10039,135,179,163,2026-02-17 01:45:00,25,43.46
13937,326,52,238,2026-02-17 01:58:00,21,34.13
10876,258,221,155,2026-02-17 02:00:00,5,9.0
2076,483,241,208,2026-02-17 02:00:00,41,63.91
2882,470,44,36,2026-02-17 02:07:00,5,10.25
12291,426,30,185,2026-02-17 02:07:00,25,42.62
10994,239,196,228,2026-02-17 02:14:00,6,12.06
16903,457,136,256,2026-02-17 02:18:00,37,58.7
4566,412,223,67,2026-02-17 02:22:00,48,75.34
5400,6,16,16,2026-02-17 02:28:00,56,87.99
18158,147,34,169,2026-02-17 02:34:00,43,69.54
18573,306,39,149,2026-02-17 02:44:00,9,18.67
18096,228,119,86,2026-02-17 02:54:00,25,39.51
12290,427,111,184,2026-02-17 02:59:00,10,16.91
14147,26,57,27,2026-02-17 02:59:00,44,64.19
858,172,176,96,2026-02-17 03:04:00,42,65.33
18084,368,202,71,2026-02-17 03:18:00,10,17.12
5457,76,151,159,2026-02-17 03:19:00,19,29.56
16217,212,66,66,2026-02-17 03:27:00,28,43.57
2620,450,31,56,2026-02-17 03:29:00,16,27.94
11714,294,147,195,2026-02-17 03:31:00,48,74.73
10560,167,17,254,2026-02-17 03:34:00,23,39.33
1581,135,262,164,2026-02-17 03:41:00,52,80.24
9999,290,199,218,2026-02-17 03:52:00,20,33.25
12093,293,121,111,2026-02-17 03:56:00,5,9.0
18874,40,139,63,2026-02-17 04:04:00,16,26.21
6107,257,194,185,2026-02-17 04:20:00,22,38.99
14284,200,74,89,2026-02-17 04:21:00,56,87.47
3255,474,212,16,2026-02-17 04:21:00,8,15.57
10348,198,210,119,2026-02-17 04:24:00,52,84.28
14940,74,170,105,2026-02-17 04:24:00,39,62.55
13987,419,87,47,2026-02-17 04:25:00,26,42.71
3795,8,11,265,2026-02-17 04:26:00,18,29.41
18799,183,14,211,2026-02-17 04:31:00,45,70.92
8036,94,208,38,2026-02-17 04:35:00,20,34.23
10213,380,152,150,2026-02-17 04:38:00,45,72.02
1107,499,6,15,2026-02-17 04:45:00,54,85.19
13660,134,177,23,2026-02-17 05:00:00,11,20.02
4530,116,64,247,2026-02-17 05:04:00,31,50.59
11182,334,186,242,2026-02-17 05:07:00,51,81.16
15255,434,158,182,2026-02-17 05:13:00,31,48.8
19431,192,201,174,2026-02-17 05:14:00,31,48.32
19369,340,219,180,2026-02-17 05:20:00,57,89.69
14752,259,243,102,2026-02-17 05:28:00,7,12.68
7500,388,15,257,2026-02-17 05:29:00,8,12.55
18100,178,78,94,2026-02-17 05:41:00,57,90.06
12043,99,68,242,2026-02-17 05:43:00,31,50.59
538,423,145,79,2026-02-17 05:54:00,46,72.63
13735,50,74,222,2026-02-17 06:10:00,27,41.95
15806,361,39,212,2026-02-17 06:12:00,48,73.02
3433,343,78,98,2026-02-17 06:18:00,49,77.98
17236,441,184,181,2026-02-17 06:18:00,27,44.34
19529,24,119,193,2026-02-17 06:21:00,23,35.22
3999,288,122,218,2026-02-17 06:27:00,46,71.94
7696,234,37,106,2026-02-17 06:31:00,34,53.53
1724,137,45,188,2026-02-17 06:54:00,17,28.35
3110,35,247,124,2026-02-17 07:11:00,21,32.58
12034,155,63,113,2026-02-17 07:22:00,41,66.44
6516,351,44,77,2026-02-17 07:29:00,5,11.24
5822,327,170,135,2026-02-17 07:33:00,37,58.41
10337,460,72,70,2026-02-17 07:47:00,26,40.87
4496,362,104,73,2026-02-17 07:57:00,57,88.61
6407,240,89,261,2026-02-17 08:03:00,5,10.09
2778,99,25,218,2026-02-17 08:12:00,10,17.8
19726,95,122,215,2026-02-17 08:12:00,44,75.27
2170,244,209,116,2026-02-17 08:25:00,6,11.63
4248,142,137,154,2026-02-17 08:34:00,47,70.76
19647,209,59,32,2026-02-17 09:05:00,47,74.16
6778,308,47,152,2026-02-17 09:07:00,15,26.96
10927,78,118,131,2026-02-17 09:11:00,16,30.94
7885,411,7,49,2026-02-17 09:14:00,55,86.59
2320,310,49,66,2026-02-17 09:19:00,54,82.82
14240,258,62,34,2026-02-17 09:21:00,41,64.89
2859,305,231,22,2026-02-17 09:23:00,53,83.55
12964,227,71,48,2026-02-17 09:26:00,34,51.5
359,373,174,150,2026-02-17 09:28:00,58,90.55
1928,67,236,27,2026-02-17 09:38:00,41,63.01
16869,383,74,256,2026-02-17 09:42:00,59,91.26
13844,188,216,73,2026-02-17 10:03:00,55,88.92
18889,94,40,263,2026-02-17 10:04:00,44,73.09
13312,264,53,77,2026-02-17 10:07:00,27,43.17
9418,363,47,201,2026-02-17 10:18:00,50,82.72
9484,465,165,123,2026-02-17 10:26:00,60,92.02
8584,47,80,230,2026-02-17 10:37:00,9,16.8
1256,359,11,169,2026-02-17 10:51:00,42,66.0
5817,191,18,115,2026-02-17 10:52:00,12,23.08
17597,402,150,68,2026-02-17 10:59:00,52,81.44
19371,171,199,12,2026-02-17 11:05:00,28,41.55
19646,229,167,91,2026-02-17 11:10:00,27,42.9
9541,275,28,166,2026-02-17 11:14:00,18,26.22
13739,84,120,244,2026-02-17 11:18:00,57,85.21
15829,68,45,173,2026-02-17 11:19:00,58,89.96
2081,376,131,189,2026-02-17 11:24:00,12,21.38
8596,23,95,56,2026-02-17 11:30:00,40,62.78
2892,70,158,40,2026-02-17 11:30:00,17,32.14
12481,416,189,83,2026-02-17 11:31:00,52,76.4
15650,54,220,146,2026-02-17 11:42:00,29,46.36
363,321,176,133,2026-02-17 11:48:00,15,24.83
16007,31,182,58,2026-02-17 11:58:00,23,38.3
12123,438,21,102,2026-02-17 12:02:00,20,30.19
18894,40,227,247,2026-02-17 12:12:00,14,22.99
6199,129,103,16,2026-02-17 12:18:00,23,35.43
17252,320,46,8,2026-02-17 12:23:00,23,39.45
11827,67,98,186,2026-02-17 12:31:00,7,9.81
11443,210,38,109,2026-02-17 12:33:00,29,44.34
13908,54,250,175,2026-02-17 12:34:00,34,54.62
17888,78,152,137,2026-02-17 12:42:00,41,59.79
11293,10,95,213,2026-02-17 12:46:00,44,66.98
9098,303,149,250,2026-02-17 12:50:00,44,70.47
17061,95,176,68,2026-02-17 12:54:00,30,51.41
6625,362,246,250,2026-02-17 12:55:00,60,94.09
10590,88,197,42,2026-02-17 13:12:00,15,26.76
2130,159,262,50,2026-02-17 13:16:00,44,69.26
8042,331,142,259,2026-02-17 13:20:00,33,51.98
11732,369,227,73,2026-02-17 13:21:00,49,77.67
12899,326,110,253,2026-02-17 13:38:00,13,24.76
8830,340,156,213,2026-02-17 13:47:00,13,18.7
4495,87,151,84,2026-02-17 13:50:00,13,23.52
5935,238,208,127,2026-02-17 13:51:00,25,39.73
19512,50,26,163,2026-02-17 13:53:00,32,50.21
6503,222,156,195,2026-02-17 13:53:00,28,44.55
19780,102,213,150,2026-02-17 13:57:00,16,26.47
17579,168,144,139,2026-02-17 13:58:00,29,45.76
11579,298,136,69,2026-02-17 14:10:00,35,55.67
8479,475,232,263,2026-02-17 14:11:00,54,84.5
13921,163,159,145,2026-02-17 14:15:00,15,21.01
16547,185,4,59,2026-02-17 14:15:00,52,78.69
9987,88,222,17,2026-02-17 14:24:00,36,53.77
4011,30,193,134,2026-02-17 14:31:00,51,78.45
15817,251,200,12,2026-02-17 14:33:00,32,49.66
11665,299,147,43,2026-02-17 14:35:00,17,29.51
18236,213,254,35,2026-02-17 14:45:00,55,83.93
8277,95,139,228,2026-02-17 14:49:00,30,49.77
13441,339,79,158,2026-02-17 14:53:00,37,60.19
14414,491,209,238,2026-02-17 15:02:00,19,30.58
17769,97,73,167,2026-02-17 15:11:00,59,92.07
290,248,260,136,2026-02-17 15:20:00,50,79.33
2152,465,137,190,2026-02-17 15:26:00,50,77.71
4464,424,54,170,2026-02-17 15:40:00,39,65.08
4961,288,68,105,2026-02-17 15:41:00,13,20.13
18616,404,154,182,2026-02-17 15:55:00,54,83.47
8305,326,253,7,2026-02-17 16:12:00,25,43.8
9819,159,120,165,2026-02-17 16:15:00,21,38.1
3154,266,31,81,2026-02-17 16:23:00,59,92.87
2214,189,150,132,2026-02-17 16:39:00,21,34.86
1248,121,33,7,2026-02-17 16:40:00,11,24.64
12740,446,181,143,2026-02-17 16:44:00,50,76.93
4159,161,95,85,2026-02-17 16:45:00,32,49.5
4863,121,238,193,2026-02-17 16:47:00,16,27.73
10083,222,240,251,2026-02-17 17:29:00,24,39.63
14275,114,83,60,2026-02-17 17:37:00,13,19.87
4893,391,131,132,2026-02-17 17:40:00,15,24.5
2047,94,85,81,2026-02-17 17:45:00,40,60.91
3789,94,169,95,2026-02-17 17:45:00,13,22.21
14667,471,91,112,2026-02-17 17:50:00,31,51.58
4838,467,58,97,2026-02-17 17:55:00,27,42.63
10980,89,197,39,2026-02-17 18:00:00,45,69.01
1619,498,36,160,2026-02-17 18:01:00,24,43.44
264,91,199,4,2026-02-17 18:02:00,16,25.87
4756,144,183,240,2026-02-17 18:14:00,12,17.93
19359,444,86,258,2026-02-17 18:14:00,26,44.14
12861,162,17,14,2026-02-17 18:45:00,54,85.09
5296,338,147,90,2026-02-17 18:45:00,37,57.17
8587,267,152,237,2026-02-17 18:53:00,46,71.86
12800,462,182,13,2026-02-17 18:57:00,8,16.37
14094,368,187,240,2026-02-17 19:00:00,29,44.82
3833,358,68,198,2026-02-17 19:01:00,33,51.62
10842,114,23,261,2026-02-17 19:02:00,52,82.96
17251,366,74,173,2026-02-17 19:03:00,26,42.3
14924,287,60,78,2026-02-17 19:07:00,27,45.21
9998,25,45,20,2026-02-17 19:19:00,49,76.23
2243,413,26,226,2026-02-17 19:22:00,23,37.84
1110,489,12,60,2026-02-17 19:23:00,5,11.17
8046,409,2,58,2026-02-17 19:37:00,25,40.05
1521,318,186,46,2026-02-17 19:37:00,31,46.81
5572,65,232,215,2026-02-17 19:42:00,26,44.43
15657,219,54,261,2026-02-17 19:45:00,10,17.23
6749,399,216,122,2026-02-17 19:45:00,28,45.68
15272,293,253,161,2026-02-17 19:46:00,6,11.97
12143,447,23,77,2026-02-17 19:48:00,5,10.66
7810,383,122,9,2026-02-17 20:17:00,45,69.99
7012,384,141,76,2026-02-17 20:19:00,24,38.73
19140,254,245,88,2026-02-17 20:24:00,52,83.36
17255,435,50,144,2026-02-17 20:33:00,49,78.09
14577,439,159,109,2026-02-17 20:36:00,32,54.13
14353,159,104,3,2026-02-17 20:41:00,36,55.51
18225,471,59,215,2026-02-17 20:43:00,57,95.19
16955,103,72,118,2026-02-17 20:51:00,35,59.31
7473,22,41,56,2026-02-17 20:53:00,46,70.86
1696,109,114,204,2026-02-17 20:56:00,50,76.26
6795,281,24,88,2026-02-17 20:57:00,18,31.32
5073,495,171,209,2026-02-17 20:57:00,21,36.35
13879,309,94,163,2026-02-17 21:01:00,7,12.9
12938,194,92,190,2026-02-17 21:08:00,31,48.02
17509,217,29,211,2026-02-17 21:09:00,51,77.82
3383,303,18,182,2026-02-17 21:12:00,12,21.81
12631,326,122,45,2026-02-17 21:14:00,57,86.88
4882,60,113,150,2026-02-17 21:22:00,33,51.01
14528,359,117,15,2026-02-17 21:23:00,44,70.95
8665,243,134,88,2026-02-17 21:31:00,6,10.88
15943,467,163,64,2026-02-17 21:34:00,7,15.89
6099,161,202,256,2026-02-17 21:42:00,14,22.14
4940,370,94,144,2026-02-17 21:51:00,27,44.6
10437,86,192,237,2026-02-17 21:55:00,10,20.81
14215,483,88,200,2026-02-17 21:56:00,37,61.5
3436,341,117,232,2026-02-17 22:07:00,22,37.58
16009,52,246,151,2026-02-17 22:08:00,44,69.35
18202,478,190,71,2026-02-17 22:14:00,60,90.58
6372,64,210,211,2026-02-17 22:14:00,32,47.8
6492,164,91,243,2026-02-17 22:20:00,43,66.53
329,371,180,46,2026-02-17 22:24:00,25,39.73
6462,416,60,162,2026-02-17 22:28:00,60,91.43
7623,208,33,247,2026-02-17 22:47:00,42,70.26
14699,87,1,113,2026-02-17 22:53:00,32,48.53
434,206,39,169,2026-02-17 22:53:00,30,52.13
12945,381,153,85,2026-02-17 22:56:00,15,26.68
10640,307,182,179,2026-02-17 22:57:00,38,59.44
14464,44,85,175,2026-02-17 22:58:00,6,9.25
5096,375,181,179,2026-02-17 23:07:00,6,12.91
18097,251,226,48,2026-02-17 23:27:00,15,28.18
5638,109,127,259,2026-02-17 23:32:00,56,87.53
18559,133,88,175,2026-02-17 23:54:00,16,23.56
17388,427,252,99,2026-02-18 00:05:00,53,86.85
5380,422,154,96,2026-02-18 00:06:00,42,65.6
16238,20,87,89,2026-02-18 00:07:00,46,73.98
3610,313,240,41,2026-02-18 00:08:00,29,44.54
11866,321,144,158,2026-02-18 00:14:00,29,47.47
13261,194,167,222,2026-02-18 00:15:00,56,85.69
12199,11,215,246,2026-02-18 00:20:00,11,19.3
15864,298,115,198,2026-02-18 00:28:00,5,9.8
12170,80,98,14,2026-02-18 00:29:00,57,90.91
2618,407,86,105,2026-02-18 00:31:00,36,54.79
13047,292,38,17,2026-02-18 00:32:00,41,66.59
12618,111,59,265,2026-02-18 00:36:00,31,48.4
5595,431,49,95,2026-02-18 00:39:00,60,93.13
6692,170,161,166,2026-02-18 00:45:00,44,67.63
2605,271,25,163,2026-02-18 00:46:00,6,11.33
2619,224,26,74,2026-02-18 00:47:00,19,28.22
16070,4,208,75,2026-02-18 00:50:00,6,10.12
12335,178,186,108,2026-02-18 01:00:00,53,81.48
4188,332,103,257,2026-02-18 01:01:00,43,63.63
7381,83,26,161,2026-02-18 01:16:00,40,62.06
10964,368,67,92,2026-02-18 01:18:00,12,18.13
18287,22,57,227,2026-02-18 01:23:00,8,14.44
1499,286,252,185,2026-02-18 01:26:00,52,82.99
2017,113,18,5,2026-02-18 01:29:00,57,89.74
9947,349,160,141,2026-02-18 01:45:00,20,29.04
12315,73,250,24,2026-02-18 01:47:00,14,25.98
2807,425,257,22,2026-02-18 01:52:00,35,56.24
17402,422,130,140,2026-02-18 01:57:00,11,19.76
12410,148,191,27,2026-02-18 02:10:00,60,91.83
16467,413,214,110,2026-02-18 02:23:00,26,41.17
8187,422,31,167,2026-02-18 02:30:00,45,68.95
18618,72,175,135,2026-02-18 02:36:00,35,57.6
4933,259,195,201,2026-02-18 02:50:00,33,51.73
558,71,237,235,2026-02-18 02:55:00,54,85.11
18390,240,265,170,2026-02-18 03:02:00,41,62.74
14075,403,48,34,2026-02-18 03:05:00,15,22.65
7854,316,135,68,2026-02-18 03:07:00,35,55.39
8390,186,210,99,2026-02-18 03:08:00,59,90.21
17006,13,22,137,2026-02-18 03:18:00,10,19.5
15402,218,160,48,2026-02-18 03:19:00,12,22.67
325,174,113,83,2026-02-18 03:27:00,15,27.97
11136,146,133,179,2026-02-18 03:40:00,11,19.37
9869,29,211,263,2026-02-18 03:44:00,48,76.28
7240,462,238,88,2026-02-18 04:04:00,55,83.59
7732,93,67,18,2026-02-18 04:09:00,48,76.46
17951,222,221,96,2026-02-18 04:18:00,56,85.28
5711,213,40,220,2026-02-18 04:27:00,53,82.14
10738,117,150,127,2026-02-18 04:30:00,22,37.19
14033,242,201,98,2026-02-18 04:34:00,26,41.96
16778,463,8,158,2026-02-18 04:37:00,48,77.68
12022,358,112,228,2026-02-18 04:38:00,21,30.97
9175,472,208,124,2026-02-18 04:41:00,8,15.17
15878,428,33,254,2026-02-18 04:56:00,30,47.97
276,352,153,90,2026-02-18 04:57:00,28,47.51
2825,276,239,223,2026-02-18 05:02:00,52,78.59
12413,207,75,56,2026-02-18 05:06:00,57,89.74
12837,360,44,71,2026-02-18 05:18:00,31,50.21
4769,215,203,190,2026-02-18 05:20:00,58,88.8
15341,320,15,22,2026-02-18 05:37:00,25,39.91
14358,7,89,51,2026-02-18 05:45:00,15,27.11
341,456,245,210,2026-02-18 05:55:00,24,39.51
3335,338,226,11,2026-02-18 05:56:00,40,63.4
11180,363,237,141,2026-02-18 05:58:00,35,55.81
12449,445,67,54,2026-02-18 06:11:00,9,14.87
15585,96,88,67,2026-02-18 06:21:00,39,56.49
13250,129,85,33,2026-02-18 06:28:00,16,29.48
16832,156,175,56,2026-02-18 06:31:00,30,48.12
13469,304,263,243,2026-02-18 06:51:00,7,13.68
12209,86,215,22,2026-02-18 06:56:00,31,51.3
9049,99,253,102,2026-02-18 06:57:00,7,12.73
14514,462,88,35,2026-02-18 07:09:00,40,62.91
7622,53,229,14,2026-02-18 07:23:00,37,58.91
3815,110,71,117,2026-02-18 07:29:00,9,13.76
13377,479,195,108,2026-02-18 07:40:00,37,59.03
19189,152,222,91,2026-02-18 07:49:00,11,19.37
12446,277,57,263,2026-02-18 07:54:00,24,40.3
16505,96,144,166,2026-02-18 07:57:00,53,82.2
9444,76,100,139,2026-02-18 08:08:00,8,17.93
8520,130,37,95,2026-02-18 08:10:00,53,80.98
13978,233,6,199,2026-02-18 08:12:00,34,54.55
2983,227,209,81,2026-02-18 08:16:00,51,77.72
14704,451,7,41,2026-02-18 08:17:00,10,18.3
12049,186,45,166,2026-02-18 08:17:00,44,68.81
3015,292,119,220,2026-02-18 08:19:00,56,87.36
12274,295,150,65,2026-02-18 08:22:00,58,92.33
2403,494,66,63,2026-02-18 08:55:00,40,59.33
619,301,121,172,2026-02-18 08:57:00,40,66.52
5632,2,35,123,2026-02-18 09:01:00,33,53.78
11702,314,133,120,2026-02-18 09:03:00,19,32.96
17179,448,97,251,2026-02-18 09:35:00,37,60.82
7389,458,29,259,2026-02-18 09:36:00,17,29.58
16206,471,174,253,2026-02-18 09:36:00,22,34.37
5069,285,97,108,2026-02-18 09:44:00,18,29.08
13702,322,225,241,2026-02-18 09:48:00,25,42.03
13058,146,57,250,2026-02-18 09:51:00,5,10.23
12275,177,241,166,2026-02-18 10:00:00,26,41.64
15401,497,55,78,2026-02-18 10:03:00,42,65.75
11562,123,83,136,2026-02-18 10:28:00,21,32.61
15984,452,71,88,2026-02-18 10:35:00,59,94.05
12651,487,97,63,2026-02-18 10:40:00,54,85.25
12188,200,189,112,2026-02-18 11:01:00,47,75.18
6531,23,44,59,2026-02-18 11:04:00,36,56.84
11027,311,246,184,2026-02-18 11:06:00,39,58.87
16699,314,258,79,2026-02-18 11:11:00,54,82.36
3566,44,75,169,2026-02-18 11:15:00,50,78.86
3752,413,11,60,2026-02-18 11:20:00,13,21.31
2541,141,193,8,2026-02-18 11:22:00,12,21.06
15242,4,148,212,2026-02-18 11:23:00,38,60.65
10203,81,247,167,2026-02-18 11:25:00,10,15.71
14689,491,29,221,2026-02-18 11:48:00,9,17.77
15533,6,162,239,2026-02-18 12:01:00,54,84.71
13781,409,174,1,2026-02-18 12:04:00,14,23.66
1042,347,189,71,2026-02-18 12:07:00,40,61.25
5539,42,263,140,2026-02-18 12:15:00,49,72.91
1580,366,220,136,2026-02-18 12:16:00,21,36.59
18147,300,26,263,2026-02-18 12:22:00,33,54.3
10812,483,165,236,2026-02-18 12:29:00,34,53.93
12787,352,123,84,2026-02-18 12:31:00,60,91.61
11792,214,215,175,2026-02-18 12:37:00,5,12.89
15275,409,169,72,2026-02-18 12:51:00,48,75.3
9102,152,170,89,2026-02-18 13:10:00,15,26.51
15976,308,161,225,2026-02-18 13:34:00,43,68.04
12428,114,151,225,2026-02-18 13:54:00,20,33.32
998,151,143,193,2026-02-18 13:59:00,48,75.94
6658,359,193,67,2026-02-18 14:09:00,33,51.15
1548,62,32,99,2026-02-18 14:10:00,20,34.35
15945,314,249,146,2026-02-18 14:14:00,45,67.98
14375,402,148,71,2026-02-18 14:16:00,6,12.05
1578,328,189,57,2026-02-18 14:31:00,9,18.59
8507,83,125,51,2026-02-18 14:33:00,24,40.77
5662,54,94,243,2026-02-18 14:35:00,46,71.39
7692,125,59,242,2026-02-18 14:37:00,8,13.21
17395,492,229,252,2026-02-18 14:47:00,54,89.2
2793,430,108,20,2026-02-18 14:47:00,38,62.09
14566,143,47,117,2026-02-18 14:50:00,50,78.45
2157,485,247,221,2026-02-18 14:57:00,45,72.6
12408,30,179,213,2026-02-18 15:00:00,25,42.01
17955,398,31,224,2026-02-18 15:06:00,33,53.77
9697,479,35,265,2026-02-18 15:07:00,33,52.15
7532,170,42,149,2026-02-18 15:10:00,9,14.7
4204,231,239,22,2026-02-18 15:25:00,34,52.83
10243,316,96,166,2026-02-18 15:26:00,19,31.69
3455,493,130,91,2026-02-18 15:27:00,13,20.06
1707,18,62,257,2026-02-18 15:49:00,27,44.38
11809,53,181,108,2026-02-18 15:51:00,14,21.68
6377,8,254,51,2026-02-18 15:52:00,53,82.14
5132,7,66,85,2026-02-18 15:52:00,11,18.76
6154,294,109,7,2026-02-18 16:14:00,48,71.39
14067,412,5,242,2026-02-18 16:39:00,36,56.14
16167,322,167,197,2026-02-18 16:48:00,15,29.05
6661,53,166,4,2026-02-18 16:58:00,56,90.25
5643,52,33,126,2026-02-18 17:01:00,38,57.67
760,422,116,231,2026-02-18 17:02:00,59,87.5
5417,151,169,62,2026-02-18 17:06:00,19,29.53
16618,430,172,131,2026-02-18 17:07:00,54,87.6
1158,24,65,219,2026-02-18 17:10:00,60,93.39
5666,71,43,167,2026-02-18 17:23:00,10,16.44
13217,130,168,226,2026-02-18 17:24:00,30,49.65
8375,93,152,149,2026-02-18 17:26:00,5,9.44
8232,477,210,108,2026-02-18 17:29:00,38,61.84
18523,267,128,98,2026-02-18 17:32:00,23,36.29
15023,141,225,87,2026-02-18 17:32:00,42,68.59
7813,85,237,208,2026-02-18 17:36:00,50,76.14
10340,499,129,184,2026-02-18 17:37:00,14,25.8
10745,449,159,112,2026-02-18 17:40:00,11,19.28
92,480,39,166,2026-02-18 18:02:00,39,58.45
3100,433,213,82,2026-02-18 18:03:00,36,57.51
15844,351,139,142,2026-02-18 18:03:00,28,45.45
1406,176,85,45,2026-02-18 18:11:00,35,59.04
1561,212,85,141,2026-02-18 18:21:00,34,51.75
11909,316,224,6,2026-02-18 18:25:00,55,86.73
16107,92,202,163,2026-02-18 18:40:00,48,75.75
12878,496,34,184,2026-02-18 19:02:00,13,24.74
33,500,22,45,2026-02-18 19:11:00,45,65.96
18014,425,167,39,2026-02-18 19:13:00,8,12.36
10366,274,78,193,2026-02-18 19:17:00,44,70.63
12377,334,207,174,2026-02-18 19:21:00,20,33.42
11138,324,122,228,2026-02-18 19:23:00,9,15.89
17797,34,241,253,2026-02-18 19:37:00,27,42.43
1565,445,71,252,2026-02-18 19:41:00,44,66.75
14152,312,160,217,2026-02-18 19:51:00,55,86.95
17976,220,116,136,2026-02-18 19:58:00,48,78.27
11462,159,229,35,2026-02-18 19:59:00,20,32.53
2192,107,39,165,2026-02-18 20:15:00,18,29.36
1998,128,21,220,2026-02-18 20:17:00,31,51.55
4826,30,92,160,2026-02-18 20:20:00,14,19.06
15369,452,2,146,2026-02-18 20:30:00,50,79.94
11494,315,260,138,2026-02-18 20:35:00,35,54.72
18921,416,139,176,2026-02-18 20:38:00,24,37.11
2067,145,68,201,2026-02-18 20:44:00,43,68.73
2506,104,196,6,2026-02-18 20:51:00,29,51.02
19779,407,78,8,2026-02-18 21:02:00,40,61.09
12656,382,50,151,2026-02-18 21:14:00,12,22.76
19937,252,205,207,2026-02-18 21:16:00,38,61.88
14844,143,255,218,2026-02-18 21:26:00,18,31.0
8035,36,63,126,2026-02-18 21:30:00,14,26.84
8991,307,134,154,2026-02-18 21:37:00,22,32.4
6275,471,123,28,2026-02-18 21:41:00,25,40.09
5154,365,116,206,2026-02-18 21:48:00,26,43.8
7249,256,194,46,2026-02-18 21:51:00,12,18.72
14920,388,245,254,2026-02-18 21:53:00,60,90.8
7296,198,27,51,2026-02-18 21:54:00,34,54.48
9557,244,259,101,2026-02-18 21:57:00,28,46.57
15364,441,231,248,2026-02-18 21:59:00,19,32.39
19133,337,196,77,2026-02-18 22:17:00,60,96.74
11749,407,136,82,2026-02-18 22:27:00,5,9.68
11765,210,22,245,2026-02-18 22:29:00,34,54.11
4044,406,158,150,2026-02-18 22:31:00,27,47.08
11373,1,159,207,2026-02-18 22:32:00,54,86.73
14245,154,214,201,2026-02-18 22:36:00,10,20.0
15653,138,35,212,2026-02-18 22:39:00,41,65.36
14915,97,146,114,2026-02-18 22:45:00,22,37.43
8902,443,163,178,2026-02-18 23:04:00,54,84.53
19427,47,218,147,2026-02-18 23:08:00,27,40.97
46,177,70,243,2026-02-18 23:18:00,57,89.45
786,315,149,36,2026-02-18 23:23:00,51,81.25
13548,335,262,5,2026-02-18 23:27:00,19,32.04
15291,225,13,106,2026-02-18 23:30:00,32,52.55
4428,304,179,45,2026-02-19 00:39:00,19,30.8
14473,387,151,152,2026-02-19 00:55:00,60,94.77
5788,223,241,118,2026-02-19 01:10:00,37,57.93
2117,283,6,144,2026-02-19 01:14:00,55,86.94
807,205,262,181,2026-02-19 01:17:00,47,74.73
14054,144,213,171,2026-02-19 01:34:00,7,15.95
16866,396,80,40,2026-02-19 01:37:00,54,83.78
13918,169,55,149,2026-02-19 01:42:00,9,16.86
16502,31,209,236,2026-02-19 01:42:00,22,37.09
12675,161,99,258,2026-02-19 01:45:00,60,96.15
15617,356,147,261,2026-02-19 02:06:00,19,33.64
504,313,236,33,2026-02-19 02:09:00,13,20.51
15977,446,137,106,2026-02-19 02:25:00,10,15.53
15730,378,219,217,2026-02-19 02:38:00,43,68.35
13034,111,207,92,2026-02-19 02:39:00,52,79.7
11235,392,53,22,2026-02-19 02:40:00,34,52.64
12592,277,200,136,2026-02-19 02:41:00,43,67.99
18701,152,98,168,2026-02-19 02:41:00,32,47.28
955,331,12,241,2026-02-19 02:42:00,52,81.86
18136,147,233,172,2026-02-19 02:50:00,18,36.14
12208,94,127,227,2026-02-19 02:56:00,21,33.67
5617,180,174,70,2026-02-19 02:57:00,26,41.49
5364,357,189,203,2026-02-19 03:05:00,9,16.79
10856,434,129,103,2026-02-19 03:14:00,53,79.95
18164,31,161,213,2026-02-19 03:33:00,46,73.88
12201,33,102,232,2026-02-19 03:38:00,45,71.87
19338,242,262,223,2026-02-19 03:38:00,44,70.56
15600,446,229,31,2026-02-19 03:40:00,55,84.9
19905,11,79,59,2026-02-19 03:40:00,9,14.84
6476,98,16,13,2026-02-19 03:45:00,40,60.45
17715,475,225,80,2026-02-19 03:45:00,6,14.32
11153,52,249,191,2026-02-19 03:57:00,44,68.08
13901,289,245,194,2026-02-19 04:05:00,5,13.96
12629,71,100,97,2026-02-19 04:26:00,13,24.27
18693,40,176,73,2026-02-19 04:37:00,19,32.67
5971,279,119,55,2026-02-19 05:05:00,47,73.71
12783,463,124,19,2026-02-19 05:13:00,7,12.4
7477,86,161,10,2026-02-19 05:19:00,29,45.64
10308,294,215,136,2026-02-19 05:21:00,34,58.34
10687,366,48,1,2026-02-19 05:25:00,24,41.49
1280,259,45,21,2026-02-19 05:28:00,12,20.56
1440,156,145,75,2026-02-19 05:39:00,17,31.6
14581,233,206,203,2026-02-19 05:42:00,20,32.83
17700,331,110,190,2026-02-19 05:44:00,56,84.55
14771,331,143,163,2026-02-19 05:49:00,49,77.88
6823,92,211,236,2026-02-19 06:06:00,23,35.58
6978,376,62,126,2026-02-19 06:20:00,21,35.75
16314,431,123,118,2026-02-19 06:24:00,49,74.96
17884,94,52,173,2026-02-19 06:31:00,54,83.64
3980,377,218,33,2026-02-19 06:33:00,17,30.34
5090,200,239,181,2026-02-19 06:33:00,16,30.54
376,387,6,232,2026-02-19 06:39:00,41,61.58
6662,485,142,37,2026-02-19 06:40:00,30,48.28
15404,62,131,41,2026-02-19 06:50:00,43,65.46
18012,259,236,225,2026-02-19 06:53:00,11,16.78
6631,349,120,202,2026-02-19 06:53:00,50,76.95
9556,418,200,182,2026-02-19 06:55:00,37,59.83
18058,72,185,228,2026-02-19 07:02:00,5,9.3
16805,296,112,94,2026-02-19 07:06:00,8,13.8
6029,190,82,49,2026-02-19 07:07:00,30,51.59
2746,500,128,112,2026-02-19 07:08:00,38,57.38
9648,279,234,102,2026-02-19 07:21:00,54,83.51
6995,170,32,89,2026-02-19 07:22:00,30,49.27
6633,217,140,243,2026-02-19 07:29:00,55,87.04
5961,491,115,168,2026-02-19 07:30:00,25,41.39
4422,391,181,29,2026-02-19 07:30:00,54,84.31
2356,196,181,243,2026-02-19 07:37:00,42,66.8
10675,367,112,149,2026-02-19 07:48:00,13,25.12
14260,367,63,45,2026-02-19 07:56:00,19,31.21
2395,443,129,60,2026-02-19 08:14:00,26,41.46
517,188,243,188,2026-02-19 08:19:00,58,89.84
10660,179,214,213,2026-02-19 08:25:00,11,18.66
7653,222,158,85,2026-02-19 08:27:00,19,31.64
11371,263,176,199,2026-02-19 08:31:00,43,67.71
782,287,80,72,2026-02-19 08:32:00,58,92.15
18944,462,56,180,2026-02-19 08:38:00,36,56.54
15051,50,45,159,2026-02-19 08:41:00,9,19.25
11918,458,202,265,2026-02-19 08:44:00,13,20.53
508,366,120,133,2026-02-19 08:52:00,60,92.55
806,226,255,170,2026-02-19 08:52:00,42,66.3
16660,458,25,131,2026-02-19 08:52:00,20,31.57
18875,306,14,113,2026-02-19 08:52:00,18,29.19
11723,355,261,163,2026-02-19 09:03:00,53,82.67
18340,261,58,146,2026-02-19 09:16:00,8,13.04
17441,301,246,218,2026-02-19 09:23:00,49,78.57
5977,336,160,179,2026-02-19 09:27:00,29,49.21
835,337,95,251,2026-02-19 09:31:00,39,57.96
14694,389,195,22,2026-02-19 09:52:00,40,63.01
18412,23,14,90,2026-02-19 10:05:00,10,20.38
9353,459,8,45,2026-02-19 10:23:00,7,10.39
10320,402,80,105,2026-02-19 10:33:00,31,49.92
3385,55,178,25,2026-02-19 10:37:00,60,92.81
8727,54,102,81,2026-02-19 10:39:00,7,11.96
16848,108,261,90,2026-02-19 10:42:00,41,64.05
17118,281,7,28,2026-02-19 10:44:00,16,30.28
4437,370,124,123,2026-02-19 11:00:00,18,29.74
18899,306,125,213,2026-02-19 11:06:00,25,39.85
5211,300,254,107,2026-02-19 11:17:00,23,33.68
3775,47,168,237,2026-02-19 11:34:00,8,13.21
15534,482,184,160,2026-02-19 11:37:00,20,34.42
8986,499,175,25,2026-02-19 11:41:00,32,50.54
9840,443,32,261,2026-02-19 11:47:00,27,43.04
9116,355,177,204,2026-02-19 11:55:00,58,92.49
16354,271,75,261,2026-02-19 12:00:00,39,62.73
5255,294,220,188,2026-02-19 12:04:00,11,17.74
5334,382,72,198,2026-02-19 12:09:00,6,12.24
1966,217,251,195,2026-02-19 12:10:00,20,35.35
11370,106,18,137,2026-02-19 12:10:00,57,86.49
13513,209,43,201,2026-02-19 12:13:00,15,22.34
1500,223,137,88,2026-02-19 12:26:00,43,69.51
3332,372,213,207,2026-02-19 12:30:00,31,47.59
3575,248,232,236,2026-02-19 12:31:00,55,85.6
5485,307,77,93,2026-02-19 12:33:00,58,87.45
13761,68,251,228,2026-02-19 12:42:00,32,53.64
3123,301,154,53,2026-02-19 12:55:00,46,70.47
4329,69,185,163,2026-02-19 12:56:00,10,18.86
17649,380,39,174,2026-02-19 12:56:00,47,71.18
11083,456,58,135,2026-02-19 12:58:00,38,60.34
18113,52,203,55,2026-02-19 13:06:00,46,72.89
16959,199,169,149,2026-02-19 13:13:00,27,43.87
1528,369,40,47,2026-02-19 13:21:00,52,82.9
219,305,204,25,2026-02-19 13:29:00,20,34.25
18864,439,253,183,2026-02-19 13:30:00,32,51.94
13780,110,181,18,2026-02-19 13:38:00,29,45.99
12318,292,145,227,2026-02-19 13:39:00,12,17.77
2963,401,2,90,2026-02-19 13:59:00,23,35.68
16119,246,173,50,2026-02-19 14:03:00,54,84.43
14180,335,16,197,2026-02-19 14:11:00,43,66.59
5276,388,133,134,2026-02-19 14:26:00,57,87.19
3034,159,107,60,2026-02-19 14:27:00,40,62.55
8204,414,91,25,2026-02-19 14:28:00,16,27.51
18059,181,85,177,2026-02-19 14:39:00,52,84.01
8264,106,119,168,2026-02-19 14:43:00,59,91.08
1755,477,219,231,2026-02-19 14:45:00,44,70.37
13328,207,210,21,2026-02-19 14:49:00,17,31.53
14370,474,49,213,2026-02-19 14:52:00,51,77.02
15990,263,218,144,2026-02-19 14:54:00,35,55.77
2025,179,175,93,2026-02-19 14:54:00,32,52.08
7004,430,43,195,2026-02-19 15:00:00,28,43.39
14599,136,171,43,2026-02-19 15:01:00,44,63.54
15746,151,5,150,2026-02-19 15:06:00,25,41.34
6290,423,198,54,2026-02-19 15:16:00,35,53.54
13882,142,113,71,2026-02-19 15:17:00,13,23.55
9780,469,152,248,2026-02-19 15:22:00,20,33.69
6590,100,122,150,2026-02-19 15:27:00,39,62.39
11172,29,205,41,2026-02-19 15:29:00,48,76.3
4170,444,132,240,2026-02-19 15:56:00,40,64.47
16900,340,7,187,2026-02-19 15:57:00,36,56.28
11064,427,5,42,2026-02-19 15:58:00,16,31.4
3943,420,47,265,2026-02-19 15:59:00,9,12.34
901,236,132,11,2026-02-19 16:09:00,48,73.14
8461,218,256,65,2026-02-19 16:18:00,18,32.36
4971,278,109,236,2026-02-19 16:19:00,48,72.87
6523,297,77,10,2026-02-19 16:19:00,48,74.73
13690,116,243,51,2026-02-19 16:20:00,28,46.84
15474,101,77,190,2026-02-19 16:22:00,10,15.02
11989,166,22,240,2026-02-19 16:36:00,41,63.81
6580,278,255,15,2026-02-19 16:46:00,14,24.25
18284,246,212,240,2026-02-19 16:55:00,53,82.29
10881,160,137,20,2026-02-19 17:36:00,58,86.88
18964,453,185,154,2026-02-19 17:40:00,49,78.57
1296,343,260,47,2026-02-19 17:41:00,10,18.88
16357,116,194,257,2026-02-19 17:52:00,31,48.8
9628,490,229,244,2026-02-19 18:10:00,25,39.8
13094,344,1,171,2026-02-19 18:14:00,12,23.57
12015,86,206,108,2026-02-19 18:17:00,31,49.62
3623,212,194,164,2026-02-19 18:37:00,37,59.23
12273,83,123,78,2026-02-19 18:47:00,24,38.77
18117,229,162,52,2026-02-19 18:52:00,60,92.5
16285,170,241,122,2026-02-19 18:59:00,8,15.09
3262,363,210,131,2026-02-19 19:02:00,9,15.35
986,455,28,113,2026-02-19 19:04:00,53,80.38
13737,381,232,232,2026-02-19 19:07:00,6,9.96
12127,179,239,136,2026-02-19 19:23:00,29,46.14
291,95,51,250,2026-02-19 19:34:00,33,51.76
5128,379,29,203,2026-02-19 19:45:00,33,51.8
16990,284,115,139,2026-02-19 19:46:00,54,85.47
19483,18,83,79,2026-02-19 19:54:00,36,53.33
14137,272,233,186,2026-02-19 20:02:00,55,87.03
14868,252,154,152,2026-02-19 20:11:00,9,19.78
1671,78,236,42,2026-02-19 20:14:00,49,78.27
6548,259,53,47,2026-02-19 20:33:00,57,89.51
17636,444,162,241,2026-02-19 20:36:00,50,78.12
4720,233,129,80,2026-02-19 20:54:00,46,70.52
13078,99,18,132,2026-02-19 20:54:00,9,16.38
17707,461,32,187,2026-02-19 21:03:00,36,57.52
19193,343,145,256,2026-02-19 21:15:00,21,34.32
5007,271,252,72,2026-02-19 21:24:00,42,67.14
5001,28,132,13,2026-02-19 21:25:00,34,54.27
18634,29,231,203,2026-02-19 21:29:00,6,11.85
13394,499,128,164,2026-02-19 21:45:00,35,57.65
13206,288,189,240,2026-02-19 21:46:00,22,33.53
18140,224,49,46,2026-02-19 21:51:00,5,11.66
223,64,123,63,2026-02-19 22:00:00,28,46.44
16402,178,176,234,2026-02-19 22:09:00,25,41.01
13244,409,87,14,2026-02-19 22:30:00,32,51.01
1852,295,134,229,2026-02-19 22:48:00,25,40.5
6253,232,18,106,2026-02-19 23:03:00,40,62.64
8660,96,88,71,2026-02-19 23:25:00,37,57.06
11471,287,177,86,2026-02-19 23:29:00,7,11.84
14767,212,257,66,2026-02-19 23:34:00,9,15.38
3774,58,236,12,2026-02-19 23:35:00,39,60.31
2692,437,249,35,2026-02-19 23:36:00,28,40.37
13369,336,205,21,2026-02-19 23:43:00,16,22.58
17854,331,38,164,2026-02-20 00:06:00,44,66.91
5351,259,235,54,2026-02-20 00:22:00,15,22.48
1760,40,38,81,2026-02-20 00:32:00,51,81.22
10201,141,192,29,2026-02-20 00:52:00,7,10.72
13643,183,64,88,2026-02-20 00:53:00,51,78.66
15059,134,14,163,2026-02-20 00:55:00,17,29.62
7558,218,67,160,2026-02-20 01:04:00,15,26.91
18761,376,64,144,2026-02-20 01:07:00,14,22.55
13144,43,217,162,2026-02-20 01:10:00,19,26.44
6851,96,244,231,2026-02-20 01:11:00,45,75.04
4111,227,28,157,2026-02-20 01:11:00,46,68.36
2281,360,193,107,2026-02-20 01:27:00,37,57.92
2477,490,109,220,2026-02-20 01:29:00,53,85.02
18434,11,256,84,2026-02-20 01:35:00,37,62.17
15968,163,174,223,2026-02-20 01:40:00,37,61.17
18631,210,10,9,2026-02-20 01:48:00,18,28.55
9548,245,230,210,2026-02-20 01:52:00,15,25.3
15552,254,25,252,2026-02-20 01:56:00,44,65.81
1475,455,177,70,2026-02-20 02:00:00,37,61.56
2734,336,14,206,2026-02-20 02:10:00,27,46.34
7765,482,187,219,2026-02-20 02:10:00,18,26.13
17639,414,53,148,2026-02-20 02:13:00,38,59.29
7852,84,95,60,2026-02-20 02:37:00,28,44.04
13804,161,166,134,2026-02-20 02:42:00,55,87.33
14517,150,7,67,2026-02-20 02:46:00,36,55.33
18477,106,264,153,2026-02-20 02:52:00,32,51.66
10959,45,235,68,2026-02-20 02:53:00,58,89.96
2627,479,226,213,2026-02-20 02:55:00,43,65.66
19733,277,51,237,2026-02-20 02:55:00,60,91.27
1993,244,161,179,2026-02-20 03:03:00,25,41.35
8082,171,69,30,2026-02-20 03:17:00,49,75.17
15248,355,131,155,2026-02-20 03:20:00,6,14.21
856,37,222,119,2026-02-20 03:26:00,43,67.67
17568,251,194,175,2026-02-20 03:35:00,52,81.28
3246,446,175,210,2026-02-20 04:02:00,29,46.31
9828,391,238,182,2026-02-20 04:04:00,42,64.86
4875,8,109,84,2026-02-20 04:08:00,34,52.17
8266,248,196,144,2026-02-20 04:12:00,15,28.96
1553,40,175,247,2026-02-20 04:14:00,46,70.5
837,219,70,159,2026-02-20 04:20:00,25,38.99
4516,284,1,171,2026-02-20 04:33:00,35,59.03
17847,433,202,36,2026-02-20 04:45:00,34,52.34
1491,160,185,176,2026-02-20 04:46:00,10,20.24
5591,104,201,205,2026-02-20 05:00:00,50,79.88
466,291,70,262,2026-02-20 05:04:00,51,79.7
2870,491,34,215,2026-02-20 05:05:00,17,29.46
19798,109,69,44,2026-02-20 05:13:00,20,33.19
19903,338,152,215,2026-02-20 05:28:00,44,69.44
1342,306,29,33,2026-02-20 05:30:00,14,23.95
13792,389,68,132,2026-02-20 05:38:00,47,74.93
14396,23,113,3,2026-02-20 05:39:00,55,84.76
15539,274,180,62,2026-02-20 05:44:00,11,22.77
932,200,204,141,2026-02-20 05:55:00,33,57.07
917,270,265,181,2026-02-20 05:56:00,44,69.03
6463,278,229,58,2026-02-20 06:34:00,29,48.55
17740,383,124,63,2026-02-20 06:35:00,46,70.49
17701,53,206,213,2026-02-20 06:35:00,36,59.86
11800,374,263,190,2026-02-20 06:42:00,40,64.41
1915,5,77,184,2026-02-20 06:42:00,15,23.93
6886,148,24,60,2026-02-20 06:49:00,17,27.53
7000,481,81,201,2026-02-20 06:57:00,34,58.01
16885,295,21,185,2026-02-20 07:11:00,36,59.77
19537,475,219,120,2026-02-20 07:15:00,22,39.33
90,415,18,1,2026-02-20 07:20:00,9,16.8
173,148,156,158,2026-02-20 07:30:00,56,81.54
19405,388,26,17,2026-02-20 07:32:00,43,68.46
4569,261,122,35,2026-02-20 07:38:00,59,94.96
5416,275,42,231,2026-02-20 07:44:00,48,72.32
11059,253,214,228,2026-02-20 07:47:00,56,86.9
1784,303,150,239,2026-02-20 07:48:00,59,91.24
9020,352,97,93,2026-02-20 07:56:00,42,66.23
415,191,12,39,2026-02-20 07:57:00,48,77.22
16750,137,13,155,2026-02-20 08:09:00,37,61.91
6945,12,254,247,2026-02-20 08:09:00,58,89.36
14475,204,8,69,2026-02-20 08:13:00,35,53.4
12037,48,204,58,2026-02-20 08:14:00,52,81.8
2132,8,165,240,2026-02-20 08:16:00,24,40.62
19192,107,175,91,2026-02-20 08:24:00,29,48.19
7850,95,145,72,2026-02-20 08:24:00,17,31.66
6339,21,51,12,2026-02-20 08:28:00,52,80.46
1211,287,263,79,2026-02-20 08:29:00,13,24.92
15595,131,190,84,2026-02-20 08:37:00,35,53.69
19838,67,129,264,2026-02-20 08:38:00,55,90.48
8659,475,210,253,2026-02-20 08:39:00,39,58.17
12986,490,117,8,2026-02-20 08:43:00,6,12.91
14192,119,221,91,2026-02-20 08:48:00,27,45.71
12285,59,91,114,2026-02-20 08:52:00,13,20.8
4726,149,90,138,2026-02-20 08:58:00,60,96.22
1662,362,19,111,2026-02-20 09:03:00,10,19.44
7330,473,11,163,2026-02-20 09:16:00,52,83.33
15900,443,158,71,2026-02-20 09:48:00,20,32.09
7872,200,93,16,2026-02-20 10:02:00,10,17.46
14919,110,92,60,2026-02-20 10:14:00,43,64.35
11143,484,50,141,2026-02-20 10:24:00,18,29.82
3398,389,120,205,2026-02-20 10:29:00,41,62.55
16460,301,200,179,2026-02-20 10:49:00,58,90.33
10551,137,87,49,2026-02-20 11:01:00,53,84.67
15868,384,187,227,2026-02-20 11:02:00,19,28.76
12334,403,146,100,2026-02-20 11:03:00,41,61.18
16703,377,264,96,2026-02-20 11:05:00,40,59.64
29,80,259,175,2026-02-20 11:08:00,34,55.67
12071,239,210,229,2026-02-20 11:10:00,28,45.86
4411,414,187,44,2026-02-20 11:11:00,37,59.56
15698,175,142,131,2026-02-20 11:23:00,59,93.35
14208,472,115,173,2026-02-20 11:34:00,6,10.11
6949,360,44,255,2026-02-20 11:34:00,9,16.44
5059,275,209,181,2026-02-20 11:38:00,29,45.78
1759,396,149,97,2026-02-20 11:39:00,44,65.61
8023,38,69,211,2026-02-20 11:44:00,26,43.24
4209,411,64,256,2026-02-20 11:44:00,10,17.05
16998,360,18,205,2026-02-20 11:46:00,41,64.31
3066,119,133,148,2026-02-20 11:47:00,32,51.28
15907,97,184,115,2026-02-20 11:51:00,21,36.67
19390,435,249,209,2026-02-20 11:51:00,16,26.11
13782,21,248,63,2026-02-20 11:52:00,28,41.67
5841,315,111,97,2026-02-20 11:56:00,35,53.58
10674,395,233,196,2026-02-20 11:59:00,44,69.12
11061,225,166,174,2026-02-20 12:00:00,37,55.87
1960,88,96,148,2026-02-20 12:01:00,32,51.38
14543,1,57,153,2026-02-20 12:17:00,51,85.31
14242,19,208,77,2026-02-20 12:26:00,56,89.67
9665,390,252,171,2026-02-20 12:39:00,51,79.94
18690,24,47,148,2026-02-20 12:39:00,43,70.94
10166,194,104,9,2026-02-20 12:39:00,34,52.82
17426,40,132,153,2026-02-20 12:41:00,31,49.59
13586,450,202,69,2026-02-20 12:42:00,29,44.19
6402,354,82,235,2026-02-20 12:57:00,36,56.51
19948,425,57,171,2026-02-20 12:57:00,9,16.14
12314,78,207,221,2026-02-20 13:10:00,34,56.9
16560,199,60,22,2026-02-20 13:31:00,6,10.99
17690,195,50,195,2026-02-20 13:44:00,43,68.46
287,321,152,38,2026-02-20 13:52:00,40,62.96
14556,278,13,256,2026-02-20 13:58:00,47,74.01
2455,8,167,176,2026-02-20 14:19:00,18,32.96
1199,58,128,9,2026-02-20 14:23:00,8,13.39
7808,10,134,133,2026-02-20 14:28:00,31,50.01
5535,464,94,51,2026-02-20 14:36:00,6,13.99
2486,346,191,76,2026-02-20 14:39:00,49,80.1
3188,94,90,15,2026-02-20 14:41:00,55,88.66
10275,82,27,69,2026-02-20 14:42:00,23,39.72
9921,242,192,133,2026-02-20 14:47:00,48,74.02
3461,390,93,107,2026-02-20 14:52:00,42,63.94
15088,265,163,186,2026-02-20 14:55:00,47,69.28
15898,369,263,59,2026-02-20 15:19:00,58,89.97
14319,330,11,140,2026-02-20 15:22:00,44,69.3
12463,387,22,222,2026-02-20 15:39:00,35,55.72
4951,124,93,198,2026-02-20 16:10:00,56,86.33
19208,186,15,85,2026-02-20 16:18:00,10,21.4
3464,159,24,23,2026-02-20 16:23:00,7,14.81
11763,186,193,173,2026-02-20 16:23:00,16,31.21
4371,156,193,89,2026-02-20 16:24:00,38,57.33
11899,404,71,204,2026-02-20 16:30:00,45,69.9
17777,166,197,190,2026-02-20 16:34:00,27,41.87
12353,472,124,173,2026-02-20 16:41:00,41,61.7
1770,448,253,130,2026-02-20 17:01:00,52,79.42
9322,451,229,13,2026-02-20 17:04:00,14,21.04
297,496,191,212,2026-02-20 17:08:00,32,50.02
16732,491,120,49,2026-02-20 17:11:00,9,14.09
14401,64,151,27,2026-02-20 17:17:00,17,30.04
6493,74,172,121,2026-02-20 17:21:00,45,71.97
10170,351,229,205,2026-02-20 17:24:00,35,56.28
9129,491,233,107,2026-02-20 17:26:00,26,38.63
10496,488,78,92,2026-02-20 17:45:00,8,19.28
1941,11,104,3,2026-02-20 17:55:00,47,0.0
4750,418,247,39,2026-02-20 17:59:00,9,16.59
16739,57,36,49,2026-02-20 18:00:00,36,58.96
5115,130,158,19,2026-02-20 18:01:00,42,71.66
19639,15,230,227,2026-02-20 18:09:00,10,13.81
13458,325,210,145,2026-02-20 18:11:00,35,54.88
18179,347,138,65,2026-02-20 18:18:00,15,24.94
19994,263,253,8,2026-02-20 18:29:00,29,46.74
8398,287,253,51,2026-02-20 19:15:00,58,89.35
16715,160,182,91,2026-02-20 19:15:00,12,24.06
6446,225,206,71,2026-02-20 19:16:00,46,72.13
16707,139,198,47,2026-02-20 19:21:00,31,51.78
19294,48,100,106,2026-02-20 19:31:00,51,83.12
18666,359,243,263,2026-02-20 19:42:00,45,68.71
1138,339,252,205,2026-02-20 19:48:00,34,50.8
4090,458,118,54,2026-02-20 19:48:00,33,50.8
15390,109,108,119,2026-02-20 19:53:00,12,23.26
5298,387,164,76,2026-02-20 19:58:00,5,9.72
13470,301,121,59,2026-02-20 19:59:00,59,89.34
19757,302,185,31,2026-02-20 20:04:00,7,14.3
11410,1,128,203,2026-02-20 20:08:00,48,73.65
3861,412,216,222,2026-02-20 20:24:00,47,75.58
14638,106,163,130,2026-02-20 20:25:00,16,23.3
233,233,161,96,2026-02-20 20:26:00,20,30.66
12018,225,191,101,2026-02-20 20:30:00,12,20.61
11535,426,170,131,2026-02-20 20:42:00,11,19.41
193,72,139,244,2026-02-20 21:10:00,15,24.16
10069,68,182,9,2026-02-20 21:15:00,37,55.5
8644,429,216,220,2026-02-20 21:18:00,19,31.45
16370,438,209,57,2026-02-20 21:21:00,22,37.92
3126,439,7,27,2026-02-20 21:23:00,5,11.15
2450,416,191,114,2026-02-20 21:28:00,38,58.89
4351,237,10,151,2026-02-20 21:29:00,24,38.61
7052,226,233,139,2026-02-20 21:51:00,33,51.57
17911,269,48,123,2026-02-20 21:58:00,54,83.89
9496,95,125,147,2026-02-20 21:59:00,16,20.93
5962,499,45,50,2026-02-20 22:11:00,29,45.06
15026,205,243,31,2026-02-20 22:18:00,56,88.62
9773,462,76,97,2026-02-20 22:21:00,7,15.88
10510,201,262,59,2026-02-20 22:32:00,60,96.91
13869,201,49,247,2026-02-20 22:35:00,38,58.03
12103,188,98,5,2026-02-20 22:41:00,13,19.23
5075,377,154,141,2026-02-20 22:41:00,35,56.23
15017,404,177,45,2026-02-20 22:44:00,53,84.93
15332,177,11,164,2026-02-20 22:47:00,5,10.86
12875,317,25,1,2026-02-20 22:54:00,48,75.91
19428,379,16,20,2026-02-20 22:57:00,37,58.4
12118,177,192,29,2026-02-20 23:05:00,27,41.82
1173,415,216,54,2026-02-20 23:11:00,44,68.95
15843,64,52,149,2026-02-20 23:13:00,14,23.24
6140,83,39,228,2026-02-20 23:27:00,43,66.7
7601,40,250,13,2026-02-20 23:29:00,41,64.48
1816,179,63,191,2026-02-20 23:29:00,41,63.65
17794,370,18,78,2026-02-20 23:31:00,16,29.03
17950,352,219,227,2026-02-20 23:32:00,16,27.08
14861,290,198,103,2026-02-20 23:48:00,37,59.01
15174,344,204,119,2026-02-20 23:52:00,10,19.04
13257,113,110,49,2026-02-20 23:53:00,11,0.0
5627,141,53,216,2026-02-20 23:54:00,53,81.92
15794,415,120,88,2026-02-21 00:10:00,56,86.77
19697,63,87,186,2026-02-21 00:12:00,41,65.22
7049,358,178,18,2026-02-21 00:16:00,55,81.68
5494,99,125,139,2026-02-21 00:19:00,16,28.85
5782,164,121,159,2026-02-21 00:26:00,58,91.97
18389,15,188,3,2026-02-21 00:36:00,46,70.13
6318,37,84,82,2026-02-21 00:43:00,59,93.17
190,93,226,139,2026-02-21 00:47:00,28,47.22
11412,252,181,169,2026-02-21 01:00:00,44,67.3
7037,312,36,66,2026-02-21 01:03:00,9,19.35
7074,288,71,110,2026-02-21 01:30:00,19,36.94
10847,175,34,106,2026-02-21 01:32:00,8,13.32
4085,316,168,165,2026-02-21 01:34:00,20,30.57
1945,24,207,147,2026-02-21 01:35:00,52,82.91
13268,226,124,237,2026-02-21 01:36:00,15,19.25
7790,189,229,258,2026-02-21 01:42:00,54,83.89
2860,33,132,45,2026-02-21 01:47:00,28,46.47
12391,414,69,261,2026-02-21 02:06:00,33,54.5
17612,384,99,16,2026-02-21 02:07:00,51,77.3
4126,447,119,90,2026-02-21 02:12:00,56,87.2
13866,134,40,98,2026-02-21 02:14:00,59,95.93
13535,171,126,22,2026-02-21 02:31:00,11,19.01
9033,209,113,87,2026-02-21 02:36:00,31,49.26
17306,156,123,185,2026-02-21 02:37:00,14,23.23
15642,320,261,148,2026-02-21 02:38:00,53,79.75
1049,195,76,220,2026-02-21 02:42:00,46,70.71
293,436,84,8,2026-02-21 02:46:00,48,75.88
17142,84,225,176,2026-02-21 02:58:00,23,36.72
12193,410,26,261,2026-02-21 03:12:00,32,52.14
5050,50,146,198,2026-02-21 03:55:00,53,82.82
19074,269,36,15,2026-02-21 03:59:00,26,44.73
16180,169,180,57,2026-02-21 04:03:00,42,66.77
12436,464,145,239,2026-02-21 04:13:00,28,44.82
2144,31,6,81,2026-02-21 04:18:00,44,70.27
14351,43,100,49,2026-02-21 04:22:00,32,49.5
3231,133,103,192,2026-02-21 04:38:00,58,88.87
11819,350,13,40,2026-02-21 04:41:00,30,47.78
8026,400,107,193,2026-02-21 04:43:00,50,81.56
8493,341,103,152,2026-02-21 04:44:00,6,11.12
66,32,217,108,2026-02-21 04:48:00,40,62.4
11590,262,217,145,2026-02-21 04:53:00,29,45.25
3036,272,80,6,2026-02-21 04:54:00,55,87.54
5777,57,4,260,2026-02-21 04:57:00,38,59.81
4066,11,228,56,2026-02-21 05:08:00,16,27.78
16561,47,229,153,2026-02-21 05:09:00,43,65.96
8828,260,108,72,2026-02-21 05:21:00,12,18.26
11516,221,106,96,2026-02-21 05:46:00,33,51.0
8722,152,260,111,2026-02-21 05:46:00,22,36.07
2781,415,233,203,2026-02-21 05:53:00,49,75.05
2231,46,245,99,2026-02-21 05:56:00,57,84.53
7426,287,88,197,2026-02-21 06:16:00,41,69.24
1001,52,94,34,2026-02-21 06:23:00,11,18.73
13411,230,193,59,2026-02-21 06:33:00,34,56.36
6671,265,240,3,2026-02-21 06:44:00,25,43.05
9413,320,124,148,2026-02-21 07:04:00,22,34.86
16736,460,265,143,2026-02-21 07:08:00,6,10.87
11208,359,10,109,2026-02-21 07:17:00,10,19.87
14360,499,261,150,2026-02-21 07:32:00,5,11.16
11377,429,83,22,2026-02-21 07:36:00,60,89.94
17934,61,223,79,2026-02-21 07:36:00,25,38.69
12912,492,1,174,2026-02-21 07:41:00,38,59.11
9538,336,70,143,2026-02-21 08:12:00,27,40.36
5382,79,247,202,2026-02-21 08:14:00,46,71.83
15523,261,255,33,2026-02-21 08:15:00,5,9.25
404,317,248,14,2026-02-21 08:19:00,11,21.82
13785,488,130,132,2026-02-21 08:52:00,29,48.06
6228,286,45,98,2026-02-21 08:58:00,50,76.37
18074,64,178,206,2026-02-21 09:06:00,10,18.38
15511,263,151,55,2026-02-21 09:07:00,7,15.37
17992,70,102,11,2026-02-21 09:22:00,26,43.7
671,474,38,195,2026-02-21 09:27:00,37,60.21
5548,450,144,158,2026-02-21 09:27:00,40,61.2
9039,437,12,149,2026-02-21 09:31:00,53,82.93
16593,49,132,80,2026-02-21 09:32:00,29,49.68
9178,357,42,5,2026-02-21 09:32:00,38,59.88
12930,191,10,261,2026-02-21 09:57:00,34,54.2
1685,159,48,103,2026-02-21 10:00:00,59,94.03
11481,47,201,221,2026-02-21 10:05:00,25,38.81
9194,496,52,214,2026-02-21 10:09:00,17,28.61
5927,195,177,33,2026-02-21 10:09:00,55,82.21
13258,66,150,94,2026-02-21 10:13:00,20,31.67
1935,353,93,8,2026-02-21 10:20:00,56,87.77
12951,243,105,93,2026-02-21 10:21:00,56,85.31
14068,420,91,3,2026-02-21 10:24:00,45,70.75
15743,432,105,194,2026-02-21 10:32:00,52,79.88
1655,123,71,189,2026-02-21 10:35:00,40,61.29
10212,159,68,191,2026-02-21 10:52:00,42,66.47
15697,192,173,201,2026-02-21 11:04:00,45,65.29
16661,157,173,97,2026-02-21 11:07:00,7,13.46
11058,92,180,134,2026-02-21 11:15:00,12,22.23
3681,362,124,196,2026-02-21 11:18:00,26,43.65
14296,48,182,30,2026-02-21 11:37:00,22,32.34
11872,47,141,165,2026-02-21 11:39:00,42,64.84
18902,316,38,229,2026-02-21 11:41:00,21,35.98
3810,176,256,206,2026-02-21 11:43:00,27,42.1
5008,185,72,178,2026-02-21 11:46:00,40,60.17
8947,465,89,107,2026-02-21 11:50:00,60,91.68
16148,282,140,181,2026-02-21 12:15:00,15,27.97
9095,96,102,238,2026-02-21 12:30:00,60,92.24
1128,359,53,240,2026-02-21 12:36:00,41,66.08
10492,318,220,221,2026-02-21 12:37:00,17,26.04
15785,8,90,190,2026-02-21 12:41:00,7,12.93
4938,444,7,77,2026-02-21 12:42:00,29,46.65
5574,11,74,213,2026-02-21 12:43:00,50,76.37
5313,21,233,10,2026-02-21 12:46:00,36,55.04
4040,430,80,119,2026-02-21 12:49:00,15,26.94
18980,312,179,225,2026-02-21 12:54:00,22,36.48
3132,417,59,30,2026-02-21 12:59:00,50,83.98
16756,243,4,194,2026-02-21 13:04:00,5,10.64
1863,278,254,68,2026-02-21 13:12:00,42,69.03
19935,282,152,157,2026-02-21 13:13:00,45,68.93
16515,316,193,57,2026-02-21 13:16:00,21,35.33
12870,57,258,56,2026-02-21 13:23:00,60,89.73
7103,398,199,76,2026-02-21 13:24:00,27,45.5
832,333,52,120,2026-02-21 13:25:00,34,52.69
18226,208,20,224,2026-02-21 13:30:00,26,39.83
7926,471,141,222,2026-02-21 13:31:00,39,65.57
9549,199,49,154,2026-02-21 13:33:00,35,54.12
5669,274,240,251,2026-02-21 13:39:00,26,40.23
13789,63,117,89,2026-02-21 13:47:00,23,35.47
19028,403,154,130,2026-02-21 13:55:00,53,80.33
8417,349,243,91,2026-02-21 13:56:00,43,67.43
12643,26,169,53,2026-02-21 14:09:00,14,26.29
14220,27,79,164,2026-02-21 14:12:00,19,33.09
15578,278,110,97,2026-02-21 14:17:00,31,46.69
1204,262,45,33,2026-02-21 14:30:00,60,93.55
17071,102,128,161,2026-02-21 14:44:00,6,12.8
12294,114,124,110,2026-02-21 14:48:00,41,64.37
3025,225,106,17,2026-02-21 14:52:00,19,29.8
7962,84,176,55,2026-02-21 14:58:00,51,78.92
18985,16,20,234,2026-02-21 15:01:00,42,64.94
5125,277,52,53,2026-02-21 15:30:00,13,24.5
1435,405,186,11,2026-02-21 15:57:00,43,67.3
12507,226,22,254,2026-02-21 16:12:00,9,16.95
696,373,106,246,2026-02-21 16:14:00,41,67.98
11225,317,59,131,2026-02-21 16:16:00,50,79.14
10273,62,98,54,2026-02-21 16:16:00,20,31.02
3606,186,42,23,2026-02-21 16:18:00,48,78.13
6698,69,173,228,2026-02-21 16:22:00,13,20.63
18197,126,35,246,2026-02-21 16:27:00,36,53.27
3836,347,1,190,2026-02-21 16:31:00,47,74.07
11552,200,121,27,2026-02-21 16:34:00,38,60.57
8998,16,104,58,2026-02-21 16:35:00,53,83.71
14695,386,228,78,2026-02-21 16:35:00,7,16.29
17092,65,204,69,2026-02-21 16:37:00,13,18.22
18339,463,222,226,2026-02-21 16:45:00,45,66.96
3460,138,25,158,2026-02-21 16:46:00,10,14.88
13342,397,90,70,2026-02-21 17:04:00,48,74.91
4926,325,92,172,2026-02-21 17:04:00,8,13.35
4037,69,79,138,2026-02-21 17:09:00,46,71.14
16768,447,194,189,2026-02-21 17:09:00,57,88.52
14376,381,189,10,2026-02-21 17:11:00,31,48.31
11451,428,212,171,2026-02-21 17:13:00,15,26.04
15040,299,121,136,2026-02-21 17:15:00,20,34.32
4763,85,181,100,2026-02-21 17:33:00,23,39.8
1713,294,69,54,2026-02-21 17:36:00,57,86.98
19902,384,49,202,2026-02-21 17:43:00,59,91.97
14368,32,72,231,2026-02-21 17:59:00,38,60.46
17725,327,124,76,2026-02-21 18:00:00,54,84.58
1900,111,112,233,2026-02-21 18:01:00,44,71.77
7773,139,17,33,2026-02-21 18:20:00,41,64.74
11284,129,136,106,2026-02-21 18:25:00,52,78.34
19163,114,257,193,2026-02-21 18:38:00,37,57.75
18558,194,30,202,2026-02-21 18:40:00,52,81.49
16665,323,224,53,2026-02-21 18:44:00,32,52.12
809,346,209,41,2026-02-21 18:54:00,59,91.17
3950,230,41,134,2026-02-21 18:58:00,27,42.7
1732,201,110,236,2026-02-21 18:59:00,58,90.74
14176,133,50,258,2026-02-21 19:06:00,47,72.11
5806,411,244,149,2026-02-21 19:24:00,29,44.88
5372,1,162,7,2026-02-21 19:30:00,9,17.25
9007,253,32,199,2026-02-21 19:48:00,42,64.15
1155,295,263,70,2026-02-21 19:54:00,48,74.81
18292,180,38,254,2026-02-21 19:56:00,48,74.04
17185,257,162,3,2026-02-21 19:58:00,54,87.83
17810,70,210,144,2026-02-21 20:15:00,27,43.83
11657,240,21,201,2026-02-21 20:27:00,32,52.64
5137,15,202,7,2026-02-21 20:29:00,23,36.13
2989,444,76,249,2026-02-21 20:35:00,41,61.49
728,122,93,186,2026-02-21 20:40:00,34,53.75
554,264,190,25,2026-02-21 20:41:00,9,12.34
4821,385,223,155,2026-02-21 20:45:00,39,59.61
432,141,120,60,2026-02-21 20:59:00,52,76.14
643,353,149,127,2026-02-21 21:01:00,8,12.82
7657,170,70,140,2026-02-21 21:18:00,24,38.75
4948,191,224,116,2026-02-21 21:33:00,46,75.96
13512,9,167,67,2026-02-21 21:34:00,10,18.82
10461,37,124,63,2026-02-21 21:35:00,33,52.01
12979,30,93,125,2026-02-21 21:48:00,44,69.0
19160,240,212,80,2026-02-21 21:54:00,24,39.54
5586,219,83,258,2026-02-21 21:57:00,42,67.46
6001,246,216,28,2026-02-21 22:08:00,10,20.68
1443,125,88,154,2026-02-21 22:21:00,17,28.8
18343,450,244,186,2026-02-21 22:21:00,22,36.03
14585,491,29,52,2026-02-21 22:22:00,38,59.15
1092,429,118,137,2026-02-21 22:27:00,56,86.97
9631,358,18,140,2026-02-21 22:36:00,22,37.19
4930,471,5,192,2026-02-21 22:38:00,47,75.05
17007,293,102,223,2026-02-21 22:50:00,48,76.04
11364,211,79,69,2026-02-21 23:06:00,57,90.1
5436,443,213,220,2026-02-21 23:10:00,51,80.2
18977,320,189,150,2026-02-21 23:14:00,15,25.4
19037,165,93,116,2026-02-21 23:16:00,15,28.77
15093,115,171,197,2026-02-21 23:18:00,54,82.98
635,403,220,197,2026-02-21 23:21:00,19,31.33
3404,248,193,238,2026-02-21 23:21:00,6,10.98
7024,359,106,237,2026-02-21 23:24:00,35,57.7
18087,255,26,46,2026-02-21 23:36:00,11,16.63
14636,48,27,7,2026-02-21 23:40:00,9,17.28
18753,12,130,115,2026-02-21 23:53:00,49,77.56
1922,335,261,150,2026-02-22 00:09:00,43,67.33
4262,452,176,121,2026-02-22 00:17:00,7,18.56
11455,48,162,91,2026-02-22 00:18:00,19,34.46
6967,378,57,153,2026-02-22 00:19:00,30,49.14
7577,378,79,69,2026-02-22 00:27:00,28,44.73
19790,81,15,67,2026-02-22 00:28:00,12,20.94
14012,217,152,264,2026-02-22 00:39:00,32,50.32
9807,473,184,137,2026-02-22 00:40:00,20,36.33
17367,185,7,200,2026-02-22 00:41:00,13,21.98
2079,101,231,216,2026-02-22 00:42:00,30,44.95
5221,343,190,80,2026-02-22 01:23:00,45,67.22
492,337,11,21,2026-02-22 01:29:00,9,16.5
9081,280,71,90,2026-02-22 01:32:00,16,28.74
17826,360,34,159,2026-02-22 01:37:00,27,40.9
569,403,186,57,2026-02-22 01:39:00,53,79.95
18150,328,190,141,2026-02-22 01:44:00,41,63.68
5009,268,152,88,2026-02-22 01:47:00,49,77.53
18230,196,147,19,2026-02-22 01:52:00,12,21.47
13959,320,90,192,2026-02-22 02:00:00,21,35.05
19991,496,143,72,2026-02-22 02:03:00,20,33.2
19016,289,37,265,2026-02-22 02:08:00,21,35.29
210,288,239,220,2026-02-22 02:14:00,19,34.76
11097,165,260,216,2026-02-22 02:17:00,46,71.13
7643,157,12,205,2026-02-22 02:33:00,38,57.64
17499,48,28,141,2026-02-22 02:34:00,51,79.79
15135,225,87,137,2026-02-22 02:42:00,59,89.46
4870,237,43,237,2026-02-22 02:55:00,8,16.36
10096,126,208,114,2026-02-22 03:04:00,60,89.64
7254,214,118,229,2026-02-22 03:09:00,22,36.53
8348,99,175,64,2026-02-22 03:28:00,40,62.19
905,28,194,194,2026-02-22 03:30:00,41,65.09
14022,15,122,256,2026-02-22 03:33:00,34,49.22
10151,41,152,196,2026-02-22 03:39:00,8,17.42
1279,191,86,178,2026-02-22 03:39:00,34,54.93
12016,104,163,15,2026-02-22 03:43:00,40,63.41
10037,140,116,40,2026-02-22 03:47:00,20,30.48
14009,141,134,21,2026-02-22 03:48:00,34,52.06
4743,330,118,250,2026-02-22 03:52:00,30,48.13
6577,492,177,133,2026-02-22 04:02:00,44,72.74
4615,252,255,257,2026-02-22 04:03:00,18,32.4
14448,253,83,59,2026-02-22 04:23:00,28,45.78
1733,268,229,159,2026-02-22 04:27:00,37,56.2
7802,428,180,161,2026-02-22 04:36:00,7,13.26
2772,260,133,15,2026-02-22 04:38:00,15,22.23
7334,323,202,185,2026-02-22 04:40:00,33,50.07
4636,259,184,96,2026-02-22 04:43:00,10,16.03
8974,404,78,43,2026-02-22 05:00:00,24,39.1
17874,386,253,124,2026-02-22 05:25:00,44,67.14
19416,15,57,33,2026-02-22 05:28:00,51,80.07
12606,107,60,2,2026-02-22 05:29:00,23,39.08
205,116,148,82,2026-02-22 05:31:00,9,17.95
14126,330,129,238,2026-02-22 05:38:00,47,74.49
187,122,80,97,2026-02-22 05:47:00,33,55.18
11690,37,210,204,2026-02-22 05:53:00,49,79.91
14504,340,138,48,2026-02-22 05:53:00,18,31.34
798,7,258,123,2026-02-22 05:59:00,21,35.64
6326,417,258,129,2026-02-22 06:03:00,40,63.29
16887,20,17,203,2026-02-22 06:10:00,38,57.91
7754,10,112,117,2026-02-22 06:40:00,34,53.8
17505,132,196,132,2026-02-22 07:03:00,54,81.63
1266,445,28,8,2026-02-22 07:04:00,33,48.97
18880,151,47,137,2026-02-22 07:04:00,54,86.77
17283,313,35,88,2026-02-22 07:08:00,41,65.92
15188,312,176,159,2026-02-22 07:13:00,36,56.15
2927,193,21,103,2026-02-22 07:22:00,57,88.28
15378,344,86,207,2026-02-22 07:34:00,15,24.97
9319,330,123,129,2026-02-22 07:39:00,5,11.39
16465,328,222,149,2026-02-22 07:50:00,15,24.53
10703,111,114,253,2026-02-22 07:51:00,30,49.74
11628,293,211,141,2026-02-22 08:12:00,38,60.94
15974,124,234,256,2026-02-22 08:22:00,7,13.69
12565,151,247,201,2026-02-22 08:25:00,37,59.67
10589,185,61,152,2026-02-22 08:30:00,51,80.16
9280,356,65,48,2026-02-22 08:32:00,34,51.54
11838,70,45,101,2026-02-22 08:46:00,30,48.04
11619,19,121,237,2026-02-22 08:49:00,39,65.11
2315,379,102,117,2026-02-22 08:53:00,49,77.85
16958,466,160,75,2026-02-22 08:54:00,40,63.32
4463,267,102,165,2026-02-22 08:55:00,17,29.44
18036,189,54,208,2026-02-22 09:10:00,28,46.25
11649,63,80,167,2026-02-22 09:30:00,19,31.76
11031,230,248,7,2026-02-22 09:38:00,60,91.92
13397,366,251,156,2026-02-22 09:45:00,53,78.32
7853,411,61,185,2026-02-22 09:47:00,56,88.73
18410,128,17,54,2026-02-22 10:26:00,27,47.43
11141,461,123,190,2026-02-22 10:26:00,21,35.0
1829,360,73,134,2026-02-22 10:48:00,60,92.12
1410,53,128,252,2026-02-22 10:54:00,19,31.8
11122,79,51,141,2026-02-22 10:55:00,46,68.25
1795,237,259,103,2026-02-22 10:58:00,44,69.74
9397,432,225,203,2026-02-22 11:05:00,56,90.24
3331,431,150,87,2026-02-22 11:13:00,37,56.84
13141,348,193,179,2026-02-22 11:21:00,38,59.77
6252,414,45,230,2026-02-22 11:22:00,42,66.86
12392,365,232,207,2026-02-22 11:22:00,10,16.26
13443,235,239,169,2026-02-22 11:24:00,18,31.31
16713,114,247,156,2026-02-22 11:26:00,54,85.26
3513,238,111,29,2026-02-22 11:40:00,32,53.91
12028,225,12,143,2026-02-22 11:41:00,37,58.76
39,14,7,20,2026-02-22 11:44:00,18,30.25
18624,89,43,59,2026-02-22 12:00:00,49,72.41
19616,489,249,144,2026-02-22 12:04:00,34,56.52
15147,22,233,209,2026-02-22 12:04:00,36,56.67
14865,82,257,179,2026-02-22 12:11:00,50,76.97
9088,48,263,192,2026-02-22 12:12:00,25,42.76
8522,39,21,110,2026-02-22 12:13:00,30,48.36
6801,61,176,93,2026-02-22 12:15:00,42,63.8
16673,500,106,232,2026-02-22 12:24:00,37,61.8
13376,27,98,204,2026-02-22 12:27:00,48,74.64
16504,206,216,61,2026-02-22 12:38:00,19,34.7
15762,427,29,100,2026-02-22 12:40:00,33,51.69
770,285,247,154,2026-02-22 12:45:00,42,65.16
6403,274,51,60,2026-02-22 12:52:00,36,57.41
3959,88,44,176,2026-02-22 12:59:00,58,87.0
15967,48,29,150,2026-02-22 13:01:00,34,59.66
3782,342,44,13,2026-02-22 13:04:00,38,59.86
4842,189,178,239,2026-02-22 13:35:00,23,38.13
16274,244,18,199,2026-02-22 13:38:00,49,75.85
10351,165,134,103,2026-02-22 13:50:00,59,87.61
5519,345,42,147,2026-02-22 13:54:00,59,88.89
13554,422,176,259,2026-02-22 13:55:00,39,61.33
1514,148,91,14,2026-02-22 13:59:00,42,66.21
3968,266,9,34,2026-02-22 14:05:00,55,84.66
14644,149,174,120,2026-02-22 14:06:00,35,51.82
14812,38,68,38,2026-02-22 14:18:00,41,64.05
1444,484,6,241,2026-02-22 14:23:00,5,12.51
17325,106,258,245,2026-02-22 14:36:00,47,71.1
2295,197,15,96,2026-02-22 14:47:00,48,73.52
765,470,11,250,2026-02-22 14:57:00,43,72.31
11704,276,49,210,2026-02-22 15:01:00,21,33.16
12407,305,58,16,2026-02-22 15:03:00,21,35.16
7517,240,39,153,2026-02-22 15:10:00,8,14.22
5759,456,142,187,2026-02-22 15:12:00,50,77.88
14952,423,4,100,2026-02-22 15:15:00,8,15.42
19214,105,117,109,2026-02-22 15:16:00,20,30.1
17840,223,81,263,2026-02-22 15:31:00,57,93.2
12790,304,168,251,2026-02-22 15:49:00,14,23.26
2909,153,255,144,2026-02-22 15:50:00,36,56.03
1918,431,243,104,2026-02-22 15:50:00,17,27.43
8619,436,12,13,2026-02-22 15:51:00,54,82.25
3498,436,56,224,2026-02-22 15:57:00,49,72.5
16258,4,131,36,2026-02-22 16:01:00,56,86.61
15986,167,132,143,2026-02-22 16:02:00,32,52.17
16839,338,122,255,2026-02-22 16:03:00,8,14.52
15315,2,120,47,2026-02-22 16:21:00,45,69.27
5981,445,212,234,2026-02-22 16:25:00,19,34.43
9976,271,85,16,2026-02-22 16:27:00,45,68.85
2300,315,35,234,2026-02-22 16:29:00,29,45.47
16265,342,164,100,2026-02-22 16:34:00,23,38.07
9717,228,110,88,2026-02-22 16:37:00,29,48.51
6055,69,94,175,2026-02-22 16:37:00,7,13.24
10075,163,34,262,2026-02-22 16:43:00,10,17.3
15930,439,164,140,2026-02-22 16:44:00,27,43.17
10851,123,205,104,2026-02-22 16:47:00,49,76.78
2789,481,133,188,2026-02-22 16:51:00,16,25.43
4974,276,162,16,2026-02-22 17:10:00,58,91.14
7087,477,192,181,2026-02-22 17:15:00,20,31.72
15591,90,43,217,2026-02-22 17:21:00,42,66.71
14082,91,130,247,2026-02-22 17:23:00,6,6.53
1034,77,81,249,2026-02-22 17:30:00,52,82.36
18747,123,239,160,2026-02-22 17:38:00,16,28.61
3131,74,23,111,2026-02-22 17:44:00,20,32.97
11281,1,222,3,2026-02-22 17:50:00,6,14.53
7226,329,69,106,2026-02-22 18:01:00,27,40.22
11852,120,11,82,2026-02-22 18:02:00,13,19.05
8475,456,254,46,2026-02-22 18:06:00,15,23.29
7032,401,204,105,2026-02-22 18:08:00,43,68.2
16657,436,169,46,2026-02-22 18:25:00,14,22.18
4901,379,187,80,2026-02-22 18:32:00,51,79.05
19677,410,17,135,2026-02-22 18:40:00,58,88.17
14302,14,105,219,2026-02-22 18:41:00,32,49.39
570,492,64,10,2026-02-22 18:49:00,25,40.21
19472,479,231,135,2026-02-22 18:55:00,29,47.93
19235,85,138,229,2026-02-22 18:57:00,19,34.78
19715,167,224,31,2026-02-22 19:03:00,24,40.14
2068,73,203,105,2026-02-22 19:08:00,9,14.87
3109,132,12,246,2026-02-22 19:11:00,41,65.35
15195,373,21,236,2026-02-22 19:18:00,34,54.61
18388,139,19,100,2026-02-22 19:21:00,27,40.3
18725,21,264,103,2026-02-22 19:30:00,35,54.08
3790,368,29,162,2026-02-22 19:38:00,19,31.82
12673,63,133,150,2026-02-22 19:49:00,54,83.6
11477,292,201,95,2026-02-22 19:51:00,47,71.55
9142,391,237,65,2026-02-22 19:56:00,58,89.84
8935,104,133,105,2026-02-22 19:58:00,40,61.56
10098,319,57,52,2026-02-22 20:26:00,29,49.51
4702,68,27,11,2026-02-22 20:29:00,24,39.48
9222,471,159,26,2026-02-22 20:34:00,34,53.23
16334,234,154,155,2026-02-22 20:35:00,41,62.78
7462,474,94,198,2026-02-22 20:57:00,32,46.5
6445,316,67,178,2026-02-22 21:08:00,48,73.45
16962,160,182,92,2026-02-22 21:16:00,27,41.02
6300,102,142,176,2026-02-22 21:19:00,53,83.96
14257,73,38,114,2026-02-22 21:26:00,44,70.92
7751,234,56,169,2026-02-22 21:27:00,59,90.07
1533,330,26,100,2026-02-22 21:29:00,51,79.55
16432,204,104,222,2026-02-22 21:42:00,43,65.2
3708,122,176,196,2026-02-22 21:45:00,52,83.04
16902,299,113,190,2026-02-22 21:48:00,34,55.25
10920,410,198,82,2026-02-22 21:53:00,52,83.27
9188,189,34,166,2026-02-22 21:54:00,47,71.09
18895,450,219,26,2026-02-22 21:56:00,52,80.57
15513,370,90,90,2026-02-22 21:56:00,43,66.08
15207,465,53,192,2026-02-22 22:01:00,30,48.49
19197,261,58,89,2026-02-22 22:13:00,25,43.94
2527,211,166,76,2026-02-22 22:15:00,47,74.27
7128,70,22,57,2026-02-22 22:37:00,36,58.2
3523,483,116,96,2026-02-22 22:48:00,24,36.98
13493,133,172,110,2026-02-22 23:02:00,8,14.04
9670,366,246,167,2026-02-22 23:07:00,41,61.57
9968,92,84,127,2026-02-22 23:09:00,15,25.65
3946,415,104,82,2026-02-22 23:15:00,21,35.35
12761,222,256,33,2026-02-22 23:15:00,13,21.75
1434,67,138,121,2026-02-22 23:23:00,28,44.11
16913,29,80,159,2026-02-22 23:23:00,18,31.19
7513,336,56,70,2026-02-22 23:39:00,55,85.94
9029,72,247,107,2026-02-22 23:54:00,28,46.61
6914,109,153,96,2026-02-22 23:55:00,31,50.91
3406,361,39,73,2026-02-23 00:03:00,9,20.01
8111,302,75,168,2026-02-23 00:08:00,49,74.43
15828,323,62,98,2026-02-23 00:14:00,31,51.17
16251,351,154,187,2026-02-23 00:24:00,10,19.51
7030,387,128,204,2026-02-23 00:38:00,57,87.19
8373,241,194,34,2026-02-23 00:59:00,11,16.22
2195,391,206,174,2026-02-23 01:06:00,30,49.15
13583,437,176,234,2026-02-23 01:11:00,24,36.42
8385,273,116,1,2026-02-23 01:12:00,17,30.22
4415,381,8,232,2026-02-23 01:13:00,52,80.37
13299,273,256,37,2026-02-23 01:16:00,8,17.38
178,51,144,142,2026-02-23 01:17:00,18,32.05
16087,249,264,200,2026-02-23 01:20:00,22,38.27
3253,350,159,228,2026-02-23 01:22:00,17,26.34
3958,294,53,114,2026-02-23 01:32:00,18,32.08
13587,339,132,179,2026-02-23 01:38:00,49,75.49
15783,481,187,72,2026-02-23 01:45:00,58,89.19
6979,205,240,60,2026-02-23 01:59:00,37,59.67
4532,323,196,29,2026-02-23 02:04:00,5,9.54
19944,243,75,117,2026-02-23 02:04:00,40,63.79
19558,392,96,205,2026-02-23 02:15:00,23,37.51
13832,379,132,263,2026-02-23 02:18:00,59,92.51
18481,201,232,263,2026-02-23 02:22:00,7,15.54
2221,36,62,66,2026-02-23 02:26:00,36,55.41
608,490,116,170,2026-02-23 02:29:00,12,19.48
5569,389,119,224,2026-02-23 02:48:00,14,24.43
6368,223,32,171,2026-02-23 02:51:00,33,52.76
7071,123,16,67,2026-02-23 02:58:00,45,69.16
11363,162,8,62,2026-02-23 03:00:00,37,58.13
4012,197,137,41,2026-02-23 03:10:00,47,72.72
5111,63,22,216,2026-02-23 03:24:00,22,37.96
18909,250,124,22,2026-02-23 03:28:00,12,22.98
16645,479,58,183,2026-02-23 03:32:00,26,40.7
8459,233,81,19,2026-02-23 03:44:00,14,23.78
4354,221,236,181,2026-02-23 03:47:00,23,35.17
7965,379,95,139,2026-02-23 03:50:00,6,13.32
11384,279,84,144,2026-02-23 03:52:00,56,90.49
8907,484,245,134,2026-02-23 03:54:00,8,13.64
19878,4,7,132,2026-02-23 03:54:00,19,32.21
736,430,254,160,2026-02-23 03:55:00,55,84.69
13431,328,72,24,2026-02-23 04:02:00,8,11.51
17123,273,14,240,2026-02-23 04:12:00,57,89.15
1163,447,157,58,2026-02-23 04:15:00,21,30.71
6742,160,130,68,2026-02-23 04:23:00,33,54.08
18256,243,83,54,2026-02-23 04:26:00,10,17.67
18325,83,130,218,2026-02-23 04:36:00,9,18.0
3430,4,76,41,2026-02-23 04:54:00,20,35.16
19017,465,156,200,2026-02-23 04:54:00,58,90.64
4145,462,201,216,2026-02-23 04:57:00,47,75.21
2147,259,118,186,2026-02-23 05:21:00,37,61.25
7630,23,175,236,2026-02-23 05:28:00,38,63.58
18882,324,153,67,2026-02-23 05:30:00,53,82.94
17557,139,236,39,2026-02-23 05:32:00,38,61.41
3894,258,12,212,2026-02-23 05:33:00,14,27.77
15960,74,187,41,2026-02-23 05:35:00,17,28.07
8244,323,243,245,2026-02-23 05:36:00,20,32.26
17321,150,21,123,2026-02-23 05:41:00,22,38.71
12044,38,46,70,2026-02-23 05:52:00,48,75.62
19896,131,3,153,2026-02-23 05:53:00,14,21.98
16381,103,168,176,2026-02-23 06:17:00,35,54.29
10880,164,102,193,2026-02-23 06:19:00,53,83.53
10281,307,134,250,2026-02-23 06:24:00,55,83.39
15948,377,131,212,2026-02-23 06:36:00,18,29.47
444,179,134,97,2026-02-23 06:40:00,18,31.63
14501,238,114,166,2026-02-23 06:44:00,53,80.78
6328,394,42,101,2026-02-23 06:50:00,10,20.74
12230,311,76,3,2026-02-23 06:52:00,32,49.46
7604,283,48,228,2026-02-23 07:01:00,47,73.62
12083,219,243,236,2026-02-23 07:02:00,30,49.26
11734,103,195,45,2026-02-23 07:05:00,23,39.04
18765,113,82,189,2026-02-23 07:08:00,58,86.93
16340,364,146,175,2026-02-23 07:09:00,29,44.03
1487,328,204,165,2026-02-23 07:19:00,47,73.09
19907,242,165,118,2026-02-23 07:36:00,21,34.73
8579,412,223,189,2026-02-23 07:36:00,58,88.9
9259,259,120,99,2026-02-23 07:39:00,8,16.32
14144,494,228,231,2026-02-23 07:42:00,50,74.66
5732,179,179,146,2026-02-23 07:43:00,28,44.2
6763,487,208,83,2026-02-23 07:43:00,21,29.1
1516,102,189,236,2026-02-23 08:06:00,31,50.24
11403,237,250,194,2026-02-23 08:14:00,8,13.28
3061,286,131,253,2026-02-23 08:26:00,60,90.66
5121,290,93,198,2026-02-23 08:28:00,54,85.54
10387,463,205,252,2026-02-23 08:37:00,51,82.08
6050,68,8,248,2026-02-23 08:43:00,18,30.71
9560,381,71,24,2026-02-23 08:49:00,38,61.43
8730,306,135,258,2026-02-23 08:51:00,38,58.9
14030,324,200,190,2026-02-23 08:53:00,56,82.78
375,482,93,139,2026-02-23 08:57:00,45,73.13
3567,181,235,257,2026-02-23 09:04:00,51,81.02
9635,496,145,159,2026-02-23 09:34:00,34,56.51
12900,251,20,63,2026-02-23 09:41:00,13,21.25
17233,492,190,211,2026-02-23 09:46:00,53,81.05
12868,84,71,192,2026-02-23 09:49:00,13,23.63
9483,175,122,159,2026-02-23 09:50:00,41,62.72
6618,460,239,219,2026-02-23 09:58:00,27,43.77
13819,19,30,188,2026-02-23 10:09:00,12,20.72
3920,314,219,88,2026-02-23 10:11:00,45,71.43
9422,117,197,47,2026-02-23 10:13:00,21,32.34
19718,368,211,160,2026-02-23 10:13:00,5,8.48
15317,99,7,45,2026-02-23 10:20:00,9,15.07
10729,58,76,261,2026-02-23 10:20:00,15,20.58
3138,398,8,129,2026-02-23 10:27:00,55,84.14
9466,431,68,181,2026-02-23 10:29:00,24,38.75
7488,273,111,99,2026-02-23 10:44:00,5,12.15
14622,365,135,50,2026-02-23 10:47:00,39,61.74
1826,204,33,132,2026-02-23 10:57:00,7,14.99
19147,453,77,52,2026-02-23 10:58:00,6,11.09
12115,230,247,23,2026-02-23 11:10:00,11,19.28
15427,212,81,230,2026-02-23 11:22:00,60,91.15
9520,370,135,90,2026-02-23 11:22:00,21,34.14
2310,192,17,169,2026-02-23 11:30:00,15,26.06
12077,94,247,103,2026-02-23 11:59:00,52,79.64
6583,163,52,184,2026-02-23 12:02:00,55,86.63
14264,286,115,66,2026-02-23 12:16:00,27,44.96
9644,346,97,53,2026-02-23 12:20:00,15,26.17
18810,194,197,23,2026-02-23 12:25:00,22,36.83
8546,391,24,51,2026-02-23 12:37:00,18,29.66
8444,206,220,243,2026-02-23 12:39:00,22,38.06
5689,45,260,216,2026-02-23 12:42:00,44,68.54
2438,432,13,118,2026-02-23 12:48:00,52,81.02
9880,391,86,264,2026-02-23 13:05:00,38,59.32
17151,147,131,256,2026-02-23 13:06:00,52,84.04
14641,104,24,253,2026-02-23 13:07:00,37,59.31
7007,191,264,123,2026-02-23 13:08:00,33,50.1
16421,60,172,124,2026-02-23 13:08:00,59,88.72
9128,368,42,168,2026-02-23 13:09:00,13,22.19
7899,432,161,55,2026-02-23 13:10:00,8,16.58
18166,350,149,163,2026-02-23 13:12:00,53,85.1
846,232,213,94,2026-02-23 13:15:00,24,43.03
6953,8,207,24,2026-02-23 13:16:00,55,81.26
12504,117,218,155,2026-02-23 13:19:00,20,33.51
4911,393,246,55,2026-02-23 13:23:00,49,76.97
6559,474,184,17,2026-02-23 13:25:00,50,76.27
4843,126,253,167,2026-02-23 13:40:00,48,73.89
14321,70,8,204,2026-02-23 13:45:00,23,38.46
2529,396,112,123,2026-02-23 13:52:00,15,24.23
3345,304,66,187,2026-02-23 13:55:00,6,9.73
19627,197,175,247,2026-02-23 14:04:00,27,45.01
10068,314,236,197,2026-02-23 14:16:00,55,87.89
5490,159,25,89,2026-02-23 14:35:00,9,16.34
5864,456,244,13,2026-02-23 14:43:00,26,43.44
3524,126,39,232,2026-02-23 14:46:00,5,12.88
10584,489,21,180,2026-02-23 14:50:00,27,44.56
9930,436,140,60,2026-02-23 15:00:00,46,71.12
861,46,158,193,2026-02-23 15:02:00,25,36.57
6189,191,10,5,2026-02-23 15:11:00,19,32.48
3515,66,101,12,2026-02-23 15:21:00,9,17.0
17115,150,196,18,2026-02-23 15:35:00,21,33.47
14332,142,70,230,2026-02-23 15:37:00,16,26.75
3500,400,84,165,2026-02-23 15:42:00,9,12.94
15003,381,15,25,2026-02-23 15:48:00,53,86.4
705,397,93,69,2026-02-23 15:48:00,40,65.49
18279,423,40,93,2026-02-23 15:55:00,45,69.4
4924,89,143,187,2026-02-23 15:57:00,27,45.72
4258,242,126,118,2026-02-23 16:06:00,42,65.17
2469,244,251,262,2026-02-23 16:08:00,30,52.37
18101,488,214,111,2026-02-23 16:15:00,24,39.26
17385,36,1,84,2026-02-23 16:30:00,38,57.89
9978,418,26,253,2026-02-23 16:30:00,37,56.45
12196,381,214,252,2026-02-23 16:43:00,57,90.05
7892,470,190,77,2026-02-23 16:44:00,24,38.72
164,130,214,13,2026-02-23 16:56:00,40,62.57
15395,16,50,244,2026-02-23 16:57:00,60,92.76
19814,396,155,217,2026-02-23 17:15:00,23,38.59
17971,344,205,176,2026-02-23 17:22:00,45,70.5
14765,110,76,3,2026-02-23 17:26:00,15,23.55
14407,382,100,172,2026-02-23 17:29:00,56,88.59
19080,188,72,31,2026-02-23 17:29:00,10,20.44
3649,116,140,1,2026-02-23 17:36:00,24,40.42
2582,56,36,28,2026-02-23 17:37:00,19,29.17
9258,125,100,181,2026-02-23 17:38:00,50,81.63
2228,333,38,196,2026-02-23 17:41:00,19,30.73
2304,429,35,154,2026-02-23 17:59:00,52,75.61
6976,420,219,187,2026-02-23 17:59:00,59,91.99
11087,234,154,148,2026-02-23 18:01:00,5,12.94
5559,98,21,183,2026-02-23 18:08:00,10,13.5
3992,74,69,153,2026-02-23 18:10:00,16,26.14
16628,159,63,136,2026-02-23 18:11:00,39,60.67
10198,139,171,228,2026-02-23 18:28:00,6,12.44
18133,126,10,110,2026-02-23 18:29:00,53,82.46
2288,195,142,141,2026-02-23 18:39:00,53,82.46
19218,143,87,52,2026-02-23 18:50:00,36,60.58
16700,379,26,162,2026-02-23 19:01:00,18,31.15
15403,179,197,199,2026-02-23 19:07:00,18,32.42
16787,408,241,157,2026-02-23 19:11:00,48,77.7
12458,63,28,232,2026-02-23 19:13:00,60,94.99
3645,434,67,229,2026-02-23 19:19:00,49,76.79
3094,241,126,23,2026-02-23 19:25:00,18,27.69
6828,21,126,148,2026-02-23 19:30:00,58,89.12
17590,371,18,208,2026-02-23 19:44:00,23,37.85
17572,450,195,148,2026-02-23 19:48:00,26,37.61
9835,271,48,181,2026-02-23 19:50:00,21,34.54
4483,379,35,247,2026-02-23 19:57:00,25,39.38
15841,147,189,250,2026-02-23 19:59:00,59,92.95
15896,27,97,18,2026-02-23 20:02:00,8,14.91
450,147,140,161,2026-02-23 20:04:00,28,45.44
1089,64,31,105,2026-02-23 20:05:00,47,76.55
12889,469,71,7,2026-02-23 20:08:00,52,82.33
13962,333,87,1,2026-02-23 20:15:00,26,45.2
11448,428,226,120,2026-02-23 20:17:00,27,41.38
15867,76,107,79,2026-02-23 20:19:00,38,60.15
13006,265,28,102,2026-02-23 20:21:00,25,40.14
18350,347,75,208,2026-02-23 20:25:00,31,50.4
14045,304,28,200,2026-02-23 20:44:00,15,27.98
5352,453,173,163,2026-02-23 20:49:00,9,15.69
16230,324,247,63,2026-02-23 20:50:00,59,90.91
8491,46,111,206,2026-02-23 20:53:00,26,40.83
7447,197,74,143,2026-02-23 20:53:00,47,74.95
7097,499,153,139,2026-02-23 20:56:00,36,54.23
1547,89,15,12,2026-02-23 20:58:00,45,72.68
14125,105,111,8,2026-02-23 20:58:00,11,17.66
1144,174,200,79,2026-02-23 21:00:00,37,54.73
10613,165,152,148,2026-02-23 21:04:00,45,71.14
19702,375,128,37,2026-02-23 21:09:00,33,51.96
10871,230,234,251,2026-02-23 21:13:00,40,64.07
6762,219,36,34,2026-02-23 21:16:00,48,75.46
18733,70,95,167,2026-02-23 21:18:00,53,81.8
13933,319,203,51,2026-02-23 21:19:00,60,94.34
1703,183,139,30,2026-02-23 21:30:00,21,36.17
15222,165,56,22,2026-02-23 21:31:00,60,93.12
5049,210,3,265,2026-02-23 21:37:00,44,68.83
1350,485,173,23,2026-02-23 21:39:00,13,19.96
11864,84,11,63,2026-02-23 21:39:00,29,47.76
3149,394,110,221,2026-02-23 21:39:00,58,91.68
15760,496,224,233,2026-02-23 21:40:00,34,53.71
1051,410,242,195,2026-02-23 22:06:00,12,21.77
11341,1,13,141,2026-02-23 22:06:00,39,64.94
10008,13,230,46,2026-02-23 22:11:00,50,78.27
14177,399,184,237,2026-02-23 22:22:00,39,61.89
14377,100,6,61,2026-02-23 22:29:00,48,75.28
6077,125,32,19,2026-02-23 22:34:00,49,77.67
16292,339,255,190,2026-02-23 22:40:00,9,14.48
8787,168,109,219,2026-02-23 22:41:00,47,74.97
1039,237,102,234,2026-02-23 22:50:00,5,6.78
550,157,179,42,2026-02-23 22:57:00,33,52.93
18682,454,32,264,2026-02-23 22:59:00,39,61.9
19070,42,222,186,2026-02-23 23:03:00,50,79.59
9500,488,223,162,2026-02-23 23:09:00,15,28.43
2057,231,181,136,2026-02-23 23:17:00,46,71.45
14062,318,57,107,2026-02-23 23:47:00,6,13.72
5178,435,224,127,2026-02-23 23:48:00,35,54.05
7118,426,172,95,2026-02-23 23:51:00,31,51.68
18027,416,8,207,2026-02-23 23:51:00,29,44.86
16178,73,217,24,2026-02-24 00:18:00,10,17.19
5017,276,152,180,2026-02-24 00:18:00,37,55.15
18421,418,9,24,2026-02-24 00:19:00,59,95.79
5353,35,197,89,2026-02-24 00:22:00,36,59.71
14121,400,197,16,2026-02-24 00:25:00,28,41.57
11170,61,217,6,2026-02-24 00:27:00,30,47.28
3443,408,110,251,2026-02-24 00:35:00,36,56.14
16088,11,33,211,2026-02-24 00:37:00,29,49.02
12379,484,70,120,2026-02-24 00:51:00,50,78.39
13747,38,104,171,2026-02-24 01:01:00,26,39.9
10827,198,16,75,2026-02-24 01:04:00,31,48.14
3556,210,241,6,2026-02-24 01:07:00,9,15.61
1424,154,96,180,2026-02-24 01:21:00,19,31.25
9234,231,190,46,2026-02-24 01:24:00,13,22.89
16918,194,128,15,2026-02-24 01:27:00,29,41.96
1620,87,4,155,2026-02-24 01:38:00,31,47.05
13307,16,212,203,2026-02-24 02:05:00,50,78.1
6354,425,207,70,2026-02-24 02:14:00,48,78.0
9199,411,191,99,2026-02-24 02:24:00,46,73.13
14415,14,66,145,2026-02-24 02:29:00,8,14.39
15545,365,68,171,2026-02-24 02:33:00,51,81.51
3689,414,88,258,2026-02-24 02:37:00,19,30.19
12992,321,75,106,2026-02-24 02:41:00,36,55.57
19662,4,72,196,2026-02-24 02:49:00,7,13.03
12172,198,222,98,2026-02-24 02:58:00,36,57.63
15333,5,63,112,2026-02-24 03:24:00,5,8.52
19582,465,38,110,2026-02-24 03:51:00,32,50.96
12027,439,105,135,2026-02-24 03:52:00,14,22.54
12403,225,91,217,2026-02-24 04:16:00,42,68.05
2270,342,5,129,2026-02-24 04:20:00,21,33.96
1065,296,220,31,2026-02-24 04:20:00,58,87.82
950,451,32,57,2026-02-24 04:27:00,49,74.86
18956,363,123,128,2026-02-24 04:33:00,46,70.76
14427,94,228,224,2026-02-24 04:44:00,47,71.28
14290,466,172,96,2026-02-24 04:46:00,14,22.21
2382,308,59,11,2026-02-24 04:47:00,12,0.0
9201,195,201,197,2026-02-24 04:49:00,39,60.87
1838,378,105,142,2026-02-24 04:55:00,13,22.05
1917,220,67,257,2026-02-24 05:05:00,59,91.6
174,62,199,38,2026-02-24 05:10:00,38,59.37
14023,288,262,73,2026-02-24 05:14:00,17,31.15
5149,315,20,33,2026-02-24 05:19:00,46,71.12
7678,236,209,9,2026-02-24 05:26:00,6,13.24
13686,229,131,15,2026-02-24 05:38:00,48,78.26
17432,393,170,135,2026-02-24 05:47:00,16,28.27
10016,450,159,171,2026-02-24 05:49:00,7,13.13
15029,38,37,234,2026-02-24 05:50:00,45,73.55
3050,107,32,126,2026-02-24 06:04:00,44,69.55
19539,448,131,154,2026-02-24 06:05:00,26,43.45
3327,79,252,65,2026-02-24 06:06:00,19,31.74
14792,1,7,154,2026-02-24 06:08:00,60,96.05
9808,204,142,94,2026-02-24 06:19:00,51,77.97
16243,460,24,259,2026-02-24 06:20:00,59,92.95
6188,326,26,92,2026-02-24 06:22:00,22,38.62
16138,443,86,258,2026-02-24 06:23:00,5,11.46
15212,79,84,136,2026-02-24 06:44:00,46,69.75
18485,43,125,209,2026-02-24 06:48:00,57,88.66
11470,281,234,244,2026-02-24 06:50:00,21,32.52
8262,24,259,117,2026-02-24 06:59:00,54,85.43
19713,78,73,45,2026-02-24 06:59:00,37,58.54
4508,261,108,141,2026-02-24 07:26:00,18,29.5
6877,269,259,132,2026-02-24 07:28:00,24,39.75
3957,146,49,115,2026-02-24 07:29:00,23,34.12
16530,243,77,191,2026-02-24 07:30:00,44,66.03
4909,265,91,237,2026-02-24 07:32:00,36,62.15
10630,372,103,229,2026-02-24 07:32:00,41,62.08
1234,318,149,221,2026-02-24 07:35:00,30,45.43
6028,126,192,189,2026-02-24 07:45:00,46,71.88
11547,199,94,97,2026-02-24 07:54:00,27,41.55
2176,6,128,53,2026-02-24 08:06:00,19,31.98
3284,58,104,234,2026-02-24 08:09:00,22,36.39
10332,216,171,87,2026-02-24 08:13:00,18,27.44
9967,224,211,146,2026-02-24 08:19:00,5,9.77
3000,357,166,45,2026-02-24 08:20:00,33,53.52
12589,211,90,82,2026-02-24 08:23:00,26,41.76
5565,74,174,135,2026-02-24 08:30:00,30,52.38
10015,382,6,39,2026-02-24 08:34:00,21,33.47
16693,53,198,30,2026-02-24 08:36:00,46,67.04
17953,408,150,265,2026-02-24 08:59:00,56,88.61
5784,265,217,6,2026-02-24 09:19:00,11,18.99
7404,335,91,91,2026-02-24 09:27:00,18,30.42
10389,104,96,103,2026-02-24 09:38:00,53,80.56
931,119,30,206,2026-02-24 09:46:00,43,63.52
18252,103,64,113,2026-02-24 09:50:00,57,89.96
4602,265,240,37,2026-02-24 09:53:00,59,92.01
6804,161,230,151,2026-02-24 10:03:00,21,32.98
10938,142,257,81,2026-02-24 10:07:00,52,78.44
14754,361,25,217,2026-02-24 10:08:00,39,60.06
4404,411,89,27,2026-02-24 10:15:00,28,45.61
754,373,124,77,2026-02-24 10:29:00,9,16.24
12221,374,58,121,2026-02-24 10:35:00,5,8.28
13704,450,49,193,2026-02-24 10:40:00,48,72.14
4447,341,7,98,2026-02-24 10:41:00,52,78.28
4753,469,29,87,2026-02-24 10:58:00,12,19.02
7991,99,121,66,2026-02-24 11:02:00,13,21.61
14926,181,153,233,2026-02-24 11:21:00,59,92.62
17795,96,232,107,2026-02-24 11:41:00,43,64.9
10406,405,52,116,2026-02-24 11:55:00,29,45.27
13822,408,127,42,2026-02-24 11:57:00,5,8.6
19606,75,37,256,2026-02-24 12:01:00,26,42.36
8694,257,14,214,2026-02-24 12:01:00,46,74.12
8766,206,1,218,2026-02-24 12:07:00,41,64.62
11195,456,141,185,2026-02-24 12:15:00,38,59.44
15394,94,5,206,2026-02-24 12:27:00,51,81.13
4050,35,83,49,2026-02-24 12:29:00,18,31.36
5492,415,239,264,2026-02-24 12:29:00,33,49.75
6457,337,57,144,2026-02-24 12:33:00,29,47.84
12206,282,24,166,2026-02-24 12:35:00,12,22.94
18212,83,165,56,2026-02-24 12:39:00,11,18.79
9431,263,153,151,2026-02-24 12:45:00,52,80.57
15767,66,207,73,2026-02-24 12:47:00,42,66.66
4728,473,125,106,2026-02-24 12:52:00,13,26.04
11578,133,197,216,2026-02-24 12:55:00,18,29.26
16388,31,96,189,2026-02-24 12:58:00,13,21.73
4800,147,146,185,2026-02-24 13:01:00,60,94.39
5431,242,82,207,2026-02-24 13:12:00,52,81.43
9208,490,201,16,2026-02-24 13:25:00,44,70.65
6017,477,183,131,2026-02-24 13:33:00,26,40.91
14221,480,40,204,2026-02-24 13:39:00,50,78.28
15707,420,62,87,2026-02-24 13:39:00,26,41.19
3548,489,192,21,2026-02-24 13:41:00,11,15.51
8126,220,125,105,2026-02-24 13:46:00,45,70.81
1112,398,82,134,2026-02-24 13:53:00,21,32.39
3258,463,242,202,2026-02-24 13:53:00,17,30.03
17822,280,234,30,2026-02-24 14:00:00,38,60.41
12422,348,16,65,2026-02-24 14:22:00,8,13.4
17338,80,132,17,2026-02-24 14:53:00,45,75.66
1383,387,178,129,2026-02-24 14:55:00,10,17.09
8604,208,119,45,2026-02-24 14:57:00,20,32.85
5012,105,20,241,2026-02-24 15:10:00,24,36.82
14483,312,125,222,2026-02-24 15:11:00,42,66.04
14231,12,69,93,2026-02-24 15:15:00,51,77.76
17806,399,264,42,2026-02-24 15:20:00,28,46.54
13081,47,156,210,2026-02-24 15:21:00,37,61.11
10867,158,111,31,2026-02-24 15:26:00,30,47.07
18545,460,243,106,2026-02-24 15:28:00,30,47.66
13925,104,113,11,2026-02-24 15:29:00,20,32.12
9032,475,217,131,2026-02-24 15:31:00,21,31.23
2233,265,246,112,2026-02-24 15:34:00,9,16.61
8346,195,207,248,2026-02-24 15:38:00,49,75.75
1566,121,229,60,2026-02-24 15:46:00,14,23.57
5605,304,36,182,2026-02-24 15:48:00,39,63.63
7387,408,200,238,2026-02-24 15:57:00,23,35.56
6192,491,47,121,2026-02-24 15:59:00,59,89.27
2549,200,167,194,2026-02-24 16:14:00,57,88.91
18697,451,51,195,2026-02-24 16:32:00,38,62.2
1452,427,72,226,2026-02-24 16:41:00,27,43.63
10339,451,96,130,2026-02-24 16:48:00,50,77.93
7324,484,237,205,2026-02-24 16:51:00,30,48.83
4710,158,182,176,2026-02-24 16:57:00,44,69.96
3955,85,41,199,2026-02-24 16:58:00,41,65.07
12636,274,253,76,2026-02-24 17:00:00,10,19.7
403,182,185,148,2026-02-24 17:14:00,14,21.76
7840,213,136,146,2026-02-24 17:20:00,56,87.73
17362,315,108,7,2026-02-24 17:29:00,45,69.68
784,274,82,20,2026-02-24 17:49:00,54,85.0
19195,178,258,74,2026-02-24 17:53:00,28,46.32
19731,359,10,250,2026-02-24 17:55:00,47,77.72
11092,293,157,108,2026-02-24 18:01:00,25,37.96
16367,323,114,212,2026-02-24 18:17:00,44,68.66
356,397,62,21,2026-02-24 18:19:00,46,75.7
14364,145,197,189,2026-02-24 18:29:00,56,89.24
4772,436,32,165,2026-02-24 18:33:00,57,90.38
16190,32,70,119,2026-02-24 18:36:00,54,82.95
12896,359,115,35,2026-02-24 18:47:00,5,10.42
7201,164,239,183,2026-02-24 18:57:00,27,46.35
6868,398,5,228,2026-02-24 18:59:00,31,48.51
2651,443,58,110,2026-02-24 19:06:00,11,17.4
7805,464,231,68,2026-02-24 19:13:00,32,47.16
13185,386,63,6,2026-02-24 19:19:00,8,10.76
9204,93,17,211,2026-02-24 19:21:00,10,18.67
674,102,188,230,2026-02-24 19:30:00,10,18.3
8323,259,114,67,2026-02-24 19:41:00,26,37.64
17219,485,95,219,2026-02-24 19:42:00,45,70.67
2433,60,98,149,2026-02-24 19:43:00,45,68.07
10683,154,118,215,2026-02-24 20:07:00,25,40.38
17146,435,210,35,2026-02-24 20:38:00,23,36.36
3281,319,181,208,2026-02-24 20:41:00,19,30.15
14470,174,63,170,2026-02-24 20:43:00,7,14.18
3181,80,170,174,2026-02-24 20:49:00,41,65.3
19943,125,157,23,2026-02-24 20:55:00,52,81.24
8002,310,249,100,2026-02-24 21:15:00,11,20.86
13708,63,115,37,2026-02-24 21:18:00,18,29.09
7425,195,222,10,2026-02-24 21:20:00,22,36.54
3213,156,43,255,2026-02-24 21:22:00,11,20.56
14142,218,112,50,2026-02-24 21:29:00,60,93.21
11773,234,98,138,2026-02-24 21:31:00,33,50.82
15031,277,93,181,2026-02-24 21:33:00,31,48.97
5169,78,210,170,2026-02-24 21:41:00,9,15.08
18804,275,20,215,2026-02-24 21:53:00,29,44.77
13766,2,107,165,2026-02-24 21:55:00,22,36.92
12381,369,245,136,2026-02-24 21:58:00,20,35.31
15213,81,113,243,2026-02-24 22:01:00,52,79.15
4525,436,85,243,2026-02-24 22:06:00,51,77.73
10625,6,226,19,2026-02-24 22:09:00,8,11.33
16198,376,227,203,2026-02-24 22:12:00,43,67.16
17152,199,87,181,2026-02-24 22:18:00,6,10.93
8850,329,140,202,2026-02-24 22:20:00,11,20.29
2544,21,96,228,2026-02-24 22:27:00,48,75.19
6422,477,71,172,2026-02-24 22:29:00,25,40.16
10048,477,145,53,2026-02-24 22:33:00,58,89.29
7139,351,209,62,2026-02-24 22:36:00,46,73.23
7848,160,182,43,2026-02-24 23:15:00,29,49.22
11917,49,14,192,2026-02-24 23:15:00,27,42.65
738,319,73,199,2026-02-24 23:16:00,42,67.16
17020,304,129,251,2026-02-24 23:23:00,11,20.35
17708,205,48,133,2026-02-24 23:33:00,39,63.1
19717,426,100,19,2026-02-24 23:39:00,44,67.0
2584,149,41,8,2026-02-24 23:55:00,30,47.32
15455,361,244,103,2026-02-25 00:10:00,7,13.58
12014,297,26,131,2026-02-25 00:21:00,34,53.27
17714,328,138,19,2026-02-25 00:26:00,17,29.28
11771,472,83,87,2026-02-25 00:31:00,37,57.93
6919,271,132,79,2026-02-25 00:34:00,34,55.52
18572,349,203,224,2026-02-25 00:37:00,53,83.26
16708,120,83,44,2026-02-25 00:38:00,60,91.32
4503,157,26,168,2026-02-25 00:41:00,27,47.99
14534,30,105,49,2026-02-25 00:56:00,8,14.38
13711,106,78,61,2026-02-25 01:04:00,10,17.83
7642,330,246,51,2026-02-25 01:17:00,49,75.59
8401,233,140,139,2026-02-25 01:30:00,37,57.03
3779,51,145,210,2026-02-25 01:30:00,21,35.52
15789,35,244,49,2026-02-25 02:27:00,42,64.23
19305,184,102,143,2026-02-25 02:30:00,28,44.37
17116,108,74,84,2026-02-25 02:33:00,20,30.92
105,337,16,238,2026-02-25 02:36:00,12,24.24
6847,154,83,92,2026-02-25 02:39:00,45,72.27
17762,144,167,169,2026-02-25 02:44:00,20,32.38
15510,332,206,155,2026-02-25 03:15:00,23,36.89
1473,429,34,50,2026-02-25 03:23:00,52,80.2
41,185,91,208,2026-02-25 03:28:00,32,52.11
18657,336,254,213,2026-02-25 03:34:00,8,12.33
4084,469,133,206,2026-02-25 03:55:00,17,28.98
9661,353,94,207,2026-02-25 04:07:00,43,69.29
13768,169,19,2,2026-02-25 04:09:00,28,45.3
15066,443,55,195,2026-02-25 04:14:00,27,47.51
14293,397,164,154,2026-02-25 04:15:00,7,15.73
10284,418,183,110,2026-02-25 04:16:00,21,38.78
8425,343,250,69,2026-02-25 04:48:00,24,39.06
11425,313,144,183,2026-02-25 04:51:00,26,38.68
10210,487,90,39,2026-02-25 04:52:00,46,73.41
11585,160,63,186,2026-02-25 04:54:00,39,59.97
847,73,82,75,2026-02-25 04:57:00,14,20.16
10993,157,237,250,2026-02-25 05:04:00,25,40.27
13850,59,47,183,2026-02-25 05:14:00,58,92.65
11070,157,55,245,2026-02-25 05:45:00,44,70.43
11230,214,170,235,2026-02-25 05:51:00,51,79.42
1472,12,101,178,2026-02-25 05:53:00,52,81.08
18786,53,92,124,2026-02-25 06:00:00,6,10.07
16493,68,200,141,2026-02-25 06:06:00,28,44.71
14212,489,160,79,2026-02-25 06:09:00,10,20.68
13402,130,34,236,2026-02-25 06:17:00,35,53.24
6243,178,111,235,2026-02-25 06:21:00,15,0.0
13148,275,238,116,2026-02-25 06:26:00,53,80.88
266,198,194,189,2026-02-25 06:26:00,45,67.91
3845,358,38,254,2026-02-25 06:26:00,15,27.07
15360,100,38,71,2026-02-25 06:30:00,40,63.12
15099,31,229,250,2026-02-25 06:32:00,11,18.67
3727,405,73,186,2026-02-25 06:39:00,37,54.71
18613,270,175,62,2026-02-25 06:50:00,5,9.79
14738,75,133,106,2026-02-25 06:56:00,45,71.31
701,409,170,27,2026-02-25 07:04:00,15,24.82
322,84,135,199,2026-02-25 07:05:00,17,30.11
9421,259,49,257,2026-02-25 07:06:00,25,41.29
1717,233,95,61,2026-02-25 07:32:00,13,24.8
4357,306,223,140,2026-02-25 07:33:00,12,19.63
1098,186,109,252,2026-02-25 07:38:00,57,91.21
8806,252,33,49,2026-02-25 07:39:00,5,12.31
17527,388,260,120,2026-02-25 07:44:00,14,25.81
11717,216,8,265,2026-02-25 07:48:00,15,25.04
5498,320,211,197,2026-02-25 07:52:00,50,76.88
14562,461,167,102,2026-02-25 07:55:00,19,31.02
13589,1,212,88,2026-02-25 07:56:00,33,51.5
15488,150,147,39,2026-02-25 08:01:00,56,88.53
17087,316,67,121,2026-02-25 08:20:00,41,64.61
3766,164,187,19,2026-02-25 08:25:00,54,79.51
14455,440,126,68,2026-02-25 08:26:00,59,92.52
15062,76,1,165,2026-02-25 08:33:00,29,43.55
2895,402,149,81,2026-02-25 08:36:00,39,58.3
17378,324,83,32,2026-02-25 08:47:00,6,10.04
148,193,201,25,2026-02-25 08:47:00,29,46.29
14156,180,127,203,2026-02-25 08:50:00,52,80.76
6397,178,64,34,2026-02-25 08:56:00,49,78.76
13516,411,178,222,2026-02-25 09:04:00,20,32.47
2206,370,205,209,2026-02-25 09:09:00,38,62.36
5616,48,114,119,2026-02-25 09:19:00,38,58.05
7913,52,7,169,2026-02-25 09:21:00,47,75.54
16997,363,79,105,2026-02-25 09:22:00,51,76.89
19457,200,85,28,2026-02-25 09:40:00,47,70.38
18525,124,187,167,2026-02-25 09:48:00,35,54.83
15465,102,222,89,2026-02-25 09:55:00,23,37.2
16909,356,100,26,2026-02-25 10:20:00,32,48.12
3033,455,216,20,2026-02-25 11:03:00,53,82.54
7993,316,188,159,2026-02-25 11:03:00,42,61.37
6124,330,8,28,2026-02-25 11:05:00,57,89.69
16947,281,23,217,2026-02-25 11:08:00,46,71.51
5302,402,4,200,2026-02-25 11:15:00,49,73.53
8820,180,121,213,2026-02-25 11:17:00,55,87.96
6143,40,246,130,2026-02-25 11:17:00,42,66.69
7712,400,89,116,2026-02-25 11:19:00,51,82.92
8125,120,108,173,2026-02-25 11:22:00,27,45.33
12607,178,81,115,2026-02-25 11:25:00,26,41.23
9891,152,219,8,2026-02-25 11:26:00,31,51.51
19585,439,240,11,2026-02-25 11:46:00,48,74.86
13207,381,36,93,2026-02-25 11:49:00,20,29.57
6177,283,248,72,2026-02-25 11:53:00,8,14.96
2960,291,251,192,2026-02-25 11:54:00,9,12.9
3628,284,141,88,2026-02-25 11:55:00,27,45.58
719,221,170,16,2026-02-25 12:05:00,18,29.42
18406,37,52,108,2026-02-25 12:05:00,24,39.8
18029,366,259,40,2026-02-25 12:12:00,56,83.52
4273,356,259,202,2026-02-25 12:14:00,56,87.25
6591,391,136,189,2026-02-25 12:21:00,55,88.87
19636,494,92,41,2026-02-25 12:22:00,47,72.68
17839,59,173,242,2026-02-25 12:25:00,7,13.06
18949,225,144,202,2026-02-25 12:33:00,17,25.4
11360,114,253,49,2026-02-25 12:44:00,33,52.89
13055,177,243,244,2026-02-25 12:44:00,57,90.86
17355,426,71,191,2026-02-25 12:49:00,23,39.4
2389,412,68,252,2026-02-25 12:50:00,21,32.29
1379,345,85,47,2026-02-25 12:58:00,33,51.22
19254,14,208,73,2026-02-25 13:08:00,52,81.52
18088,418,8,166,2026-02-25 13:12:00,17,27.68
5720,150,219,174,2026-02-25 13:15:00,32,51.42
17396,74,222,56,2026-02-25 13:17:00,10,16.38
4435,445,81,209,2026-02-25 13:19:00,60,90.99
2540,489,118,123,2026-02-25 13:27:00,29,45.67
8899,276,197,248,2026-02-25 13:29:00,17,27.95
1358,446,220,69,2026-02-25 13:30:00,46,70.46
7599,304,224,238,2026-02-25 13:34:00,12,20.96
462,303,261,94,2026-02-25 13:53:00,46,70.69
11099,176,265,126,2026-02-25 13:57:00,24,39.76
4114,11,69,253,2026-02-25 14:01:00,32,54.95
1058,311,180,40,2026-02-25 14:10:00,45,72.23
944,145,86,90,2026-02-25 14:15:00,10,18.17
10049,69,115,122,2026-02-25 14:15:00,53,80.72
247,27,71,67,2026-02-25 14:17:00,59,91.39
699,367,73,85,2026-02-25 14:41:00,31,49.18
3635,313,48,184,2026-02-25 14:52:00,12,19.49
11472,234,93,136,2026-02-25 15:04:00,48,69.57
9058,156,160,110,2026-02-25 15:11:00,39,59.42
19576,190,249,35,2026-02-25 15:16:00,11,16.58
1537,353,235,227,2026-02-25 15:18:00,21,34.43
4220,291,222,238,2026-02-25 15:33:00,12,19.98
3237,499,248,188,2026-02-25 15:38:00,39,61.3
15553,11,157,107,2026-02-25 15:47:00,58,90.92
10699,271,71,158,2026-02-25 15:53:00,25,41.54
6118,400,162,212,2026-02-25 16:03:00,18,28.15
19361,376,193,260,2026-02-25 16:07:00,41,65.4
14947,485,123,128,2026-02-25 16:07:00,34,53.02
260,57,61,218,2026-02-25 16:21:00,20,35.05
11889,101,20,90,2026-02-25 16:28:00,21,34.32
1024,359,39,207,2026-02-25 16:30:00,47,72.25
11667,28,117,134,2026-02-25 16:36:00,23,34.98
7745,251,251,172,2026-02-25 16:39:00,27,48.5
13769,335,109,134,2026-02-25 16:57:00,5,11.96
10408,382,205,156,2026-02-25 17:09:00,48,73.96
19979,321,235,128,2026-02-25 17:12:00,14,26.03
12711,372,81,228,2026-02-25 17:23:00,55,86.46
19122,311,184,31,2026-02-25 17:34:00,20,31.78
1981,371,124,114,2026-02-25 17:38:00,45,70.04
13571,145,185,165,2026-02-25 17:47:00,48,76.93
5438,397,132,168,2026-02-25 17:48:00,21,33.22
12552,194,123,260,2026-02-25 17:49:00,28,46.01
19526,126,164,185,2026-02-25 18:01:00,35,55.67
2376,404,55,207,2026-02-25 18:08:00,18,29.91
8499,349,66,90,2026-02-25 18:26:00,51,83.9
1156,105,71,244,2026-02-25 18:28:00,31,45.21
8165,435,19,1,2026-02-25 18:29:00,21,32.26
4704,3,108,236,2026-02-25 18:29:00,54,85.47
14437,346,61,262,2026-02-25 18:38:00,44,67.92
12758,387,153,244,2026-02-25 18:41:00,54,87.25
3721,407,143,164,2026-02-25 18:56:00,27,46.91
19593,20,236,106,2026-02-25 18:58:00,9,15.85
19232,136,25,96,2026-02-25 18:58:00,23,32.03
18542,157,86,253,2026-02-25 19:00:00,57,86.43
12744,114,95,166,2026-02-25 19:07:00,9,16.07
2481,223,154,240,2026-02-25 19:07:00,25,39.91
3674,437,40,194,2026-02-25 19:14:00,43,69.14
17748,492,77,12,2026-02-25 19:15:00,9,14.99
3503,411,25,190,2026-02-25 19:19:00,32,55.19
11321,116,155,61,2026-02-25 19:26:00,21,36.05
2020,57,97,176,2026-02-25 19:28:00,17,27.52
14725,201,52,233,2026-02-25 19:28:00,30,49.04
17637,415,182,70,2026-02-25 19:30:00,53,82.31
7495,384,52,235,2026-02-25 19:32:00,33,50.33
2611,492,111,89,2026-02-25 19:33:00,5,13.66
10251,90,162,85,2026-02-25 19:38:00,31,52.81
18704,479,21,8,2026-02-25 19:41:00,22,36.17
12175,247,74,140,2026-02-25 19:54:00,40,60.89
12736,38,34,191,2026-02-25 20:07:00,20,32.42
9340,281,26,100,2026-02-25 20:13:00,11,19.19
10125,353,212,17,2026-02-25 20:14:00,12,24.51
19811,28,113,218,2026-02-25 20:16:00,47,74.61
2894,313,209,169,2026-02-25 20:18:00,5,10.69
11788,63,165,219,2026-02-25 20:26:00,5,12.76
14618,270,238,45,2026-02-25 20:45:00,29,44.72
5610,428,101,134,2026-02-25 20:52:00,28,43.6
13818,299,104,240,2026-02-25 20:53:00,49,77.29
6098,434,161,227,2026-02-25 21:05:00,11,17.6
1016,465,98,55,2026-02-25 21:09:00,35,56.99
16059,219,183,198,2026-02-25 21:11:00,51,81.61
16326,157,204,60,2026-02-25 21:15:00,36,57.56
5763,251,200,44,2026-02-25 21:35:00,19,32.07
16802,240,39,25,2026-02-25 21:38:00,60,93.76
4326,277,126,60,2026-02-25 21:47:00,53,77.41
7659,174,237,19,2026-02-25 21:52:00,58,90.64
11414,450,184,36,2026-02-25 21:57:00,50,82.17
94,260,4,214,2026-02-25 22:03:00,7,14.56
19239,39,223,31,2026-02-25 22:08:00,23,37.71
2218,65,261,202,2026-02-25 22:14:00,19,31.08
13400,135,229,201,2026-02-25 22:16:00,13,21.96
9551,214,31,59,2026-02-25 22:18:00,49,78.79
9437,8,162,23,2026-02-25 22:23:00,23,37.07
17376,234,77,137,2026-02-25 22:23:00,54,86.67
9949,226,260,11,2026-02-25 22:28:00,24,41.29
11947,81,56,242,2026-02-25 22:36:00,59,89.83
17129,142,154,215,2026-02-25 22:40:00,16,28.72
1701,288,93,255,2026-02-25 22:41:00,6,13.23
5429,138,146,195,2026-02-25 22:56:00,11,22.13
5210,98,135,8,2026-02-25 22:57:00,20,32.26
6645,460,218,42,2026-02-25 22:57:00,10,18.25
2958,325,181,23,2026-02-25 22:59:00,45,73.33
11951,457,259,46,2026-02-25 23:02:00,56,86.16
16770,346,259,184,2026-02-25 23:03:00,57,91.0
9837,227,114,2,2026-02-25 23:09:00,11,18.85
9979,292,133,124,2026-02-25 23:12:00,57,89.42
8188,205,263,143,2026-02-25 23:24:00,39,61.65
11258,321,219,36,2026-02-25 23:26:00,43,69.71
7113,486,145,28,2026-02-25 23:30:00,59,89.9
2437,199,10,73,2026-02-25 23:31:00,12,20.79
11660,131,64,50,2026-02-25 23:39:00,52,82.58
15719,356,125,27,2026-02-25 23:41:00,55,88.33
1592,374,75,135,2026-02-25 23:44:00,50,80.23
3512,43,209,27,2026-02-25 23:45:00,12,21.63
9010,237,243,65,2026-02-25 23:57:00,20,32.52
11877,451,222,175,2026-02-26 00:01:00,9,15.38
11354,289,33,14,2026-02-26 00:02:00,40,64.14
6560,127,176,265,2026-02-26 00:05:00,39,63.18
3875,28,103,129,2026-02-26 00:09:00,55,85.18
15313,231,75,184,2026-02-26 00:21:00,38,61.78
17659,91,152,127,2026-02-26 00:45:00,41,67.85
11167,268,255,203,2026-02-26 00:51:00,59,89.25
16254,356,28,15,2026-02-26 00:52:00,29,45.36
3723,452,119,69,2026-02-26 01:01:00,33,52.31
5423,231,151,204,2026-02-26 01:03:00,18,33.62
10982,207,172,38,2026-02-26 01:07:00,49,75.24
13205,487,202,95,2026-02-26 01:17:00,18,34.08
6678,298,85,234,2026-02-26 01:26:00,45,70.55
3531,62,123,109,2026-02-26 01:39:00,15,24.62
14612,417,252,207,2026-02-26 02:17:00,20,30.42
8934,297,258,248,2026-02-26 02:30:00,27,40.04
11334,143,34,144,2026-02-26 02:37:00,6,13.18
2416,138,16,89,2026-02-26 02:39:00,36,54.39
1996,125,134,96,2026-02-26 03:02:00,54,87.72
11584,236,131,216,2026-02-26 03:02:00,55,87.14
5087,14,49,96,2026-02-26 03:02:00,27,41.59
13188,10,257,253,2026-02-26 03:05:00,11,20.25
8391,64,157,48,2026-02-26 03:11:00,6,13.06
3116,477,113,236,2026-02-26 03:14:00,58,90.62
10727,472,23,172,2026-02-26 03:16:00,14,27.93
15090,473,209,237,2026-02-26 03:19:00,15,24.12
5471,18,180,149,2026-02-26 03:20:00,51,78.05
10074,155,168,3,2026-02-26 03:21:00,36,54.59
12491,489,23,77,2026-02-26 03:26:00,50,76.42
14239,279,139,115,2026-02-26 03:39:00,10,20.01
19666,149,229,125,2026-02-26 03:50:00,52,78.52
12297,94,175,102,2026-02-26 03:51:00,20,33.52
16479,400,187,57,2026-02-26 03:57:00,36,51.45
12400,122,186,173,2026-02-26 04:05:00,45,71.37
8776,474,143,103,2026-02-26 04:08:00,25,42.96
1973,457,18,95,2026-02-26 04:15:00,19,37.8
121,496,12,186,2026-02-26 04:24:00,34,54.33
19579,177,172,166,2026-02-26 04:27:00,28,43.28
11708,85,87,9,2026-02-26 04:27:00,14,22.55
10538,345,237,259,2026-02-26 04:40:00,48,74.97
18112,442,133,12,2026-02-26 04:41:00,43,67.32
2946,162,116,135,2026-02-26 04:47:00,41,63.75
15770,358,45,78,2026-02-26 04:49:00,58,89.07
11316,209,236,152,2026-02-26 05:03:00,5,11.67
16872,381,30,55,2026-02-26 05:16:00,14,24.42
9325,499,36,63,2026-02-26 05:27:00,21,33.13
16626,295,30,2,2026-02-26 05:39:00,52,79.22
7261,31,174,116,2026-02-26 05:42:00,24,38.27
18024,335,244,221,2026-02-26 05:49:00,9,19.59
10415,283,166,34,2026-02-26 06:01:00,56,82.55
11967,448,143,106,2026-02-26 06:03:00,28,46.01
19493,146,58,12,2026-02-26 06:05:00,49,76.69
10438,106,57,1,2026-02-26 06:23:00,45,70.34
4408,110,16,105,2026-02-26 06:28:00,23,38.84
2767,240,253,134,2026-02-26 06:29:00,37,54.95
1076,237,93,129,2026-02-26 06:32:00,27,43.3
13845,388,23,135,2026-02-26 06:35:00,23,36.8
3788,314,206,135,2026-02-26 07:18:00,54,84.01
14937,218,7,212,2026-02-26 07:19:00,46,73.46
7701,46,23,34,2026-02-26 07:20:00,31,47.2
19443,427,90,219,2026-02-26 07:22:00,15,25.55
8063,476,67,162,2026-02-26 07:25:00,23,37.13
9228,285,205,71,2026-02-26 07:26:00,13,22.08
18139,16,166,118,2026-02-26 07:29:00,36,61.18
18418,64,205,211,2026-02-26 07:29:00,51,80.23
3633,59,60,136,2026-02-26 07:35:00,26,46.67
16712,42,118,262,2026-02-26 07:38:00,48,75.61
8456,3,110,4,2026-02-26 07:47:00,45,71.86
6131,90,106,247,2026-02-26 07:49:00,31,48.88
9723,254,156,221,2026-02-26 07:51:00,24,36.96
11829,495,69,117,2026-02-26 07:52:00,55,88.54
6211,162,232,8,2026-02-26 07:56:00,55,88.17
4819,342,67,219,2026-02-26 08:03:00,56,88.54
1778,114,129,234,2026-02-26 08:05:00,22,32.45
18788,252,148,247,2026-02-26 08:07:00,19,33.63
272,276,204,168,2026-02-26 08:16:00,26,42.68
19667,1,201,78,2026-02-26 08:18:00,41,67.41
6498,236,62,259,2026-02-26 08:31:00,8,14.97
12384,312,157,229,2026-02-26 08:33:00,32,52.03
7978,468,132,243,2026-02-26 08:51:00,44,68.99
17404,434,190,130,2026-02-26 08:51:00,13,22.7
18337,424,236,133,2026-02-26 08:51:00,5,10.47
1790,389,45,224,2026-02-26 08:59:00,23,37.94
13076,117,189,77,2026-02-26 09:01:00,42,67.4
15061,485,111,133,2026-02-26 09:02:00,43,67.16
7099,215,172,43,2026-02-26 09:06:00,26,38.96
8508,264,205,11,2026-02-26 09:19:00,34,49.74
8286,170,29,144,2026-02-26 09:37:00,34,54.25
2880,334,5,15,2026-02-26 09:45:00,57,84.33
3271,408,203,14,2026-02-26 09:52:00,31,46.85
1817,282,181,22,2026-02-26 10:10:00,7,16.43
2514,251,254,179,2026-02-26 10:10:00,53,82.93
15889,453,49,156,2026-02-26 10:12:00,58,88.48
2030,94,226,33,2026-02-26 10:27:00,40,59.18
15140,401,172,249,2026-02-26 10:35:00,17,29.22
12298,454,226,69,2026-02-26 10:44:00,30,49.84
14773,1,261,139,2026-02-26 10:48:00,31,44.26
13942,285,141,134,2026-02-26 10:50:00,30,46.4
620,393,228,238,2026-02-26 10:51:00,43,66.72
15612,241,261,29,2026-02-26 11:17:00,8,15.73
6719,257,246,21,2026-02-26 11:17:00,46,71.46
1348,481,128,166,2026-02-26 11:36:00,59,93.76
19052,158,102,82,2026-02-26 11:38:00,34,53.7
9958,196,111,90,2026-02-26 11:43:00,59,88.02
4612,11,4,16,2026-02-26 11:49:00,57,89.71
6596,69,44,203,2026-02-26 12:03:00,38,63.39
19880,268,253,6,2026-02-26 12:14:00,51,79.09
13976,269,248,218,2026-02-26 12:21:00,30,50.11
3140,282,180,29,2026-02-26 12:25:00,15,26.12
1912,120,119,32,2026-02-26 12:27:00,33,48.57
16196,158,134,256,2026-02-26 12:29:00,32,51.24
3654,367,178,3,2026-02-26 12:47:00,42,66.88
15063,84,37,252,2026-02-26 12:51:00,40,63.14
19006,103,237,210,2026-02-26 12:57:00,9,16.08
4139,90,111,175,2026-02-26 12:57:00,54,83.82
18768,356,81,248,2026-02-26 13:00:00,60,91.02
17350,43,26,99,2026-02-26 13:02:00,28,46.25
1502,261,122,148,2026-02-26 13:02:00,18,31.77
6592,87,67,235,2026-02-26 13:26:00,31,50.75
17117,311,55,248,2026-02-26 13:29:00,38,64.97
14493,47,135,90,2026-02-26 13:49:00,28,46.69
10055,73,228,229,2026-02-26 14:04:00,42,65.66
7255,496,221,76,2026-02-26 14:11:00,54,84.16
11582,262,153,235,2026-02-26 14:12:00,31,46.56
2331,372,70,44,2026-02-26 14:15:00,38,59.4
15791,133,88,58,2026-02-26 14:30:00,14,26.37
16725,228,209,62,2026-02-26 14:33:00,19,32.13
4432,143,2,117,2026-02-26 14:34:00,15,25.89
14263,425,184,2,2026-02-26 14:38:00,23,35.85
3703,255,206,170,2026-02-26 14:41:00,59,91.28
2087,46,153,228,2026-02-26 14:45:00,57,86.2
12754,225,9,48,2026-02-26 14:48:00,49,75.56
9997,277,186,13,2026-02-26 15:00:00,18,28.32
12260,488,37,10,2026-02-26 15:11:00,28,43.17
9816,142,145,252,2026-02-26 15:11:00,6,11.61
1950,132,191,152,2026-02-26 15:12:00,7,14.42
5013,373,79,154,2026-02-26 15:15:00,39,64.75
8613,398,34,160,2026-02-26 15:17:00,32,49.06
27,330,134,237,2026-02-26 15:17:00,58,88.82
17553,226,72,232,2026-02-26 15:25:00,8,14.37
19506,51,241,202,2026-02-26 15:28:00,50,75.62
2972,419,86,52,2026-02-26 15:30:00,6,13.23
3353,329,52,158,2026-02-26 15:49:00,26,40.7
15055,404,13,166,2026-02-26 15:56:00,26,38.59
12185,157,28,176,2026-02-26 16:06:00,30,48.0
17619,292,217,141,2026-02-26 16:08:00,60,95.67
4314,63,209,214,2026-02-26 16:43:00,21,33.98
18371,393,5,184,2026-02-26 17:04:00,7,17.71
12696,389,264,130,2026-02-26 17:16:00,47,70.11
8662,186,87,166,2026-02-26 17:20:00,45,72.09
528,260,54,149,2026-02-26 17:20:00,34,56.39
18608,284,122,116,2026-02-26 17:27:00,19,33.69
10896,368,259,20,2026-02-26 17:27:00,47,75.13
16175,272,213,77,2026-02-26 17:41:00,49,75.51
4378,492,220,17,2026-02-26 17:48:00,48,74.3
14418,287,94,47,2026-02-26 17:48:00,59,92.43
7574,89,218,258,2026-02-26 17:58:00,49,76.78
16442,462,193,224,2026-02-26 17:59:00,7,12.09
18752,400,88,204,2026-02-26 18:06:00,37,59.94
11821,293,75,46,2026-02-26 18:06:00,48,78.27
16861,58,157,235,2026-02-26 18:10:00,28,43.46
14978,207,167,112,2026-02-26 18:35:00,5,11.07
1672,25,25,234,2026-02-26 18:38:00,28,45.51
8151,36,115,217,2026-02-26 18:40:00,14,22.45
6603,290,160,72,2026-02-26 18:42:00,5,16.29
8325,86,79,26,2026-02-26 18:43:00,20,33.9
7537,159,171,35,2026-02-26 18:43:00,32,48.88
11076,180,90,120,2026-02-26 18:45:00,8,13.98
938,92,54,244,2026-02-26 18:53:00,42,64.16
12509,120,98,67,2026-02-26 19:05:00,17,32.4
7585,378,131,262,2026-02-26 19:15:00,43,69.74
7767,250,200,23,2026-02-26 19:16:00,49,76.1
2507,273,225,226,2026-02-26 19:19:00,43,65.25
9488,66,110,102,2026-02-26 19:26:00,20,32.99
1830,417,198,234,2026-02-26 19:28:00,16,28.19
12597,172,33,26,2026-02-26 19:36:00,54,84.58
6942,174,89,75,2026-02-26 19:41:00,5,8.58
13743,454,158,35,2026-02-26 19:41:00,33,52.6
2475,155,145,260,2026-02-26 19:51:00,20,28.33
14363,31,184,36,2026-02-26 19:55:00,55,83.31
17391,291,131,240,2026-02-26 19:58:00,40,60.88
10317,53,208,36,2026-02-26 20:09:00,52,80.83
1772,79,110,77,2026-02-26 20:21:00,5,10.39
6561,349,16,65,2026-02-26 20:35:00,12,20.64
17967,345,173,59,2026-02-26 20:37:00,57,90.15
12846,240,234,242,2026-02-26 20:50:00,43,66.33
15648,470,145,227,2026-02-26 20:59:00,47,73.87
9604,168,101,38,2026-02-26 21:23:00,45,72.96
4471,41,257,32,2026-02-26 21:27:00,55,88.39
12417,482,176,47,2026-02-26 21:30:00,10,19.67
961,175,100,109,2026-02-26 21:34:00,39,60.45
15268,83,131,192,2026-02-26 21:51:00,24,36.91
6664,231,2,25,2026-02-26 21:51:00,57,89.96
3731,402,109,28,2026-02-26 21:54:00,32,50.67
10423,373,64,234,2026-02-26 21:55:00,44,69.38
10906,98,152,160,2026-02-26 21:56:00,9,15.45
18955,269,59,259,2026-02-26 21:57:00,27,42.62
9298,350,163,178,2026-02-26 21:59:00,16,29.45
12960,10,4,156,2026-02-26 22:09:00,57,89.72
4568,11,153,151,2026-02-26 22:17:00,50,78.83
2293,250,207,233,2026-02-26 22:20:00,44,68.6
2080,190,4,109,2026-02-26 22:21:00,10,17.27
1119,337,20,18,2026-02-26 22:21:00,24,38.25
10304,359,64,4,2026-02-26 22:31:00,15,24.32
99,85,79,175,2026-02-26 22:39:00,46,72.38
741,317,133,155,2026-02-26 22:50:00,18,27.45
17103,173,107,204,2026-02-26 22:54:00,24,39.64
5477,265,207,14,2026-02-26 22:55:00,27,45.43
10300,66,212,138,2026-02-26 23:02:00,29,46.88
6884,487,64,224,2026-02-26 23:08:00,58,88.57
19936,394,26,183,2026-02-26 23:16:00,24,40.76
2964,120,52,160,2026-02-26 23:36:00,60,90.43
9883,486,77,81,2026-02-26 23:44:00,52,80.32
4200,296,70,113,2026-02-27 00:08:00,36,56.21
11813,104,182,14,2026-02-27 00:11:00,29,46.97
8941,412,171,227,2026-02-27 00:14:00,22,35.71
1780,129,81,87,2026-02-27 00:18:00,36,54.94
5658,426,53,124,2026-02-27 00:39:00,43,69.52
6557,343,62,241,2026-02-27 00:47:00,5,10.32
19901,440,97,152,2026-02-27 01:00:00,49,78.41
6309,234,247,234,2026-02-27 01:04:00,30,49.86
13122,52,186,222,2026-02-27 01:11:00,60,91.07
1572,411,176,143,2026-02-27 01:16:00,17,31.58
18954,106,130,265,2026-02-27 01:19:00,47,77.03
10041,7,240,121,2026-02-27 01:23:00,17,27.73
19631,86,39,6,2026-02-27 01:34:00,36,57.3
12271,287,99,118,2026-02-27 01:37:00,36,55.64
13810,142,50,164,2026-02-27 01:39:00,7,13.89
13649,187,192,136,2026-02-27 01:44:00,57,90.34
16097,372,190,48,2026-02-27 02:07:00,39,58.97
15528,139,15,120,2026-02-27 02:30:00,52,80.22
513,139,212,257,2026-02-27 02:45:00,60,93.54
216,441,50,170,2026-02-27 02:48:00,29,48.72
15923,495,209,30,2026-02-27 03:16:00,16,26.73
18114,253,10,32,2026-02-27 03:18:00,7,14.73
3219,442,255,122,2026-02-27 03:33:00,58,92.68
6307,176,176,129,2026-02-27 03:38:00,7,12.41
3158,327,161,82,2026-02-27 03:39:00,15,23.6
17719,182,145,58,2026-02-27 03:41:00,38,58.51
12386,125,106,177,2026-02-27 03:46:00,33,53.98
19674,273,54,222,2026-02-27 03:47:00,16,26.17
14682,374,82,166,2026-02-27 03:56:00,28,45.0
18503,404,212,79,2026-02-27 04:29:00,57,90.19
5867,494,8,70,2026-02-27 04:31:00,39,60.65
1575,263,130,25,2026-02-27 04:40:00,52,83.18
14511,262,129,210,2026-02-27 05:01:00,56,88.59
15472,36,259,86,2026-02-27 05:20:00,47,70.85
10990,451,256,203,2026-02-27 05:22:00,48,71.74
19912,85,146,202,2026-02-27 05:45:00,27,40.92
4966,411,48,148,2026-02-27 05:50:00,31,52.01
8047,111,147,119,2026-02-27 05:53:00,34,52.6
13650,335,48,216,2026-02-27 06:06:00,17,33.21
7053,286,73,22,2026-02-27 06:10:00,33,53.39
14324,326,88,120,2026-02-27 06:11:00,22,36.88
648,253,186,162,2026-02-27 06:12:00,23,37.65
19053,1,152,35,2026-02-27 06:17:00,41,65.28
6005,352,203,155,2026-02-27 06:20:00,8,16.39
4169,352,45,1,2026-02-27 06:22:00,41,65.37
5321,89,233,265,2026-02-27 06:50:00,36,55.37
11107,393,231,59,2026-02-27 06:52:00,33,52.51
14300,407,213,45,2026-02-27 06:53:00,44,69.32
16647,330,249,174,2026-02-27 06:57:00,48,73.72
18251,153,128,108,2026-02-27 07:04:00,43,66.82
12047,389,170,99,2026-02-27 07:09:00,52,82.54
19961,484,233,98,2026-02-27 07:17:00,26,42.73
12814,173,120,200,2026-02-27 07:17:00,49,79.08
836,301,159,110,2026-02-27 07:19:00,35,54.13
10206,200,31,139,2026-02-27 07:25:00,15,22.42
12927,397,52,31,2026-02-27 07:26:00,39,63.65
16451,182,165,36,2026-02-27 07:39:00,29,47.11
1736,338,19,100,2026-02-27 07:41:00,47,79.94
10557,460,63,265,2026-02-27 07:44:00,27,44.78
19640,355,108,256,2026-02-27 07:46:00,31,51.74
13592,472,201,112,2026-02-27 07:54:00,41,67.53
12835,342,105,39,2026-02-27 08:01:00,28,41.46
12218,403,162,19,2026-02-27 08:26:00,21,31.8
16865,432,114,111,2026-02-27 08:28:00,59,91.19
3778,206,125,261,2026-02-27 08:33:00,22,36.1
13109,64,123,101,2026-02-27 08:36:00,48,74.82
18986,346,227,92,2026-02-27 08:58:00,26,41.49
12472,409,247,37,2026-02-27 08:58:00,57,88.02
8203,493,199,20,2026-02-27 09:00:00,38,62.05
12266,229,229,197,2026-02-27 09:01:00,40,64.21
18789,490,60,215,2026-02-27 09:20:00,22,37.57
7146,274,118,246,2026-02-27 09:24:00,27,43.37
13572,471,168,103,2026-02-27 09:29:00,30,48.59
10682,238,200,104,2026-02-27 09:30:00,40,63.58
8849,76,96,96,2026-02-27 09:34:00,8,13.19
14318,198,161,52,2026-02-27 09:47:00,40,61.98
2535,333,158,5,2026-02-27 10:01:00,27,45.15
10723,421,188,125,2026-02-27 10:03:00,21,33.4
1390,218,51,263,2026-02-27 10:06:00,39,60.21
17585,444,211,196,2026-02-27 10:17:00,19,31.47
14651,93,254,68,2026-02-27 10:18:00,24,38.03
17695,79,124,194,2026-02-27 10:31:00,34,51.35
6244,43,186,170,2026-02-27 10:32:00,11,16.38
9865,174,189,42,2026-02-27 10:32:00,53,82.69
7891,369,128,132,2026-02-27 10:50:00,52,82.01
8745,129,48,133,2026-02-27 10:57:00,6,11.38
19202,231,168,3,2026-02-27 11:08:00,49,76.21
8084,477,77,82,2026-02-27 11:08:00,47,72.67
17849,191,197,140,2026-02-27 11:12:00,48,73.02
14889,335,111,174,2026-02-27 11:21:00,26,40.53
11147,301,52,69,2026-02-27 11:23:00,51,79.92
14980,194,38,204,2026-02-27 11:24:00,32,51.5
8104,440,236,259,2026-02-27 11:35:00,37,54.43
10057,194,257,31,2026-02-27 11:41:00,10,18.84
17793,389,206,118,2026-02-27 11:43:00,59,92.49
19486,315,43,30,2026-02-27 11:45:00,8,15.39
916,464,213,115,2026-02-27 11:47:00,57,88.69
18890,169,179,61,2026-02-27 11:53:00,15,27.31
7364,176,74,94,2026-02-27 12:07:00,47,73.68
7090,410,190,145,2026-02-27 12:09:00,6,6.92
6172,373,17,217,2026-02-27 12:19:00,22,39.47
10616,180,72,32,2026-02-27 12:19:00,36,56.83
16327,276,95,15,2026-02-27 12:26:00,53,81.37
13827,157,112,136,2026-02-27 12:41:00,6,14.97
16717,168,245,113,2026-02-27 12:42:00,18,27.58
10165,227,154,141,2026-02-27 12:43:00,22,37.52
13113,362,159,165,2026-02-27 12:48:00,20,32.85
3857,136,155,170,2026-02-27 12:59:00,17,27.51
4330,31,147,113,2026-02-27 13:06:00,46,71.82
8492,337,93,232,2026-02-27 13:17:00,25,40.91
7818,438,217,151,2026-02-27 13:23:00,15,22.24
3994,405,194,148,2026-02-27 13:23:00,57,87.9
6581,7,223,110,2026-02-27 13:27:00,53,80.22
6585,240,164,147,2026-02-27 13:31:00,10,19.41
13646,172,236,194,2026-02-27 13:34:00,52,78.83
10070,333,112,187,2026-02-27 13:36:00,21,34.93
1680,12,212,119,2026-02-27 13:36:00,51,82.6
10902,468,138,86,2026-02-27 13:47:00,37,59.32
1206,168,61,87,2026-02-27 14:02:00,42,63.59
18521,237,98,108,2026-02-27 14:06:00,14,20.17
2896,59,181,112,2026-02-27 14:18:00,36,57.78
19347,403,165,251,2026-02-27 14:23:00,41,64.8
14004,257,81,113,2026-02-27 14:26:00,23,35.9
469,37,246,225,2026-02-27 14:29:00,6,11.47
9410,395,213,257,2026-02-27 14:32:00,16,29.1
14434,98,110,90,2026-02-27 14:40:00,18,28.05
9432,251,50,251,2026-02-27 14:52:00,9,14.33
14064,364,36,209,2026-02-27 14:55:00,53,83.98
13678,461,22,107,2026-02-27 14:55:00,35,55.59
16727,54,169,154,2026-02-27 14:55:00,14,23.63
12033,237,110,241,2026-02-27 14:56:00,51,81.03
9616,362,37,70,2026-02-27 15:00:00,19,28.21
1650,196,89,239,2026-02-27 15:05:00,54,83.27
8881,153,171,55,2026-02-27 15:13:00,54,84.09
7638,138,20,114,2026-02-27 15:15:00,50,75.89
9691,88,242,109,2026-02-27 15:17:00,6,10.39
1806,293,152,163,2026-02-27 15:17:00,36,59.35
4770,342,182,20,2026-02-27 15:28:00,10,17.87
8812,413,132,110,2026-02-27 15:34:00,60,88.6
519,1,126,63,2026-02-27 15:47:00,48,74.66
11596,427,95,262,2026-02-27 15:52:00,11,19.57
10270,227,251,9,2026-02-27 16:03:00,57,85.82
17008,345,245,179,2026-02-27 16:06:00,51,77.18
11101,324,218,147,2026-02-27 16:16:00,40,64.04
14520,202,16,139,2026-02-27 16:30:00,40,62.31
2888,296,251,96,2026-02-27 16:37:00,24,36.55
19176,217,70,213,2026-02-27 16:43:00,43,65.98
16599,377,175,17,2026-02-27 16:59:00,22,35.85
906,270,158,213,2026-02-27 16:59:00,39,63.91
19850,230,50,202,2026-02-27 17:00:00,56,85.05
392,42,81,216,2026-02-27 17:15:00,8,14.43
13896,174,75,92,2026-02-27 17:30:00,13,23.9
6925,87,19,190,2026-02-27 17:32:00,33,54.08
16984,480,251,30,2026-02-27 17:32:00,23,37.47
10603,376,52,150,2026-02-27 17:45:00,32,48.86
11387,442,197,74,2026-02-27 17:52:00,32,51.36
167,81,179,103,2026-02-27 17:57:00,19,34.47
9119,246,138,196,2026-02-27 17:59:00,58,86.12
17852,138,36,38,2026-02-27 18:06:00,51,76.84
10863,472,72,185,2026-02-27 18:08:00,49,75.57
17135,23,70,122,2026-02-27 18:18:00,44,65.56
8634,367,203,206,2026-02-27 18:21:00,23,37.79
16102,46,145,178,2026-02-27 18:28:00,18,27.74
6791,37,105,257,2026-02-27 18:33:00,47,0.0
13362,415,13,155,2026-02-27 18:38:00,5,10.42
18148,495,32,167,2026-02-27 18:41:00,48,74.19
14413,149,208,245,2026-02-27 18:56:00,57,85.97
17798,328,61,6,2026-02-27 18:58:00,10,19.13
239,325,49,59,2026-02-27 19:04:00,20,34.57
377,217,19,239,2026-02-27 19:07:00,36,58.45
7368,3,53,10,2026-02-27 19:23:00,54,82.77
7152,56,166,95,2026-02-27 19:24:00,13,26.35
19424,470,131,228,2026-02-27 19:26:00,27,44.09
940,339,113,39,2026-02-27 19:33:00,24,40.36
6036,263,252,139,2026-02-27 19:41:00,19,31.07
1769,221,265,158,2026-02-27 19:52:00,16,27.67
4388,351,259,245,2026-02-27 20:01:00,53,81.07
15181,136,78,50,2026-02-27 20:07:00,37,59.89
19885,203,46,171,2026-02-27 20:14:00,21,37.9
8725,351,40,147,2026-02-27 20:14:00,30,47.5
9962,69,10,45,2026-02-27 20:22:00,9,18.17
5345,375,192,44,2026-02-27 20:32:00,6,12.24
12630,306,77,228,2026-02-27 20:41:00,28,44.98
85,425,10,185,2026-02-27 20:42:00,17,27.19
7970,217,66,158,2026-02-27 20:52:00,56,88.45
3171,229,127,118,2026-02-27 21:03:00,34,55.57
8091,447,66,243,2026-02-27 21:29:00,31,51.43
16116,393,48,30,2026-02-27 21:32:00,19,34.45
2184,344,30,147,2026-02-27 21:34:00,40,61.91
895,239,246,191,2026-02-27 21:38:00,26,42.64
15535,441,138,5,2026-02-27 21:47:00,35,52.27
13648,21,68,182,2026-02-27 21:47:00,29,51.15
6848,287,81,258,2026-02-27 21:48:00,29,43.38
5890,132,253,200,2026-02-27 22:13:00,5,10.52
6223,120,262,215,2026-02-27 22:18:00,7,14.37
2852,303,214,137,2026-02-27 22:25:00,54,83.62
6173,311,13,95,2026-02-27 22:32:00,42,66.65
14235,261,70,228,2026-02-27 22:36:00,52,79.81
2587,399,110,220,2026-02-27 22:39:00,11,17.01
8925,270,31,180,2026-02-27 22:40:00,52,83.44
19852,163,227,228,2026-02-27 22:41:00,18,27.57
19303,468,77,53,2026-02-27 22:42:00,47,75.25
2871,256,85,201,2026-02-27 22:49:00,56,88.21
5305,81,131,208,2026-02-27 22:55:00,17,25.96
18664,133,233,48,2026-02-27 23:05:00,6,11.96
8811,385,211,249,2026-02-27 23:08:00,45,69.91
10662,397,92,251,2026-02-27 23:12:00,52,82.48
3053,446,250,128,2026-02-27 23:13:00,33,52.52
5583,360,227,264,2026-02-27 23:14:00,15,21.49
17377,390,35,133,2026-02-27 23:33:00,49,78.78
4896,242,110,223,2026-02-27 23:34:00,52,82.09
6971,466,228,249,2026-02-27 23:38:00,41,63.84
2575,230,251,16,2026-02-27 23:40:00,24,38.05
15613,5,150,97,2026-02-27 23:43:00,35,52.51
13897,429,258,76,2026-02-27 23:57:00,31,50.76
17893,367,45,254,2026-02-28 00:02:00,53,76.7
7216,56,57,253,2026-02-28 00:14:00,54,85.31
12926,3,11,99,2026-02-28 00:20:00,5,8.18
8124,98,151,194,2026-02-28 00:22:00,48,75.84
11911,142,23,227,2026-02-28 00:23:00,27,43.57
1967,376,157,147,2026-02-28 00:23:00,25,37.83
7402,204,101,28,2026-02-28 00:24:00,45,67.68
3405,233,161,68,2026-02-28 00:28:00,17,27.68
2166,197,21,69,2026-02-28 00:38:00,57,86.59
11445,182,90,185,2026-02-28 00:38:00,48,75.53
13344,377,151,181,2026-02-28 00:40:00,31,51.88
2742,79,10,26,2026-02-28 00:42:00,57,88.31
2363,482,142,252,2026-02-28 00:48:00,12,21.13
12490,485,27,91,2026-02-28 00:49:00,55,82.41
10950,14,255,217,2026-02-28 01:13:00,24,38.51
10556,263,46,111,2026-02-28 01:14:00,60,92.12
9782,432,41,45,2026-02-28 01:16:00,34,51.43
9419,433,57,130,2026-02-28 01:16:00,21,38.6
14393,156,250,145,2026-02-28 01:16:00,56,85.79
16551,113,36,256,2026-02-28 01:20:00,12,18.87
585,471,201,221,2026-02-28 01:24:00,52,76.97
17800,402,134,265,2026-02-28 01:26:00,19,31.03
17068,254,65,252,2026-02-28 01:36:00,29,47.25
18450,98,198,10,2026-02-28 01:44:00,47,69.67
19488,52,55,245,2026-02-28 01:54:00,50,80.99
17938,200,121,90,2026-02-28 02:00:00,46,66.61
15675,72,218,174,2026-02-28 02:00:00,49,76.06
1719,454,160,169,2026-02-28 02:01:00,34,56.21
11130,212,211,194,2026-02-28 02:05:00,24,38.73
17922,312,111,37,2026-02-28 02:09:00,44,66.92
6920,227,257,263,2026-02-28 02:12:00,19,30.21
13954,148,154,192,2026-02-28 02:15:00,47,75.25
16094,243,72,56,2026-02-28 02:19:00,43,66.57
11635,193,71,49,2026-02-28 02:23:00,25,40.88
6369,344,192,139,2026-02-28 02:33:00,49,75.97
9434,3,83,53,2026-02-28 03:00:00,14,22.47
654,140,137,26,2026-02-28 03:00:00,48,74.32
8963,342,167,211,2026-02-28 03:04:00,27,42.79
3065,482,109,228,2026-02-28 03:10:00,46,75.55
10509,83,127,38,2026-02-28 03:11:00,27,40.94
4036,315,231,170,2026-02-28 03:15:00,7,16.11
4041,137,255,137,2026-02-28 03:25:00,14,26.79
16019,161,83,114,2026-02-28 03:30:00,8,13.61
616,83,60,59,2026-02-28 03:42:00,5,11.49
16425,107,65,22,2026-02-28 03:51:00,45,69.07
1303,47,208,114,2026-02-28 03:52:00,30,47.6
17276,161,115,31,2026-02-28 03:52:00,57,87.28
1740,19,146,196,2026-02-28 03:54:00,22,34.1
18554,340,153,16,2026-02-28 03:56:00,42,70.94
15872,417,132,79,2026-02-28 04:02:00,17,31.01
12301,146,231,132,2026-02-28 04:08:00,22,34.04
15733,188,213,23,2026-02-28 04:13:00,20,32.54
3190,8,106,207,2026-02-28 04:16:00,18,27.3
12568,274,38,230,2026-02-28 04:18:00,32,52.33
13490,261,153,54,2026-02-28 04:23:00,57,0.0
12069,418,1,114,2026-02-28 04:30:00,15,24.06
16017,38,64,55,2026-02-28 04:37:00,11,20.8
9937,225,140,81,2026-02-28 04:38:00,46,73.46
6479,273,167,210,2026-02-28 04:47:00,12,20.17
12480,326,101,136,2026-02-28 04:47:00,57,86.79
18142,49,174,91,2026-02-28 04:52:00,6,7.78
734,287,55,190,2026-02-28 04:57:00,17,27.71
15379,219,126,47,2026-02-28 05:02:00,24,39.92
8921,120,6,168,2026-02-28 05:04:00,8,14.65
19388,157,64,167,2026-02-28 05:06:00,30,47.66
18536,451,158,187,2026-02-28 05:09:00,34,54.38
16981,70,251,121,2026-02-28 05:20:00,31,45.69
2021,81,61,58,2026-02-28 05:28:00,46,72.22
17399,16,36,36,2026-02-28 05:32:00,30,45.92
3496,137,210,87,2026-02-28 05:39:00,59,95.64
15570,252,77,242,2026-02-28 05:39:00,60,89.62
6128,69,115,39,2026-02-28 05:43:00,41,62.06
15034,328,76,136,2026-02-28 05:45:00,48,73.4
8690,406,187,201,2026-02-28 05:49:00,11,20.26
4291,397,157,1,2026-02-28 05:56:00,25,40.86
16488,270,193,110,2026-02-28 06:00:00,57,92.71
8460,104,257,204,2026-02-28 06:02:00,18,32.7
17416,260,133,233,2026-02-28 06:04:00,40,59.63
14489,140,214,56,2026-02-28 06:09:00,9,16.48
14036,10,123,99,2026-02-28 06:09:00,5,10.06
16537,332,65,51,2026-02-28 06:12:00,30,48.31
12884,258,241,157,2026-02-28 06:16:00,10,20.29
1255,479,38,78,2026-02-28 06:18:00,55,83.94
6383,268,176,65,2026-02-28 06:36:00,43,65.66
18865,38,14,47,2026-02-28 06:48:00,47,75.63
16125,472,20,246,2026-02-28 07:19:00,7,12.28
17724,320,160,145,2026-02-28 07:26:00,42,67.11
12406,30,147,243,2026-02-28 07:28:00,56,86.21
6637,441,182,151,2026-02-28 07:33:00,30,50.54
6185,127,95,231,2026-02-28 07:34:00,27,42.38
10998,299,15,7,2026-02-28 07:34:00,16,22.49
11597,145,236,70,2026-02-28 07:36:00,17,31.16
7582,56,73,68,2026-02-28 07:37:00,45,71.09
860,188,4,160,2026-02-28 07:38:00,54,82.7
1386,488,97,142,2026-02-28 07:39:00,43,65.16
12654,304,191,189,2026-02-28 07:39:00,58,89.45
10832,246,60,219,2026-02-28 07:46:00,41,66.5
14890,475,224,18,2026-02-28 07:51:00,50,76.14
8167,198,35,37,2026-02-28 07:56:00,40,63.44
9895,337,139,39,2026-02-28 07:59:00,57,90.52
5100,438,71,77,2026-02-28 08:00:00,18,33.47
12830,441,122,9,2026-02-28 08:04:00,10,14.92
19378,462,98,99,2026-02-28 08:09:00,54,82.07
19648,275,61,43,2026-02-28 08:33:00,16,27.87
7438,337,145,169,2026-02-28 08:34:00,21,37.62
442,140,199,42,2026-02-28 08:35:00,25,42.06
3862,212,144,31,2026-02-28 08:47:00,35,52.67
17919,383,189,84,2026-02-28 08:54:00,5,12.13
11028,272,21,238,2026-02-28 08:56:00,35,57.61
7453,268,41,20,2026-02-28 08:57:00,43,69.62
15723,60,75,218,2026-02-28 08:57:00,47,73.63
18629,90,100,68,2026-02-28 09:05:00,28,45.17
19701,5,129,131,2026-02-28 09:10:00,47,74.71
17648,285,112,194,2026-02-28 09:15:00,10,18.58
9517,361,50,50,2026-02-28 09:27:00,46,75.15
3164,234,237,130,2026-02-28 09:28:00,37,57.63
11707,455,57,251,2026-02-28 09:29:00,58,87.72
16996,161,229,195,2026-02-28 09:31:00,35,50.38
11497,409,246,204,2026-02-28 09:36:00,27,40.74
6862,360,100,12,2026-02-28 09:37:00,35,54.11
5016,33,232,118,2026-02-28 09:49:00,26,42.15
19335,291,164,263,2026-02-28 09:51:00,10,17.4
12222,147,93,67,2026-02-28 10:07:00,29,47.82
9464,62,252,72,2026-02-28 10:08:00,47,74.9
17301,5,244,185,2026-02-28 10:32:00,22,33.95
9220,164,116,125,2026-02-28 10:49:00,24,41.56
12418,222,74,196,2026-02-28 10:53:00,52,83.23
14490,458,30,96,2026-02-28 10:59:00,57,90.69
1987,409,114,171,2026-02-28 11:27:00,35,55.64
10866,183,50,211,2026-02-28 11:27:00,18,30.95
12311,91,221,139,2026-02-28 11:28:00,43,65.69
1965,155,70,253,2026-02-28 11:29:00,59,89.04
125,128,153,176,2026-02-28 11:36:00,8,16.85
19044,257,84,180,2026-02-28 11:49:00,14,24.25
17547,423,11,132,2026-02-28 11:50:00,23,35.6
9189,461,206,173,2026-02-28 12:14:00,19,28.11
2478,454,86,261,2026-02-28 12:22:00,34,51.98
2246,118,158,23,2026-02-28 12:24:00,30,50.33
16242,321,192,89,2026-02-28 12:28:00,12,20.7
18794,219,48,262,2026-02-28 12:38:00,43,68.77
15149,80,94,212,2026-02-28 12:59:00,32,51.42
7238,422,121,16,2026-02-28 13:05:00,13,25.51
15164,451,42,94,2026-02-28 13:15:00,43,68.69
13805,291,215,2,2026-02-28 13:16:00,44,70.57
5979,123,241,230,2026-02-28 13:19:00,17,31.57
5289,468,44,98,2026-02-28 13:22:00,37,58.77
9170,13,222,179,2026-02-28 13:37:00,12,20.17
11325,468,20,89,2026-02-28 13:40:00,14,23.77
3906,341,253,116,2026-02-28 14:04:00,39,61.1
3387,381,204,93,2026-02-28 14:16:00,23,36.34
11790,390,167,193,2026-02-28 14:18:00,36,58.81
10145,354,186,187,2026-02-28 14:37:00,14,23.64
8541,45,2,43,2026-02-28 14:45:00,44,68.65
15388,396,46,209,2026-02-28 14:51:00,40,62.79
19280,326,57,62,2026-02-28 14:51:00,59,92.1
1135,391,92,177,2026-02-28 14:54:00,58,87.42
7229,86,115,127,2026-02-28 14:59:00,17,32.3
15340,391,41,196,2026-02-28 15:04:00,44,71.0
4095,241,85,31,2026-02-28 15:19:00,48,77.16
8560,42,197,154,2026-02-28 15:31:00,59,87.95
12131,427,22,175,2026-02-28 15:34:00,8,12.52
13446,96,235,44,2026-02-28 15:37:00,43,71.82
9409,32,99,257,2026-02-28 15:42:00,35,52.58
16384,375,45,265,2026-02-28 15:48:00,58,89.51
16450,85,63,97,2026-02-28 15:58:00,18,30.8
12258,435,17,235,2026-02-28 16:04:00,49,79.18
7690,369,47,247,2026-02-28 16:06:00,40,62.52
11604,384,10,138,2026-02-28 16:08:00,48,74.6
7168,48,199,200,2026-02-28 16:12:00,16,24.28
1284,399,119,201,2026-02-28 16:41:00,21,32.56
17167,406,259,142,2026-02-28 16:44:00,54,82.62
11405,239,244,107,2026-02-28 17:20:00,58,89.79
13645,236,113,187,2026-02-28 17:36:00,26,41.28
12616,303,109,251,2026-02-28 17:42:00,10,14.52
5285,61,209,225,2026-02-28 17:43:00,7,11.91
1077,170,247,237,2026-02-28 17:53:00,13,23.45
12399,217,183,129,2026-02-28 17:59:00,14,21.59
17628,85,219,12,2026-02-28 18:03:00,56,86.42
13774,13,64,177,2026-02-28 18:03:00,42,64.73
6220,351,202,137,2026-02-28 18:15:00,58,90.29
14447,63,205,209,2026-02-28 18:21:00,20,35.87
11904,131,158,176,2026-02-28 18:34:00,44,66.29
12776,223,42,40,2026-02-28 18:53:00,16,26.87
19408,40,256,48,2026-02-28 18:56:00,32,54.65
15608,131,29,60,2026-02-28 19:03:00,13,24.0
11939,14,136,140,2026-02-28 19:09:00,10,17.75
915,415,189,99,2026-02-28 19:13:00,60,91.63
19857,81,244,205,2026-02-28 19:23:00,52,81.57
18444,97,150,112,2026-02-28 19:26:00,25,37.33
14858,333,73,28,2026-02-28 19:30:00,43,66.1
18924,315,253,25,2026-02-28 19:59:00,7,13.47
2702,233,140,28,2026-02-28 20:01:00,54,82.2
19350,63,60,172,2026-02-28 20:07:00,53,85.44
4122,279,229,252,2026-02-28 20:09:00,42,67.83
13555,465,21,257,2026-02-28 20:41:00,29,46.24
7763,234,18,153,2026-02-28 20:54:00,30,46.83
11538,391,183,25,2026-02-28 21:01:00,16,27.67
19217,453,265,8,2026-02-28 21:03:00,10,16.77
4538,230,235,25,2026-02-28 21:14:00,19,32.76
19385,202,83,212,2026-02-28 21:23:00,33,52.97
18571,341,198,102,2026-02-28 21:26:00,50,80.29
11557,310,265,13,2026-02-28 21:28:00,44,67.93
5045,88,194,51,2026-02-28 21:29:00,40,62.16
15209,82,114,40,2026-02-28 21:31:00,48,76.14
13146,346,80,150,2026-02-28 21:32:00,9,15.6
15620,46,198,222,2026-02-28 21:39:00,60,95.15
12052,411,123,197,2026-02-28 21:42:00,56,87.74
565,232,162,112,2026-02-28 21:45:00,32,51.88
15738,158,169,37,2026-02-28 21:45:00,18,32.27
10088,320,230,151,2026-02-28 21:46:00,54,83.56
3352,151,126,205,2026-02-28 21:51:00,28,47.24
11565,63,218,165,2026-02-28 21:58:00,29,42.67
11677,374,27,214,2026-02-28 21:59:00,53,82.62
3469,110,121,76,2026-02-28 22:05:00,27,43.55
7971,11,212,94,2026-02-28 22:13:00,16,28.37
17059,99,150,72,2026-02-28 22:35:00,59,91.65
349,82,157,66,2026-02-28 22:39:00,59,90.42
6210,351,249,19,2026-02-28 22:41:00,31,47.78
9860,10,205,201,2026-02-28 22:43:00,29,43.78
8045,58,265,58,2026-02-28 22:48:00,11,19.53
7635,52,176,81,2026-02-28 22:59:00,37,59.98
14124,476,149,251,2026-02-28 23:00:00,29,46.45
5042,343,25,131,2026-02-28 23:06:00,60,94.81
6340,397,106,39,2026-02-28 23:08:00,45,68.89
3127,133,199,52,2026-02-28 23:16:00,55,85.44
7013,446,193,238,2026-02-28 23:20:00,34,52.2
5094,362,190,205,2026-02-28 23:25:00,60,94.01
9973,318,111,35,2026-02-28 23:30:00,60,90.14
8938,305,23,46,2026-02-28 23:38:00,47,73.87
19477,7,150,209,2026-02-28 23:45:00,10,17.12
14080,400,98,139,2026-02-28 23:53:00,58,89.48
18607,102,194,218,2026-02-28 23:55:00,8,13.86
